timestamp,price,divergence,absorption,imbalance,cum_delta,direccion,confluencia,evento
2026-07-09 08:00:01,4117.4,NONE,NONE,NONE,286,NONE,0,-
2026-07-09 08:01:01,4121.4,BULLISH,NONE,NONE,373,BUY,1,ABRE BUY
2026-07-09 08:02:01,4120.0,BEARISH,NONE,NONE,428,SELL,1,-
2026-07-09 08:03:01,4120.9,NONE,NONE,NONE,459,NONE,0,-
2026-07-09 08:04:01,4121.6,NONE,NONE,NONE,509,NONE,0,-
2026-07-09 08:05:01,4121.4,NONE,NONE,NONE,524,NONE,0,-
2026-07-09 08:06:01,4122.8,NONE,NONE,NONE,633,NONE,0,-
2026-07-09 08:07:01,4123.6,NONE,NONE,NONE,646,NONE,0,-
2026-07-09 08:08:01,4122.3,NONE,NONE,NONE,613,NONE,0,-
2026-07-09 08:09:01,4126.3,BEARISH,NONE,NONE,619,SELL,1,-
2026-07-09 08:10:01,4125.9,NONE,NONE,NONE,537,NONE,0,-
2026-07-09 08:11:01,4126.5,BEARISH,NONE,NONE,586,SELL,1,-
2026-07-09 08:12:01,4127.4,NONE,NONE,NONE,562,NONE,0,-
2026-07-09 08:13:01,4126.8,NONE,NONE,NONE,572,NONE,0,-
2026-07-09 08:14:01,4129.4,BEARISH,NONE,NONE,589,SELL,1,-
2026-07-09 08:15:01,4130.4,BEARISH,NONE,NONE,572,SELL,1,-
2026-07-09 08:16:01,4132.1,NONE,NONE,NONE,656,NONE,0,-
2026-07-09 08:17:01,4134.6,NONE,NONE,NONE,669,NONE,0,-
2026-07-09 08:18:01,4135.7,NONE,NONE,NONE,712,NONE,0,-
2026-07-09 08:19:01,4133.7,NONE,NONE,NONE,658,NONE,0,-
2026-07-09 08:20:01,4130.2,NONE,NONE,NONE,524,NONE,0,-
2026-07-09 08:21:01,4129.8,NONE,NONE,NONE,469,NONE,0,-
2026-07-09 08:22:01,4130.8,NONE,NONE,NONE,498,NONE,0,-
2026-07-09 08:23:01,4130.9,NONE,NONE,NONE,488,NONE,0,-
2026-07-09 08:24:01,4134.7,NONE,NONE,NONE,567,NONE,0,-
2026-07-09 08:25:01,4135.3,BEARISH,NONE,NONE,548,SELL,1,-
2026-07-09 08:26:01,4135.0,BEARISH,NONE,NONE,542,SELL,1,-
2026-07-09 08:27:01,4134.2,NONE,NONE,NONE,518,NONE,0,-
2026-07-09 08:28:01,4134.3,NONE,NONE,NONE,487,NONE,0,-
2026-07-09 08:29:01,4136.6,NONE,NONE,NONE,544,NONE,0,-
2026-07-09 08:30:01,4136.1,NONE,NONE,NONE,492,NONE,0,-
2026-07-09 08:31:02,4131.5,NONE,NONE,NONE,439,NONE,0,-
2026-07-09 08:32:01,4131.5,NONE,NONE,NONE,464,NONE,0,-
2026-07-09 08:33:01,4135.1,NONE,NONE,NONE,485,NONE,0,-
2026-07-09 08:34:01,4134.3,NONE,NONE,NONE,493,NONE,0,-
2026-07-09 08:35:01,4135.5,NONE,NONE,SELL,615,SELL,1,-
2026-07-09 08:36:01,4134.3,NONE,NONE,SELL,595,SELL,1,-
2026-07-09 08:37:01,4133.2,NONE,NONE,SELL,591,SELL,1,-
2026-07-09 08:38:01,4133.2,NONE,NONE,SELL,603,SELL,1,-
2026-07-09 08:39:01,4137.0,NONE,NONE,SELL,670,SELL,1,-
2026-07-09 08:40:01,4135.1,NONE,NONE,SELL,661,SELL,1,-
2026-07-09 08:41:01,4133.0,NONE,NONE,SELL,512,SELL,1,-
2026-07-09 08:42:01,4132.2,NONE,NONE,SELL,492,SELL,1,-
2026-07-09 08:43:01,4135.3,NONE,NONE,SELL,413,SELL,1,-
2026-07-09 08:44:01,4134.9,NONE,NONE,SELL,401,SELL,1,-
2026-07-09 08:45:01,4137.5,BEARISH,NONE,SELL,444,SELL,2,-
2026-07-09 08:46:01,4135.6,NONE,NONE,SELL,363,SELL,1,-
2026-07-09 08:47:01,4132.6,NONE,NONE,SELL,255,SELL,1,-
2026-07-09 08:48:01,4132.9,NONE,NONE,SELL,250,SELL,1,-
2026-07-09 08:49:01,4132.1,NONE,NONE,SELL,283,SELL,1,-
2026-07-09 08:50:01,4133.4,NONE,NONE,SELL,265,SELL,1,-
2026-07-09 08:51:01,4131.1,NONE,NONE,SELL,229,SELL,1,-
2026-07-09 08:52:01,4135.1,BULLISH,NONE,SELL,384,NONE,0,-
2026-07-09 08:53:01,4134.9,NONE,NONE,SELL,415,SELL,1,-
2026-07-09 08:54:01,4132.7,NONE,NONE,SELL,384,SELL,1,-
2026-07-09 08:55:01,4128.5,BULLISH,NONE,SELL,231,NONE,0,-
2026-07-09 08:56:01,4129.5,NONE,NONE,SELL,181,SELL,1,-
2026-07-09 08:57:01,4128.2,NONE,NONE,SELL,56,SELL,1,-
2026-07-09 08:58:01,4130.6,BULLISH,NONE,SELL,126,NONE,0,-
2026-07-09 08:59:01,4129.3,NONE,NONE,SELL,117,SELL,1,-
2026-07-09 09:00:01,4131.3,NONE,NONE,SELL,112,SELL,1,-
2026-07-09 09:01:01,4137.7,NONE,NONE,SELL,415,SELL,1,-
2026-07-09 09:02:01,4138.4,NONE,NONE,SELL,775,SELL,1,-
2026-07-09 09:03:01,4139.2,NONE,NONE,SELL,752,SELL,1,-
2026-07-09 09:04:01,4142.3,NONE,NONE,SELL,666,SELL,1,ABRE SELL
2026-07-09 09:05:01,4141.1,NONE,NONE,SELL,784,SELL,1,-
2026-07-09 09:06:01,4144.7,NONE,NONE,SELL,1160,SELL,1,-
2026-07-09 09:07:01,4140.5,NONE,NONE,SELL,999,SELL,1,-
2026-07-09 09:08:01,4138.6,BULLISH,NONE,SELL,913,NONE,0,-
2026-07-09 09:09:01,4137.4,NONE,NONE,SELL,835,SELL,1,-
2026-07-09 09:10:01,4136.5,BULLISH,NONE,SELL,817,NONE,0,-
2026-07-09 09:11:01,4131.2,NONE,NONE,SELL,537,SELL,1,-
2026-07-09 09:12:01,4132.6,NONE,NONE,SELL,490,SELL,1,-
2026-07-09 09:13:01,4131.3,NONE,NONE,SELL,371,SELL,1,-
2026-07-09 09:14:01,4132.1,NONE,NONE,SELL,383,SELL,1,-
2026-07-09 09:15:01,4132.1,NONE,NONE,SELL,506,SELL,1,-
2026-07-09 09:16:01,4126.9,NONE,NONE,SELL,150,SELL,1,-
2026-07-09 09:17:01,4130.1,BULLISH,NONE,SELL,308,NONE,0,-
2026-07-09 09:18:01,4128.6,NONE,NONE,SELL,294,SELL,1,-
2026-07-09 09:19:01,4129.1,NONE,NONE,SELL,286,SELL,1,-
2026-07-09 09:20:01,4126.8,NONE,NONE,SELL,240,SELL,1,-
2026-07-09 09:21:01,4124.7,NONE,NONE,SELL,139,SELL,1,-
2026-07-09 09:22:01,4126.5,NONE,NONE,SELL,159,SELL,1,-
2026-07-09 09:23:01,4128.4,NONE,NONE,SELL,235,SELL,1,-
2026-07-09 09:24:01,4132.0,NONE,NONE,SELL,396,SELL,1,-
2026-07-09 09:25:01,4132.7,NONE,NONE,SELL,445,SELL,1,-
2026-07-09 09:26:01,4133.1,NONE,NONE,SELL,582,SELL,1,-
2026-07-09 09:27:01,4131.4,NONE,NONE,SELL,479,SELL,1,-
2026-07-09 09:28:01,4133.6,NONE,NONE,SELL,467,SELL,1,-
2026-07-09 09:29:01,4134.9,NONE,NONE,SELL,480,SELL,1,-
2026-07-09 09:30:01,4134.3,NONE,NONE,SELL,494,SELL,1,-
2026-07-09 09:31:01,4133.6,NONE,NONE,SELL,483,SELL,1,-
2026-07-09 09:32:01,4131.3,NONE,NONE,SELL,406,SELL,1,-
2026-07-09 09:33:01,4132.6,NONE,NONE,SELL,389,SELL,1,-
2026-07-09 09:34:01,4131.6,NONE,NONE,SELL,359,SELL,1,-
2026-07-09 09:35:01,4134.3,NONE,NONE,SELL,422,SELL,1,-
2026-07-09 09:36:01,4136.4,NONE,NONE,SELL,598,SELL,1,-
2026-07-09 09:37:01,4134.4,NONE,NONE,SELL,514,SELL,1,-
2026-07-09 09:38:01,4133.5,NONE,NONE,SELL,458,SELL,1,-
2026-07-09 09:39:01,4133.0,NONE,NONE,SELL,442,SELL,1,-
2026-07-09 09:40:01,4132.8,BULLISH,NONE,SELL,420,NONE,0,-
2026-07-09 09:41:01,4131.4,NONE,NONE,SELL,353,SELL,1,-
2026-07-09 09:42:01,4131.5,NONE,NONE,SELL,390,SELL,1,-
2026-07-09 09:43:01,4132.7,NONE,NONE,SELL,414,SELL,1,-
2026-07-09 09:44:01,4132.2,NONE,NONE,SELL,459,SELL,1,-
2026-07-09 09:45:01,4134.0,NONE,NONE,SELL,466,SELL,1,-
2026-07-09 09:46:01,4132.7,NONE,NONE,SELL,490,SELL,1,-
2026-07-09 09:47:01,4133.7,NONE,NONE,SELL,491,SELL,1,-
2026-07-09 09:48:01,4131.5,BULLISH,NONE,SELL,451,NONE,0,-
2026-07-09 09:49:01,4131.6,NONE,NONE,SELL,443,SELL,1,-
2026-07-09 09:50:01,4129.4,NONE,NONE,SELL,303,SELL,1,-
2026-07-09 09:51:01,4131.1,NONE,NONE,SELL,276,SELL,1,-
2026-07-09 09:52:01,4129.6,NONE,NONE,SELL,268,SELL,1,-
2026-07-09 09:53:01,4130.2,NONE,NONE,SELL,238,SELL,1,-
2026-07-09 09:54:01,4132.1,BEARISH,NONE,SELL,316,SELL,2,-
2026-07-09 09:55:01,4134.1,NONE,NONE,SELL,375,SELL,1,-
2026-07-09 09:56:01,4134.2,NONE,NONE,SELL,426,SELL,1,-
2026-07-09 09:57:01,4133.0,NONE,NONE,SELL,449,SELL,1,-
2026-07-09 09:58:01,4133.9,NONE,NONE,SELL,450,SELL,1,-
2026-07-09 09:59:01,4137.2,NONE,NONE,SELL,566,SELL,1,-
2026-07-09 10:00:01,4137.5,NONE,NONE,SELL,587,SELL,1,-
2026-07-09 10:01:01,4136.7,NONE,NONE,SELL,599,SELL,1,-
2026-07-09 10:02:01,4136.8,NONE,NONE,SELL,577,SELL,1,-
2026-07-09 10:03:01,4135.0,NONE,NONE,SELL,543,SELL,1,-
2026-07-09 10:04:01,4136.1,NONE,NONE,SELL,536,SELL,1,-
2026-07-09 10:05:01,4136.2,NONE,NONE,SELL,537,SELL,1,-
2026-07-09 10:06:01,4135.6,NONE,NONE,SELL,546,SELL,1,-
2026-07-09 10:07:01,4140.6,NONE,NONE,SELL,738,SELL,1,-
2026-07-09 10:08:01,4138.2,NONE,NONE,SELL,703,SELL,1,-
2026-07-09 10:09:01,4137.0,NONE,NONE,SELL,675,SELL,1,-
2026-07-09 10:10:01,4136.4,NONE,NONE,SELL,685,SELL,1,-
2026-07-09 10:11:01,4136.0,NONE,NONE,SELL,679,SELL,1,-
2026-07-09 10:12:01,4135.4,NONE,NONE,SELL,632,SELL,1,-
2026-07-09 10:13:01,4135.4,NONE,NONE,SELL,656,SELL,1,-
2026-07-09 10:14:01,4135.8,NONE,NONE,SELL,646,SELL,1,-
2026-07-09 10:15:01,4135.0,NONE,NONE,SELL,698,SELL,1,-
2026-07-09 10:16:01,4135.6,NONE,NONE,SELL,715,SELL,1,-
2026-07-09 10:17:01,4136.6,NONE,NONE,SELL,717,SELL,1,-
2026-07-09 10:18:01,4136.0,NONE,NONE,SELL,699,SELL,1,-
2026-07-09 10:19:01,4136.5,NONE,NONE,SELL,717,SELL,1,-
2026-07-09 10:20:01,4136.9,NONE,NONE,SELL,740,SELL,1,-
2026-07-09 10:21:01,4136.9,NONE,NONE,SELL,731,SELL,1,-
2026-07-09 10:22:01,4136.1,BULLISH,NONE,SELL,744,NONE,0,-
2026-07-09 10:23:01,4137.2,NONE,NONE,SELL,734,SELL,1,-
2026-07-09 10:24:01,4138.4,NONE,NONE,SELL,747,SELL,1,-
2026-07-09 10:25:01,4139.5,NONE,NONE,SELL,766,SELL,1,-
2026-07-09 10:26:01,4138.9,NONE,NONE,SELL,777,SELL,1,-
2026-07-09 10:27:01,4139.5,NONE,NONE,SELL,817,SELL,1,-
2026-07-09 10:28:01,4140.0,NONE,NONE,SELL,848,SELL,1,-
2026-07-09 10:29:01,4138.3,NONE,NONE,SELL,847,SELL,1,-
2026-07-09 10:30:01,4137.9,BULLISH,NONE,SELL,892,NONE,0,-
2026-07-09 10:31:01,4136.9,BULLISH,NONE,SELL,883,NONE,0,-
2026-07-09 10:32:01,4136.8,BULLISH,NONE,SELL,888,NONE,0,-
2026-07-09 10:33:01,4137.5,NONE,NONE,SELL,835,SELL,1,-
2026-07-09 10:34:01,4137.2,NONE,NONE,SELL,855,SELL,1,-
2026-07-09 10:35:01,4137.1,NONE,NONE,SELL,858,SELL,1,-
2026-07-09 10:36:01,4136.9,NONE,NONE,SELL,847,SELL,1,-
2026-07-09 10:37:01,4137.1,NONE,NONE,SELL,862,SELL,1,-
2026-07-09 10:38:02,4137.0,NONE,NONE,SELL,858,SELL,1,-
2026-07-09 10:39:01,4139.7,NONE,NONE,SELL,911,SELL,1,-
2026-07-09 10:40:01,4140.4,NONE,NONE,SELL,942,SELL,1,-
2026-07-09 10:41:02,4139.6,BEARISH,NONE,SELL,918,SELL,2,-
2026-07-09 10:42:01,4140.0,BEARISH,NONE,SELL,972,SELL,2,-
2026-07-09 10:43:01,4139.1,NONE,NONE,SELL,967,SELL,1,-
2026-07-09 10:44:01,4140.3,NONE,NONE,SELL,999,SELL,1,-
2026-07-09 10:45:01,4140.0,NONE,NONE,SELL,987,SELL,1,-
2026-07-09 10:46:01,4141.6,BEARISH,NONE,SELL,983,SELL,2,-
2026-07-09 10:47:01,4142.0,NONE,NONE,SELL,1012,SELL,1,-
2026-07-09 10:48:01,4139.9,NONE,NONE,SELL,1034,SELL,1,-
2026-07-09 10:49:01,4139.7,NONE,NONE,SELL,1049,SELL,1,-
2026-07-09 10:50:01,4139.1,BULLISH,NONE,SELL,1046,NONE,0,-
2026-07-09 10:51:01,4139.1,BULLISH,NONE,SELL,1015,NONE,0,-
2026-07-09 10:52:01,4141.2,NONE,NONE,SELL,1080,SELL,1,-
2026-07-09 10:53:01,4139.3,NONE,NONE,SELL,1068,SELL,1,-
2026-07-09 10:54:01,4137.8,BULLISH,NONE,SELL,1048,NONE,0,-
2026-07-09 10:55:01,4136.6,BULLISH,NONE,SELL,945,NONE,0,-
2026-07-09 10:56:01,4136.5,NONE,NONE,SELL,936,SELL,1,-
2026-07-09 10:57:01,4138.0,NONE,NONE,SELL,941,SELL,1,-
2026-07-09 10:58:01,4137.7,NONE,NONE,SELL,943,SELL,1,-
2026-07-09 10:59:01,4137.4,NONE,NONE,SELL,942,SELL,1,-
2026-07-09 11:00:01,4136.6,NONE,NONE,SELL,925,SELL,1,-
2026-07-09 11:01:01,4137.3,NONE,NONE,SELL,929,SELL,1,-
2026-07-09 11:02:01,4139.4,BEARISH,NONE,SELL,933,SELL,2,-
2026-07-09 11:03:01,4138.6,BEARISH,NONE,SELL,922,SELL,2,-
2026-07-09 11:04:01,4137.6,NONE,NONE,SELL,914,SELL,1,-
2026-07-09 11:05:01,4135.9,NONE,NONE,SELL,861,SELL,1,-
2026-07-09 11:06:01,4136.0,NONE,NONE,SELL,890,SELL,1,-
2026-07-09 11:07:01,4137.0,NONE,NONE,SELL,896,SELL,1,-
2026-07-09 11:08:01,4137.3,NONE,NONE,SELL,884,SELL,1,-
2026-07-09 11:09:01,4137.4,NONE,NONE,SELL,883,SELL,1,-
2026-07-09 11:10:01,4138.3,NONE,NONE,SELL,909,SELL,1,-
2026-07-09 11:11:01,4139.5,NONE,NONE,SELL,930,SELL,1,-
2026-07-09 11:12:01,4139.7,BEARISH,NONE,SELL,909,SELL,2,-
2026-07-09 11:13:01,4138.5,NONE,NONE,SELL,839,SELL,1,-
2026-07-09 11:14:01,4140.7,NONE,NONE,SELL,971,SELL,1,-
2026-07-09 11:15:01,4140.0,NONE,NONE,SELL,962,SELL,1,-
2026-07-09 11:16:01,4142.1,NONE,NONE,SELL,978,SELL,1,-
2026-07-09 11:17:01,4142.0,NONE,NONE,SELL,1038,SELL,1,-
2026-07-09 11:18:01,4141.7,NONE,NONE,SELL,1006,SELL,1,-
2026-07-09 11:19:01,4140.1,NONE,NONE,SELL,1020,SELL,1,-
2026-07-09 11:20:01,4139.6,BULLISH,NONE,SELL,1023,NONE,0,-
2026-07-09 11:21:01,4140.0,BULLISH,NONE,SELL,1044,NONE,0,-
2026-07-09 11:22:01,4141.0,NONE,NONE,SELL,1049,SELL,1,-
2026-07-09 11:23:01,4140.3,NONE,NONE,SELL,1056,SELL,1,-
2026-07-09 11:24:01,4139.2,NONE,NONE,SELL,1034,SELL,1,-
2026-07-09 11:25:01,4140.5,NONE,NONE,SELL,1051,SELL,1,-
2026-07-09 11:26:01,4139.3,NONE,NONE,SELL,1041,SELL,1,-
2026-07-09 11:27:01,4139.2,NONE,NONE,SELL,1013,SELL,1,-
2026-07-09 11:28:01,4140.2,NONE,NONE,SELL,995,SELL,1,-
2026-07-09 11:29:01,4141.2,NONE,NONE,SELL,1009,SELL,1,-
2026-07-09 11:30:01,4142.6,BEARISH,NONE,SELL,1040,SELL,2,-
2026-07-09 11:31:01,4143.8,NONE,NONE,SELL,1153,SELL,1,-
2026-07-09 11:32:01,4144.9,NONE,NONE,SELL,1208,SELL,1,-
2026-07-09 11:33:01,4148.0,NONE,NONE,SELL,1459,SELL,1,-
2026-07-09 11:34:01,4146.1,NONE,NONE,SELL,1416,SELL,1,-
2026-07-09 11:35:01,4144.7,NONE,NONE,SELL,1426,SELL,1,-
2026-07-09 11:36:01,4144.2,NONE,NONE,SELL,1402,SELL,1,-
2026-07-09 11:37:01,4144.5,NONE,NONE,SELL,1420,SELL,1,-
2026-07-09 11:38:01,4144.2,NONE,NONE,SELL,1414,SELL,1,-
2026-07-09 11:39:01,4142.6,NONE,NONE,SELL,1370,SELL,1,-
2026-07-09 11:40:01,4142.3,NONE,NONE,SELL,1385,SELL,1,-
2026-07-09 11:41:01,4142.3,NONE,NONE,SELL,1381,SELL,1,-
2026-07-09 11:42:01,4142.7,NONE,NONE,SELL,1401,SELL,1,-
2026-07-09 11:43:01,4143.0,NONE,NONE,SELL,1425,SELL,1,-
2026-07-09 11:44:01,4143.7,NONE,NONE,SELL,1407,SELL,1,-
2026-07-09 11:45:01,4143.3,NONE,NONE,SELL,1419,SELL,1,-
2026-07-09 11:46:01,4142.8,BEARISH,NONE,SELL,1408,SELL,2,-
2026-07-09 11:47:01,4142.8,NONE,NONE,SELL,1397,SELL,1,-
2026-07-09 11:48:01,4141.9,NONE,NONE,SELL,1389,SELL,1,-
2026-07-09 11:49:01,4142.6,NONE,NONE,SELL,1368,SELL,1,-
2026-07-09 11:50:01,4140.8,NONE,NONE,SELL,1310,SELL,1,-
2026-07-09 11:51:01,4142.1,NONE,NONE,SELL,1306,SELL,1,-
2026-07-09 11:52:01,4142.2,NONE,NONE,SELL,1316,SELL,1,-
2026-07-09 11:53:01,4142.2,NONE,NONE,SELL,1315,SELL,1,-
2026-07-09 11:54:01,4141.9,NONE,NONE,SELL,1302,SELL,1,-
2026-07-09 11:55:01,4143.2,NONE,NONE,SELL,1323,SELL,1,-
2026-07-09 11:56:01,4141.8,NONE,NONE,SELL,1319,SELL,1,-
2026-07-09 11:57:01,4141.8,NONE,NONE,SELL,1310,SELL,1,-
2026-07-09 11:58:01,4140.0,NONE,NONE,SELL,1219,SELL,1,-
2026-07-09 11:59:01,4139.4,NONE,NONE,SELL,1171,SELL,1,-
2026-07-09 12:00:01,4138.1,NONE,NONE,SELL,1103,SELL,1,-
2026-07-09 12:01:01,4136.0,NONE,NONE,SELL,1072,SELL,1,-
2026-07-09 12:02:01,4136.9,NONE,NONE,SELL,1068,SELL,1,-
2026-07-09 12:03:01,4138.3,NONE,NONE,SELL,1066,SELL,1,-
2026-07-09 12:04:01,4137.9,NONE,NONE,SELL,1050,SELL,1,-
2026-07-09 12:05:01,4138.1,NONE,NONE,SELL,1055,SELL,1,-
2026-07-09 12:06:01,4137.6,BEARISH,NONE,SELL,1038,SELL,2,-
2026-07-09 12:07:01,4137.0,BEARISH,NONE,SELL,1005,SELL,2,-
2026-07-09 12:08:01,4136.8,NONE,NONE,SELL,977,SELL,1,-
2026-07-09 12:09:01,4137.4,NONE,NONE,SELL,978,SELL,1,-
2026-07-09 12:10:01,4137.4,NONE,NONE,SELL,984,SELL,1,-
2026-07-09 12:11:01,4135.5,NONE,NONE,SELL,901,SELL,1,-
2026-07-09 12:12:01,4136.5,NONE,NONE,SELL,918,SELL,1,-
2026-07-09 12:13:01,4136.8,NONE,NONE,SELL,914,SELL,1,-
2026-07-09 12:14:01,4137.0,NONE,NONE,SELL,910,SELL,1,-
2026-07-09 12:15:01,4137.4,BEARISH,NONE,SELL,924,SELL,2,-
2026-07-09 12:16:01,4135.7,NONE,NONE,SELL,905,SELL,1,-
2026-07-09 12:17:01,4135.5,NONE,NONE,SELL,914,SELL,1,-
2026-07-09 12:18:01,4135.4,NONE,NONE,SELL,847,SELL,1,-
2026-07-09 12:19:01,4135.9,NONE,NONE,SELL,850,SELL,1,-
2026-07-09 12:20:01,4136.6,NONE,NONE,SELL,869,SELL,1,-
2026-07-09 12:21:01,4136.7,NONE,NONE,SELL,884,SELL,1,-
2026-07-09 12:22:01,4135.7,NONE,NONE,SELL,891,SELL,1,-
2026-07-09 12:23:01,4135.6,BEARISH,NONE,SELL,882,SELL,2,-
2026-07-09 12:24:01,4137.3,NONE,NONE,SELL,888,SELL,1,-
2026-07-09 12:25:01,4137.9,NONE,NONE,SELL,917,SELL,1,-
2026-07-09 12:26:01,4136.4,NONE,NONE,SELL,948,SELL,1,-
2026-07-09 12:27:01,4136.9,NONE,NONE,SELL,981,SELL,1,-
2026-07-09 12:28:01,4137.6,NONE,NONE,SELL,982,SELL,1,-
2026-07-09 12:29:01,4138.5,NONE,NONE,SELL,981,SELL,1,-
2026-07-09 12:30:01,4141.8,NONE,NONE,SELL,1151,SELL,1,-
2026-07-09 12:31:01,4142.3,NONE,NONE,SELL,1255,SELL,1,-
2026-07-09 12:32:01,4142.8,NONE,NONE,SELL,1207,SELL,1,-
2026-07-09 12:33:01,4139.8,NONE,NONE,SELL,1199,SELL,1,-
2026-07-09 12:34:01,4140.1,NONE,NONE,SELL,1174,SELL,1,-
2026-07-09 12:35:01,4139.7,NONE,NONE,SELL,1179,SELL,1,-
2026-07-09 12:36:01,4140.8,NONE,NONE,SELL,1190,SELL,1,-
2026-07-09 12:37:01,4141.4,NONE,NONE,SELL,1236,SELL,1,-
2026-07-09 12:38:01,4142.7,NONE,NONE,SELL,1281,SELL,1,-
2026-07-09 12:39:01,4144.0,NONE,NONE,SELL,1295,SELL,1,-
2026-07-09 12:40:02,4143.2,NONE,NONE,SELL,1311,SELL,1,-
2026-07-09 12:41:01,4142.2,NONE,NONE,SELL,1325,SELL,1,-
2026-07-09 12:42:01,4142.9,NONE,NONE,SELL,1325,SELL,1,-
2026-07-09 12:43:01,4143.3,NONE,NONE,SELL,1325,SELL,1,-
2026-07-09 12:44:01,4142.7,NONE,NONE,SELL,1275,SELL,1,-
2026-07-09 12:45:01,4142.0,NONE,NONE,SELL,1256,SELL,1,-
2026-07-09 12:46:01,4143.4,NONE,NONE,SELL,1291,SELL,1,-
2026-07-09 12:47:01,4144.7,NONE,NONE,SELL,1335,SELL,1,-
2026-07-09 12:48:01,4146.9,NONE,NONE,SELL,1380,SELL,1,-
2026-07-09 12:49:01,4147.9,BEARISH,SELL,SELL,1377,SELL,3,-
2026-07-09 12:50:01,4146.0,NONE,NONE,SELL,1378,SELL,1,-
2026-07-09 12:51:01,4146.2,NONE,NONE,SELL,1421,SELL,1,-
2026-07-09 12:52:01,4146.9,NONE,NONE,SELL,1447,SELL,1,-
2026-07-09 12:53:01,4146.0,NONE,NONE,SELL,1454,SELL,1,-
2026-07-09 12:54:01,4145.2,NONE,NONE,SELL,1451,SELL,1,-
2026-07-09 12:55:01,4145.3,NONE,NONE,SELL,1433,SELL,1,-
2026-07-09 12:56:01,4144.8,NONE,NONE,SELL,1416,SELL,1,-
2026-07-09 12:57:01,4145.1,NONE,NONE,SELL,1426,SELL,1,-
2026-07-09 12:58:01,4145.2,NONE,NONE,SELL,1415,SELL,1,-
2026-07-09 12:59:01,4145.9,NONE,NONE,SELL,1350,SELL,1,-
2026-07-09 13:00:01,4146.2,NONE,NONE,SELL,1369,SELL,1,-
2026-07-09 13:01:01,4145.0,NONE,NONE,SELL,1403,SELL,1,-
2026-07-09 13:02:01,4144.4,NONE,NONE,SELL,1361,SELL,1,-
2026-07-09 13:03:01,4142.8,NONE,NONE,SELL,1306,SELL,1,-
2026-07-09 13:04:01,4142.0,BULLISH,NONE,SELL,1325,NONE,0,-
2026-07-09 13:05:01,4141.0,NONE,NONE,SELL,1256,SELL,1,-
2026-07-09 13:06:01,4140.2,NONE,NONE,SELL,1186,SELL,1,-
2026-07-09 13:07:01,4141.0,NONE,NONE,SELL,1236,SELL,1,-
2026-07-09 13:08:01,4141.6,NONE,NONE,SELL,1239,SELL,1,-
2026-07-09 13:09:01,4141.0,NONE,NONE,SELL,1236,SELL,1,-
2026-07-09 13:10:01,4140.3,NONE,NONE,SELL,1222,SELL,1,-
2026-07-09 13:11:01,4137.9,NONE,NONE,SELL,1132,SELL,1,-
2026-07-09 13:12:01,4137.7,NONE,NONE,SELL,1119,SELL,1,-
2026-07-09 13:13:01,4137.7,NONE,NONE,SELL,1143,SELL,1,-
2026-07-09 13:14:01,4138.1,NONE,NONE,SELL,1135,SELL,1,-
2026-07-09 13:15:01,4138.6,NONE,NONE,SELL,1167,SELL,1,-
2026-07-09 13:16:01,4137.5,NONE,NONE,SELL,1095,SELL,1,-
2026-07-09 13:17:01,4136.9,NONE,NONE,SELL,1082,SELL,1,-
2026-07-09 13:18:01,4137.0,NONE,NONE,SELL,1077,SELL,1,-
2026-07-09 13:19:01,4137.0,NONE,NONE,SELL,1062,SELL,1,-
2026-07-09 13:20:01,4136.9,NONE,NONE,SELL,1066,SELL,1,-
2026-07-09 13:21:01,4135.8,NONE,NONE,SELL,1030,SELL,1,-
2026-07-09 13:22:01,4136.4,BULLISH,NONE,SELL,1061,NONE,0,-
2026-07-09 13:23:01,4134.8,BULLISH,NONE,SELL,1048,NONE,0,-
2026-07-09 13:24:01,4134.4,BULLISH,NONE,SELL,988,NONE,0,-
2026-07-09 13:25:01,4134.7,NONE,NONE,SELL,979,SELL,1,-
2026-07-09 13:26:01,4133.6,NONE,NONE,SELL,915,SELL,1,-
2026-07-09 13:27:01,4134.3,NONE,NONE,SELL,912,SELL,1,-
2026-07-09 13:28:01,4133.7,NONE,NONE,SELL,918,SELL,1,-
2026-07-09 13:29:01,4133.7,NONE,NONE,SELL,927,SELL,1,-
2026-07-09 13:30:01,4133.6,NONE,NONE,SELL,932,SELL,1,-
2026-07-09 13:31:01,4133.1,NONE,NONE,SELL,894,SELL,1,-
2026-07-09 13:32:01,4132.9,NONE,NONE,SELL,892,SELL,1,-
2026-07-09 13:33:01,4133.0,NONE,NONE,SELL,892,SELL,1,-
2026-07-09 13:34:01,4134.2,NONE,NONE,SELL,940,SELL,1,-
2026-07-09 13:35:01,4133.9,NONE,NONE,SELL,1045,SELL,1,-
2026-07-09 13:36:01,4132.9,NONE,NONE,SELL,1068,SELL,1,-
2026-07-09 13:37:01,4133.5,NONE,NONE,SELL,1076,SELL,1,-
2026-07-09 13:38:01,4131.8,BULLISH,NONE,SELL,985,NONE,0,-
2026-07-09 13:39:01,4131.8,BULLISH,NONE,SELL,968,NONE,0,-
2026-07-09 13:40:01,4132.3,NONE,NONE,SELL,991,SELL,1,-
2026-07-09 13:41:01,4133.0,BEARISH,NONE,SELL,1046,SELL,2,-
2026-07-09 13:42:01,4134.3,BEARISH,NONE,SELL,886,SELL,2,-
2026-07-09 13:43:01,4134.8,BEARISH,NONE,SELL,955,SELL,2,-
2026-07-09 13:44:01,4134.3,BEARISH,NONE,SELL,937,SELL,2,-
2026-07-09 13:45:01,4134.9,NONE,NONE,SELL,972,SELL,1,-
2026-07-09 13:46:01,4134.5,NONE,NONE,SELL,921,SELL,1,-
2026-07-09 13:47:01,4134.4,NONE,NONE,SELL,937,SELL,1,-
2026-07-09 13:48:01,4134.3,NONE,NONE,SELL,951,SELL,1,-
2026-07-09 13:49:01,4134.2,NONE,NONE,SELL,969,SELL,1,-
2026-07-09 13:50:01,4133.9,NONE,NONE,SELL,965,SELL,1,-
2026-07-09 13:51:01,4133.5,NONE,NONE,SELL,965,SELL,1,-
2026-07-09 13:52:01,4132.8,NONE,NONE,SELL,934,SELL,1,-
2026-07-09 13:53:01,4133.1,NONE,NONE,SELL,938,SELL,1,-
2026-07-09 13:54:01,4133.1,NONE,NONE,SELL,930,SELL,1,-
2026-07-09 13:55:01,4133.4,NONE,NONE,SELL,944,SELL,1,-
2026-07-09 13:56:01,4133.1,NONE,NONE,SELL,953,SELL,1,-
2026-07-09 13:57:01,4134.6,NONE,NONE,SELL,979,SELL,1,-
2026-07-09 13:58:01,4134.5,NONE,NONE,SELL,989,SELL,1,-
2026-07-09 13:59:01,4134.8,NONE,NONE,SELL,1001,SELL,1,-
2026-07-09 14:00:01,4134.4,NONE,NONE,SELL,1009,SELL,1,-
2026-07-09 14:01:01,4135.7,NONE,NONE,SELL,1106,SELL,1,-
2026-07-09 14:02:01,4134.9,NONE,NONE,SELL,1154,SELL,1,-
2026-07-09 14:03:01,4133.9,BULLISH,NONE,SELL,1114,NONE,0,-
2026-07-09 14:04:01,4133.5,BULLISH,NONE,SELL,1115,NONE,0,-
2026-07-09 14:05:01,4134.1,BULLISH,NONE,SELL,1099,NONE,0,-
2026-07-09 14:06:01,4134.1,NONE,NONE,SELL,1119,SELL,1,-
2026-07-09 14:07:01,4134.8,NONE,NONE,SELL,1126,SELL,1,-
2026-07-09 14:08:01,4135.1,NONE,NONE,SELL,1133,SELL,1,-
2026-07-09 14:09:01,4134.6,NONE,NONE,SELL,1126,SELL,1,-
2026-07-09 14:10:01,4133.1,BULLISH,NONE,SELL,1098,NONE,0,-
2026-07-09 14:11:01,4133.2,NONE,NONE,SELL,1088,SELL,1,-
2026-07-09 14:12:01,4134.0,NONE,NONE,SELL,1091,SELL,1,-
2026-07-09 14:13:01,4133.5,NONE,NONE,SELL,1089,SELL,1,-
2026-07-09 14:14:01,4133.0,NONE,NONE,SELL,1049,SELL,1,-
2026-07-09 14:15:01,4134.0,NONE,NONE,SELL,1063,SELL,1,-
2026-07-09 14:16:01,4134.8,BEARISH,NONE,SELL,1069,SELL,2,-
2026-07-09 14:17:01,4133.6,BEARISH,NONE,SELL,1067,SELL,2,-
2026-07-09 14:18:01,4133.6,BEARISH,NONE,SELL,1075,SELL,2,-
2026-07-09 14:19:01,4133.8,NONE,NONE,SELL,1074,SELL,1,-
2026-07-09 14:20:01,4133.6,NONE,NONE,SELL,1071,SELL,1,-
2026-07-09 14:21:01,4133.4,NONE,NONE,SELL,1066,SELL,1,-
2026-07-09 14:22:01,4133.3,NONE,NONE,SELL,1059,SELL,1,-
2026-07-09 14:23:01,4132.7,NONE,NONE,SELL,1001,SELL,1,-
2026-07-09 14:24:01,4133.1,NONE,NONE,SELL,991,SELL,1,-
2026-07-09 14:25:01,4131.4,NONE,NONE,SELL,936,SELL,1,-
2026-07-09 14:26:01,4130.8,NONE,NONE,SELL,856,SELL,1,-
2026-07-09 14:27:01,4130.4,NONE,NONE,SELL,819,SELL,1,-
2026-07-09 14:28:01,4131.0,NONE,NONE,SELL,816,SELL,1,-
2026-07-09 14:29:01,4130.8,NONE,NONE,SELL,812,SELL,1,-
2026-07-09 14:30:01,4130.8,NONE,NONE,SELL,807,SELL,1,-
2026-07-09 14:31:01,4129.6,NONE,NONE,SELL,739,SELL,1,-
2026-07-09 14:32:01,4130.3,NONE,NONE,SELL,738,SELL,1,-
2026-07-09 14:33:01,4131.1,NONE,NONE,SELL,737,SELL,1,-
2026-07-09 14:34:01,4130.4,NONE,NONE,SELL,738,SELL,1,-
2026-07-09 14:35:01,4130.5,NONE,NONE,SELL,739,SELL,1,-
2026-07-09 14:36:01,4131.1,NONE,NONE,SELL,736,SELL,1,-
2026-07-09 14:37:01,4132.2,NONE,NONE,SELL,827,SELL,1,-
2026-07-09 14:38:01,4130.4,NONE,NONE,SELL,837,SELL,1,-
2026-07-09 14:39:01,4130.1,NONE,NONE,SELL,804,SELL,1,-
2026-07-09 14:40:01,4130.1,BULLISH,NONE,SELL,819,NONE,0,-
2026-07-09 14:41:01,4130.7,NONE,NONE,SELL,829,SELL,1,-
2026-07-09 14:42:01,4130.1,NONE,NONE,SELL,822,SELL,1,-
2026-07-09 14:43:01,4129.3,BULLISH,NONE,SELL,795,NONE,0,-
2026-07-09 14:44:01,4129.5,NONE,NONE,SELL,702,SELL,1,-
2026-07-09 14:45:01,4130.1,NONE,NONE,SELL,710,SELL,1,-
2026-07-09 14:46:01,4129.9,NONE,NONE,SELL,703,SELL,1,-
2026-07-09 14:47:01,4130.4,NONE,NONE,SELL,737,SELL,1,-
2026-07-09 14:48:01,4130.6,NONE,NONE,SELL,735,SELL,1,-
2026-07-09 14:49:01,4131.9,NONE,NONE,SELL,754,SELL,1,-
2026-07-09 14:50:01,4132.1,BEARISH,NONE,SELL,754,SELL,2,-
2026-07-09 14:51:01,4131.0,BEARISH,NONE,SELL,744,SELL,2,-
2026-07-09 14:52:01,4132.6,NONE,NONE,SELL,786,SELL,1,-
2026-07-09 14:53:01,4132.6,NONE,NONE,SELL,786,SELL,1,-
2026-07-09 14:54:01,4131.9,NONE,NONE,SELL,777,SELL,1,-
2026-07-09 14:55:01,4131.6,NONE,NONE,SELL,782,SELL,1,-
2026-07-09 14:56:01,4131.7,BULLISH,NONE,SELL,756,NONE,0,-
2026-07-09 14:57:01,4131.4,NONE,NONE,SELL,737,SELL,1,-
2026-07-09 14:58:01,4131.6,NONE,NONE,SELL,705,SELL,1,-
2026-07-09 14:59:01,4132.2,NONE,NONE,SELL,698,SELL,1,-
2026-07-09 15:00:01,4132.1,NONE,NONE,SELL,655,SELL,1,-
2026-07-09 15:01:01,4133.2,BEARISH,SELL,SELL,657,SELL,3,-
2026-07-09 15:02:01,4132.3,BEARISH,SELL,SELL,681,SELL,3,-
2026-07-09 15:03:01,4131.2,NONE,NONE,SELL,677,SELL,1,-
2026-07-09 15:04:01,4131.5,NONE,NONE,SELL,675,SELL,1,-
2026-07-09 15:05:01,4132.2,BULLISH,NONE,SELL,694,NONE,0,-
2026-07-09 15:06:01,4131.7,NONE,NONE,SELL,654,SELL,1,-
2026-07-09 15:07:01,4131.6,BULLISH,NONE,SELL,664,NONE,0,-
2026-07-09 15:08:01,4131.6,BULLISH,NONE,SELL,686,NONE,0,-
2026-07-09 15:09:01,4131.9,NONE,NONE,SELL,687,SELL,1,-
2026-07-09 15:10:01,4131.4,NONE,NONE,SELL,761,SELL,1,-
2026-07-09 15:11:01,4131.4,NONE,NONE,SELL,761,SELL,1,-
2026-07-09 15:12:01,4131.1,NONE,NONE,SELL,770,SELL,1,-
2026-07-09 15:13:01,4131.0,NONE,NONE,SELL,782,SELL,1,-
2026-07-09 15:14:01,4130.9,NONE,NONE,SELL,791,SELL,1,-
2026-07-09 15:15:01,4131.2,BULLISH,NONE,SELL,796,NONE,0,-
2026-07-09 15:16:01,4131.2,NONE,NONE,SELL,819,SELL,1,-
2026-07-09 15:17:01,4131.4,NONE,NONE,SELL,793,SELL,1,-
2026-07-09 15:18:01,4131.2,NONE,NONE,SELL,790,SELL,1,-
2026-07-09 15:19:01,4131.4,NONE,NONE,SELL,791,SELL,1,-
2026-07-09 15:20:01,4131.7,NONE,NONE,SELL,804,SELL,1,-
2026-07-09 15:21:01,4131.7,BEARISH,NONE,SELL,808,SELL,2,-
2026-07-09 15:22:01,4131.8,NONE,NONE,SELL,818,SELL,1,-
2026-07-09 15:23:01,4131.6,NONE,NONE,SELL,816,SELL,1,-
2026-07-09 15:24:01,4131.3,NONE,NONE,SELL,811,SELL,1,-
2026-07-09 15:25:01,4131.2,NONE,NONE,SELL,800,SELL,1,-
2026-07-09 15:26:01,4131.6,NONE,NONE,SELL,809,SELL,1,-
2026-07-09 15:27:01,4130.6,NONE,NONE,SELL,786,SELL,1,-
2026-07-09 15:28:01,4130.2,NONE,NONE,SELL,762,SELL,1,-
2026-07-09 15:29:01,4130.7,NONE,NONE,SELL,740,SELL,1,-
2026-07-09 15:30:01,4130.7,NONE,NONE,SELL,752,SELL,1,-
2026-07-09 15:31:01,4131.0,NONE,NONE,SELL,758,SELL,1,-
2026-07-09 15:32:01,4130.1,NONE,NONE,SELL,744,SELL,1,-
2026-07-09 15:33:01,4130.7,NONE,NONE,SELL,757,SELL,1,-
2026-07-09 15:34:01,4132.3,NONE,NONE,SELL,771,SELL,1,-
2026-07-09 15:35:01,4133.3,NONE,NONE,SELL,798,SELL,1,-
2026-07-09 15:36:01,4133.4,NONE,NONE,SELL,809,SELL,1,-
2026-07-09 15:37:01,4134.2,NONE,NONE,SELL,821,SELL,1,-
2026-07-09 15:38:01,4134.5,NONE,NONE,SELL,844,SELL,1,-
2026-07-09 15:39:01,4133.7,NONE,NONE,SELL,831,SELL,1,-
2026-07-09 15:40:01,4133.4,NONE,NONE,SELL,832,SELL,1,-
2026-07-09 15:41:01,4133.6,NONE,NONE,SELL,849,SELL,1,-
2026-07-09 15:42:01,4133.7,NONE,NONE,SELL,834,SELL,1,-
2026-07-09 15:43:01,4134.0,NONE,NONE,SELL,846,SELL,1,-
2026-07-09 15:44:01,4133.6,NONE,NONE,SELL,842,SELL,1,-
2026-07-09 15:45:01,4133.8,NONE,NONE,SELL,830,SELL,1,-
2026-07-09 15:46:01,4133.6,NONE,NONE,SELL,801,SELL,1,-
2026-07-09 15:47:01,4132.8,NONE,NONE,SELL,792,SELL,1,-
2026-07-09 15:48:01,4133.1,BULLISH,NONE,SELL,815,NONE,0,-
2026-07-09 15:49:01,4132.9,NONE,NONE,SELL,816,SELL,1,-
2026-07-09 15:50:01,4133.2,NONE,NONE,SELL,837,SELL,1,-
2026-07-09 15:51:01,4133.0,NONE,NONE,SELL,844,SELL,1,-
2026-07-09 15:52:01,4132.9,NONE,NONE,SELL,858,SELL,1,-
2026-07-09 15:53:01,4133.2,NONE,NONE,SELL,854,SELL,1,-
2026-07-09 15:54:01,4133.2,BEARISH,NONE,SELL,856,SELL,2,-
2026-07-09 15:55:01,4133.5,BEARISH,NONE,SELL,851,SELL,2,-
2026-07-09 15:56:01,4133.8,BEARISH,NONE,SELL,827,SELL,2,-
2026-07-09 15:57:01,4133.0,BEARISH,NONE,SELL,812,SELL,2,-
2026-07-09 15:58:01,4133.1,NONE,NONE,SELL,784,SELL,1,-
2026-07-09 15:59:01,4132.5,NONE,NONE,SELL,745,SELL,1,-
2026-07-13 08:00:01,4074.3,BEARISH,NONE,NONE,-1793,NONE,0,-
2026-07-13 08:01:02,4073.0,BEARISH,NONE,NONE,-1830,SELL,1,ABRE SELL
2026-07-13 08:02:02,4072.3,NONE,NONE,NONE,-1869,NONE,0,-
2026-07-13 08:03:02,4071.4,BULLISH,NONE,NONE,-1872,NONE,0,-
2026-07-13 08:04:02,4069.4,NONE,NONE,NONE,-2021,NONE,0,-
2026-07-13 08:05:02,4071.2,NONE,NONE,NONE,-1942,NONE,0,-
2026-07-13 08:06:02,4070.9,NONE,NONE,NONE,-1950,NONE,0,-
2026-07-13 08:07:02,4070.2,NONE,NONE,NONE,-1968,NONE,0,-
2026-07-13 08:08:02,4069.4,NONE,NONE,NONE,-1997,NONE,0,-
2026-07-13 08:09:02,4072.2,NONE,NONE,NONE,-1839,NONE,0,-
2026-07-13 08:10:02,4071.5,NONE,NONE,NONE,-1852,NONE,0,-
2026-07-13 08:11:02,4068.3,BULLISH,NONE,NONE,-2001,NONE,0,-
2026-07-13 08:12:02,4067.6,NONE,NONE,NONE,-2002,NONE,0,-
2026-07-13 08:13:02,4068.4,NONE,NONE,NONE,-2018,NONE,0,-
2026-07-13 08:14:02,4069.3,NONE,NONE,NONE,-2007,NONE,0,-
2026-07-13 08:15:02,4069.6,NONE,NONE,NONE,-1970,NONE,0,-
2026-07-13 08:16:02,4067.7,NONE,NONE,NONE,-2036,NONE,0,-
2026-07-13 08:17:02,4067.8,NONE,NONE,NONE,-2016,NONE,0,-
2026-07-13 08:18:02,4067.1,NONE,NONE,NONE,-2023,NONE,0,-
2026-07-13 08:19:02,4068.7,NONE,NONE,NONE,-1954,NONE,0,-
2026-07-13 08:20:02,4068.6,NONE,NONE,NONE,-1930,NONE,0,-
2026-07-13 08:21:02,4069.3,NONE,NONE,NONE,-1893,NONE,0,-
2026-07-13 08:22:02,4069.8,NONE,NONE,NONE,-1872,NONE,0,-
2026-07-13 08:23:02,4070.4,NONE,NONE,NONE,-1859,NONE,0,-
2026-07-13 08:24:02,4069.3,NONE,NONE,NONE,-1856,NONE,0,-
2026-07-13 08:25:02,4069.7,NONE,NONE,NONE,-1866,NONE,0,-
2026-07-13 08:26:02,4069.3,NONE,NONE,NONE,-1868,NONE,0,CIERRE TIME(25m)
2026-07-13 08:27:02,4069.7,NONE,NONE,NONE,-1851,NONE,0,-
2026-07-13 08:28:02,4070.9,NONE,NONE,NONE,-1800,NONE,0,-
2026-07-13 08:29:02,4072.6,NONE,NONE,NONE,-1728,NONE,0,-
2026-07-13 08:30:02,4070.1,NONE,NONE,NONE,-1751,NONE,0,-
2026-07-13 08:31:02,4071.4,BULLISH,NONE,NONE,-1742,NONE,0,-
2026-07-13 08:32:02,4068.9,NONE,NONE,NONE,-1808,NONE,0,-
2026-07-13 08:33:02,4068.9,NONE,NONE,NONE,-1812,NONE,0,-
2026-07-13 08:34:02,4065.0,NONE,NONE,NONE,-1969,NONE,0,-
2026-07-13 08:35:02,4066.4,NONE,NONE,NONE,-1930,NONE,0,-
2026-07-13 08:36:02,4067.7,NONE,NONE,NONE,-1831,NONE,0,-
2026-07-13 08:37:02,4065.5,NONE,NONE,NONE,-1844,NONE,0,-
2026-07-13 08:38:02,4065.0,NONE,NONE,NONE,-1855,NONE,0,-
2026-07-13 08:39:02,4065.8,BULLISH,NONE,NONE,-1901,NONE,0,-
2026-07-13 08:40:02,4062.3,NONE,NONE,NONE,-1965,NONE,0,-
2026-07-13 08:41:02,4063.9,NONE,NONE,NONE,-2017,NONE,0,-
2026-07-13 08:42:02,4064.6,NONE,NONE,NONE,-1921,NONE,0,-
2026-07-13 08:43:02,4062.5,NONE,NONE,NONE,-1966,NONE,0,-
2026-07-13 08:44:02,4059.4,BULLISH,NONE,NONE,-2018,NONE,0,-
2026-07-13 08:45:02,4061.9,NONE,NONE,NONE,-1993,NONE,0,-
2026-07-13 08:46:02,4061.5,NONE,NONE,NONE,-2054,NONE,0,-
2026-07-13 08:47:02,4064.9,NONE,NONE,NONE,-1910,NONE,0,-
2026-07-13 08:48:02,4063.1,NONE,NONE,NONE,-1922,NONE,0,-
2026-07-13 08:49:02,4060.9,NONE,NONE,NONE,-1957,NONE,0,-
2026-07-13 08:50:02,4057.7,NONE,NONE,NONE,-2095,NONE,0,-
2026-07-13 08:51:02,4056.7,NONE,NONE,NONE,-2136,NONE,0,-
2026-07-13 08:52:02,4051.8,NONE,NONE,NONE,-2539,NONE,0,-
2026-07-13 08:53:02,4057.2,NONE,NONE,NONE,-2507,NONE,0,-
2026-07-13 08:54:02,4056.2,NONE,NONE,NONE,-2527,NONE,0,-
2026-07-13 08:55:02,4058.0,NONE,NONE,NONE,-2471,NONE,0,-
2026-07-13 08:56:02,4059.3,NONE,NONE,NONE,-2485,NONE,0,-
2026-07-13 08:57:02,4059.8,BEARISH,NONE,NONE,-2422,NONE,0,-
2026-07-13 08:58:02,4058.3,NONE,NONE,NONE,-2522,NONE,0,-
2026-07-13 08:59:02,4057.3,NONE,NONE,NONE,-2535,NONE,0,-
2026-07-13 09:00:02,4050.7,NONE,NONE,NONE,-2827,NONE,0,-
2026-07-13 09:01:02,4049.0,NONE,NONE,NONE,-2989,NONE,0,-
2026-07-13 09:02:02,4049.9,NONE,NONE,NONE,-2988,NONE,0,-
2026-07-13 09:03:02,4047.5,NONE,NONE,NONE,-3053,NONE,0,-
2026-07-13 09:04:02,4048.1,NONE,NONE,NONE,-3061,NONE,0,-
2026-07-13 09:05:02,4047.6,NONE,NONE,NONE,-3102,NONE,0,-
2026-07-13 09:06:02,4045.9,NONE,NONE,NONE,-3164,NONE,0,-
2026-07-13 09:07:02,4041.9,NONE,NONE,NONE,-3328,NONE,0,-
2026-07-13 09:08:02,4040.2,NONE,NONE,NONE,-3446,NONE,0,-
2026-07-13 09:09:02,4042.8,NONE,NONE,NONE,-3409,NONE,0,-
2026-07-13 09:10:02,4045.1,NONE,NONE,NONE,-3276,NONE,0,-
2026-07-13 09:11:02,4044.6,NONE,NONE,NONE,-3288,NONE,0,-
2026-07-13 09:12:02,4047.0,NONE,NONE,NONE,-3149,NONE,0,-
2026-07-13 09:13:02,4044.0,BEARISH,NONE,NONE,-3305,NONE,0,-
2026-07-13 09:14:02,4043.6,NONE,NONE,NONE,-3354,NONE,0,-
2026-07-13 09:15:02,4043.4,NONE,NONE,NONE,-3402,NONE,0,-
2026-07-13 09:16:02,4041.0,NONE,NONE,NONE,-3434,NONE,0,-
2026-07-13 09:17:02,4019.7,NONE,NONE,NONE,-4705,NONE,0,-
2026-07-13 09:18:02,4024.5,BULLISH,NONE,NONE,-4417,NONE,0,-
2026-07-13 09:19:02,4027.0,NONE,NONE,NONE,-4125,NONE,0,-
2026-07-13 09:20:02,4028.2,NONE,NONE,NONE,-4024,NONE,0,-
2026-07-13 09:21:02,4020.6,NONE,NONE,NONE,-4263,NONE,0,-
2026-07-13 09:22:02,4015.3,BULLISH,NONE,NONE,-4503,NONE,0,-
2026-07-13 09:23:02,4020.3,NONE,NONE,NONE,-4529,NONE,0,-
2026-07-13 09:24:02,4023.5,NONE,NONE,NONE,-4413,NONE,0,-
2026-07-13 09:25:02,4028.5,NONE,NONE,NONE,-4230,NONE,0,-
2026-07-13 09:26:02,4031.9,NONE,NONE,NONE,-4130,NONE,0,-
2026-07-13 09:27:02,4031.8,BEARISH,NONE,NONE,-4170,NONE,0,-
2026-07-13 09:28:02,4024.4,NONE,NONE,NONE,-4457,NONE,0,-
2026-07-13 09:29:02,4025.9,NONE,NONE,NONE,-4451,NONE,0,-
2026-07-13 09:30:02,4023.5,NONE,NONE,NONE,-4493,NONE,0,-
2026-07-13 09:31:02,4023.0,NONE,NONE,NONE,-4488,NONE,0,-
2026-07-13 09:32:02,4013.7,NONE,NONE,NONE,-4741,NONE,0,-
2026-07-13 09:33:02,4016.8,NONE,NONE,NONE,-4714,NONE,0,-
2026-07-13 09:34:02,4016.3,BULLISH,NONE,NONE,-4692,NONE,0,-
2026-07-13 09:35:02,4017.4,NONE,NONE,NONE,-4581,NONE,0,-
2026-07-13 09:36:02,4014.8,NONE,NONE,NONE,-4636,NONE,0,-
2026-07-13 09:37:02,4015.6,NONE,NONE,NONE,-4638,NONE,0,-
2026-07-13 09:38:02,4012.4,BULLISH,NONE,NONE,-4714,NONE,0,-
2026-07-13 09:39:02,4015.5,BULLISH,NONE,NONE,-4634,BUY,1,ABRE BUY
2026-07-13 09:40:02,4015.1,NONE,NONE,NONE,-4607,NONE,0,-
2026-07-13 09:41:02,4011.2,NONE,NONE,NONE,-4874,NONE,0,-
2026-07-13 09:42:02,4010.6,NONE,NONE,NONE,-4912,NONE,0,-
2026-07-13 09:43:02,4011.4,NONE,NONE,NONE,-4879,NONE,0,-
2026-07-13 09:44:02,4010.9,NONE,NONE,NONE,-4864,NONE,0,-
2026-07-13 09:45:02,4012.7,NONE,NONE,NONE,-4840,NONE,0,-
2026-07-13 09:46:02,4012.9,NONE,NONE,NONE,-4861,NONE,0,-
2026-07-13 09:47:02,4013.4,BEARISH,NONE,NONE,-4904,NONE,0,-
2026-07-13 09:48:02,4010.5,BEARISH,NONE,NONE,-4945,SELL,1,-
2026-07-13 09:49:02,4014.2,BEARISH,NONE,NONE,-4861,SELL,1,-
2026-07-13 09:50:02,4013.7,NONE,NONE,NONE,-4818,NONE,0,-
2026-07-13 09:51:02,4012.3,NONE,NONE,NONE,-4860,NONE,0,-
2026-07-13 09:52:02,4015.3,NONE,NONE,NONE,-4744,NONE,0,-
2026-07-13 09:53:02,4013.3,NONE,NONE,NONE,-4740,NONE,0,-
2026-07-13 09:54:02,4014.5,NONE,NONE,NONE,-4725,NONE,0,-
2026-07-13 09:55:02,4016.3,NONE,NONE,NONE,-4643,NONE,0,-
2026-07-13 09:56:02,4017.0,NONE,NONE,NONE,-4614,NONE,0,-
2026-07-13 09:57:02,4018.6,NONE,NONE,NONE,-4577,NONE,0,-
2026-07-13 09:58:02,4019.4,NONE,NONE,NONE,-4548,NONE,0,-
2026-07-13 09:59:02,4019.9,NONE,NONE,NONE,-4534,NONE,0,-
2026-07-13 10:00:02,4021.9,NONE,NONE,NONE,-4459,NONE,0,-
2026-07-13 10:01:02,4023.2,NONE,SELL,NONE,-4476,SELL,1,-
2026-07-13 10:02:02,4021.3,NONE,NONE,NONE,-4529,NONE,0,-
2026-07-13 10:03:02,4022.0,NONE,NONE,NONE,-4564,NONE,0,-
2026-07-13 10:04:02,4023.1,NONE,NONE,NONE,-4532,NONE,0,CIERRE TIME(25m)
2026-07-13 10:05:02,4019.0,NONE,NONE,NONE,-4678,NONE,0,-
2026-07-13 10:06:02,4018.2,NONE,NONE,NONE,-4725,NONE,0,-
2026-07-13 10:07:02,4019.9,NONE,NONE,NONE,-4697,NONE,0,-
2026-07-13 10:08:02,4020.3,NONE,NONE,NONE,-4671,NONE,0,-
2026-07-13 10:09:02,4019.8,NONE,NONE,NONE,-4709,NONE,0,-
2026-07-13 10:10:02,4021.3,NONE,NONE,NONE,-4678,NONE,0,-
2026-07-13 10:11:03,4022.6,NONE,NONE,NONE,-4614,NONE,0,-
2026-07-13 10:12:02,4022.9,BEARISH,NONE,NONE,-4621,NONE,0,-
2026-07-13 10:13:02,4023.0,NONE,NONE,NONE,-4608,NONE,0,-
2026-07-13 10:14:02,4022.0,NONE,NONE,NONE,-11,NONE,0,-
2026-07-13 10:15:02,4022.0,NONE,NONE,NONE,-1,NONE,0,-
2026-07-13 10:16:02,4022.2,NONE,NONE,NONE,27,NONE,0,-
2026-07-13 10:17:02,4021.4,NONE,NONE,NONE,-17,NONE,0,-
2026-07-13 10:18:02,4021.4,NONE,NONE,NONE,-20,NONE,0,-
2026-07-13 10:19:02,4022.6,NONE,NONE,NONE,-2,NONE,0,-
2026-07-13 10:20:02,4025.3,NONE,NONE,NONE,314,NONE,0,-
2026-07-13 10:21:02,4025.3,NONE,NONE,NONE,296,NONE,0,-
2026-07-13 10:22:02,4025.4,NONE,NONE,NONE,312,NONE,0,-
2026-07-13 10:23:02,4024.0,BEARISH,NONE,NONE,294,NONE,0,-
2026-07-13 10:24:02,4023.2,NONE,NONE,NONE,230,NONE,0,-
2026-07-13 10:25:02,4023.3,NONE,NONE,NONE,242,NONE,0,-
2026-07-13 10:26:02,4021.4,NONE,NONE,NONE,121,NONE,0,-
2026-07-13 10:27:02,4022.4,NONE,NONE,NONE,129,NONE,0,-
2026-07-13 10:28:02,4022.8,NONE,NONE,NONE,157,NONE,0,-
2026-07-13 10:29:02,4024.3,NONE,NONE,NONE,177,NONE,0,-
2026-07-13 10:30:02,4024.0,BEARISH,NONE,NONE,147,NONE,0,-
2026-07-13 10:31:02,4022.0,NONE,NONE,NONE,136,NONE,0,-
2026-07-13 10:32:02,4023.5,NONE,NONE,NONE,133,NONE,0,-
2026-07-13 10:33:02,4024.6,NONE,NONE,NONE,160,NONE,0,-
2026-07-13 10:34:02,4023.4,NONE,NONE,NONE,91,NONE,0,-
2026-07-13 10:35:02,4022.4,BULLISH,NONE,NONE,104,NONE,0,-
2026-07-13 10:36:02,4022.6,NONE,NONE,NONE,123,NONE,0,-
2026-07-13 10:37:03,4021.5,NONE,NONE,NONE,115,NONE,0,-
2026-07-13 10:38:02,4024.0,BULLISH,NONE,NONE,141,NONE,0,-
2026-07-13 10:39:02,4022.6,BULLISH,NONE,NONE,126,BUY,1,ABRE BUY
2026-07-13 10:40:02,4022.7,NONE,NONE,NONE,152,NONE,0,-
2026-07-13 10:41:03,4022.0,NONE,NONE,NONE,149,NONE,0,-
2026-07-13 10:42:02,4021.5,NONE,NONE,NONE,126,NONE,0,-
2026-07-13 10:43:02,4021.3,NONE,NONE,NONE,132,NONE,0,-
2026-07-13 10:44:02,4021.2,NONE,NONE,NONE,115,NONE,0,-
2026-07-13 10:45:02,4019.9,NONE,NONE,NONE,38,NONE,0,-
2026-07-13 10:46:02,4020.1,NONE,NONE,NONE,20,NONE,0,-
2026-07-13 10:47:02,4020.2,NONE,NONE,NONE,-36,NONE,0,-
2026-07-13 10:48:02,4020.2,NONE,NONE,NONE,-47,NONE,0,-
2026-07-13 10:49:02,4021.1,BEARISH,NONE,NONE,-22,NONE,0,-
2026-07-13 10:50:02,4021.4,NONE,NONE,NONE,-12,NONE,0,-
2026-07-13 10:51:02,4020.1,NONE,NONE,NONE,-56,NONE,0,-
2026-07-13 10:52:02,4017.4,NONE,NONE,NONE,-180,NONE,0,-
2026-07-13 10:53:02,4019.1,NONE,NONE,NONE,-188,NONE,0,-
2026-07-13 10:54:02,4020.8,NONE,NONE,NONE,-169,NONE,0,-
2026-07-13 10:55:02,4020.8,NONE,NONE,NONE,-173,NONE,0,-
2026-07-13 10:56:02,4021.1,BEARISH,NONE,NONE,-143,NONE,0,-
2026-07-13 10:57:02,4021.4,NONE,NONE,NONE,-162,NONE,0,-
2026-07-13 10:58:02,4020.5,NONE,NONE,NONE,-167,NONE,0,-
2026-07-13 10:59:02,4021.2,NONE,NONE,NONE,-165,NONE,0,-
2026-07-13 11:00:02,4023.3,NONE,NONE,NONE,-87,NONE,0,-
2026-07-13 11:01:02,4021.7,NONE,NONE,NONE,-103,NONE,0,-
2026-07-13 11:02:02,4022.8,NONE,NONE,NONE,-103,NONE,0,-
2026-07-13 11:03:02,4024.1,BEARISH,NONE,NONE,-104,NONE,0,-
2026-07-13 11:04:02,4023.9,NONE,NONE,NONE,-97,NONE,0,CIERRE TIME(25m) mae=5.2
2026-07-13 11:05:02,4023.4,NONE,NONE,NONE,-102,NONE,0,-
2026-07-13 11:06:02,4023.8,NONE,NONE,NONE,-78,NONE,0,-
2026-07-13 11:07:02,4022.8,NONE,NONE,NONE,-100,NONE,0,-
2026-07-13 11:08:02,4021.7,NONE,NONE,NONE,-112,NONE,0,-
2026-07-13 11:09:02,4021.9,NONE,NONE,NONE,-103,NONE,0,-
2026-07-13 11:10:02,4022.4,NONE,NONE,NONE,-120,NONE,0,-
2026-07-13 11:11:02,4023.4,NONE,NONE,NONE,-108,NONE,0,-
2026-07-13 11:12:02,4023.4,NONE,NONE,NONE,-97,NONE,0,-
2026-07-13 11:13:02,4021.7,NONE,NONE,NONE,-104,NONE,0,-
2026-07-13 11:14:02,4021.1,NONE,NONE,NONE,-121,NONE,0,-
2026-07-13 11:15:02,4021.0,NONE,NONE,NONE,-129,NONE,0,-
2026-07-13 11:16:02,4019.5,NONE,NONE,NONE,-149,NONE,0,-
2026-07-13 11:17:02,4020.0,BULLISH,NONE,NONE,-131,NONE,0,-
2026-07-13 11:18:02,4019.2,NONE,NONE,NONE,-116,NONE,0,-
2026-07-13 11:19:02,4018.6,NONE,NONE,NONE,-92,NONE,0,-
2026-07-13 11:20:02,4019.2,NONE,NONE,NONE,-122,NONE,0,-
2026-07-13 11:21:02,4019.7,NONE,NONE,NONE,-137,NONE,0,-
2026-07-13 11:22:02,4019.7,NONE,NONE,NONE,-145,NONE,0,-
2026-07-13 11:23:02,4019.0,NONE,NONE,NONE,-156,NONE,0,-
2026-07-13 11:24:02,4019.0,NONE,NONE,NONE,-156,NONE,0,-
2026-07-13 11:25:02,4016.6,NONE,NONE,NONE,-234,NONE,0,-
2026-07-13 11:26:02,4017.4,NONE,NONE,NONE,-235,NONE,0,-
2026-07-13 11:27:02,4016.2,NONE,NONE,NONE,-318,NONE,0,-
2026-07-13 11:28:02,4014.0,NONE,NONE,NONE,-414,NONE,0,-
2026-07-13 11:29:02,4013.7,NONE,NONE,NONE,-438,NONE,0,-
2026-07-13 11:30:02,4011.1,NONE,NONE,NONE,-537,NONE,0,-
2026-07-13 11:31:02,4008.8,NONE,NONE,NONE,-561,NONE,0,-
2026-07-13 11:32:02,4009.4,NONE,NONE,NONE,-543,NONE,0,-
2026-07-13 11:33:02,4008.1,BULLISH,NONE,NONE,-537,NONE,0,-
2026-07-13 11:34:02,4002.5,NONE,NONE,NONE,-1075,NONE,0,-
2026-07-13 11:35:02,4002.0,NONE,NONE,NONE,-1221,NONE,0,-
2026-07-13 11:36:02,3999.6,NONE,NONE,NONE,-1323,NONE,0,-
2026-07-13 11:37:02,4000.7,NONE,NONE,NONE,-1330,NONE,0,-
2026-07-13 11:38:02,3999.5,NONE,NONE,NONE,-1284,NONE,0,-
2026-07-13 11:39:02,4002.5,NONE,NONE,NONE,-1295,NONE,0,-
2026-07-13 11:40:02,4003.4,BEARISH,NONE,NONE,-1320,NONE,0,-
2026-07-13 11:41:02,4004.3,NONE,NONE,NONE,-1239,NONE,0,-
2026-07-13 11:42:02,4006.1,NONE,NONE,NONE,-1169,NONE,0,-
2026-07-13 11:43:02,4006.0,NONE,NONE,NONE,-1137,NONE,0,-
2026-07-13 11:44:02,4006.9,NONE,NONE,NONE,-1118,NONE,0,-
2026-07-13 11:45:02,4008.3,NONE,NONE,NONE,-1063,NONE,0,-
2026-07-13 11:46:02,4008.6,NONE,NONE,NONE,-1013,NONE,0,-
2026-07-13 11:47:02,4007.9,NONE,NONE,NONE,-1020,NONE,0,-
2026-07-13 11:48:02,4005.1,NONE,NONE,NONE,-1070,NONE,0,-
2026-07-13 11:49:02,4005.7,BULLISH,NONE,NONE,-1104,NONE,0,-
2026-07-13 11:50:02,4005.6,NONE,NONE,NONE,-1088,NONE,0,-
2026-07-13 11:51:02,4001.8,NONE,NONE,NONE,-1206,NONE,0,-
2026-07-13 11:52:02,4000.3,NONE,NONE,NONE,-1246,NONE,0,-
2026-07-13 11:53:02,3999.6,NONE,NONE,NONE,-1285,NONE,0,-
2026-07-13 11:54:02,4000.7,BULLISH,NONE,NONE,-1264,NONE,0,-
2026-07-13 11:55:02,3998.8,NONE,NONE,NONE,-1295,NONE,0,-
2026-07-13 11:56:02,3995.7,NONE,NONE,NONE,-1900,NONE,0,-
2026-07-13 11:57:02,3997.5,NONE,NONE,NONE,-1886,NONE,0,-
2026-07-13 11:58:02,4000.2,NONE,NONE,NONE,-1817,NONE,0,-
2026-07-13 11:59:02,3998.2,NONE,NONE,NONE,-1775,NONE,0,-
2026-07-13 12:00:02,4000.5,NONE,NONE,NONE,-1767,NONE,0,-
2026-07-13 12:01:02,4002.5,NONE,NONE,NONE,-1748,NONE,0,-
2026-07-13 12:02:02,4002.0,BEARISH,NONE,NONE,-1748,NONE,0,-
2026-07-13 12:03:02,4002.2,NONE,NONE,NONE,-1730,NONE,0,-
2026-07-13 12:04:02,4001.6,NONE,NONE,NONE,-1788,NONE,0,-
2026-07-13 12:05:02,4001.5,NONE,NONE,NONE,-1775,NONE,0,-
2026-07-13 12:06:02,4002.8,NONE,NONE,NONE,-1860,NONE,0,-
2026-07-13 12:07:02,4002.6,NONE,NONE,NONE,-1843,NONE,0,-
2026-07-13 12:08:02,4003.8,BEARISH,NONE,NONE,-1795,NONE,0,-
2026-07-13 12:09:02,4004.0,NONE,NONE,NONE,-1774,NONE,0,-
2026-07-13 12:10:02,4005.0,NONE,NONE,NONE,-1734,NONE,0,-
2026-07-13 12:11:02,4005.0,NONE,NONE,NONE,-1742,NONE,0,-
2026-07-13 12:12:02,4004.4,NONE,NONE,NONE,-1742,NONE,0,-
2026-07-13 12:13:02,4005.5,NONE,NONE,NONE,-1764,NONE,0,-
2026-07-13 12:14:02,4004.3,NONE,NONE,NONE,-1766,NONE,0,-
2026-07-13 12:15:02,4005.2,NONE,NONE,NONE,-1769,NONE,0,-
2026-07-13 12:16:02,4004.6,BEARISH,NONE,NONE,-1785,NONE,0,-
2026-07-13 12:17:02,4006.0,NONE,NONE,NONE,-1810,NONE,0,-
2026-07-13 12:18:02,4007.3,BEARISH,NONE,NONE,-1776,NONE,0,-
2026-07-13 12:19:02,4008.2,NONE,NONE,NONE,-1676,NONE,0,-
2026-07-13 12:20:02,4008.1,BEARISH,NONE,NONE,-1690,NONE,0,-
2026-07-13 12:21:02,4007.3,NONE,NONE,NONE,-1720,NONE,0,-
2026-07-13 12:22:02,4008.1,NONE,NONE,NONE,-1716,NONE,0,-
2026-07-13 12:23:02,4007.7,NONE,NONE,NONE,-1714,NONE,0,-
2026-07-13 12:24:02,4007.7,BEARISH,NONE,NONE,-1708,NONE,0,-
2026-07-13 12:25:02,4005.8,NONE,NONE,NONE,-1743,NONE,0,-
2026-07-13 12:26:02,4004.5,NONE,NONE,NONE,-1807,NONE,0,-
2026-07-13 12:27:02,4004.9,NONE,NONE,NONE,-1824,NONE,0,-
2026-07-13 12:28:02,4006.1,NONE,NONE,NONE,-1773,NONE,0,-
2026-07-13 12:29:02,4005.7,NONE,NONE,NONE,-1714,NONE,0,-
2026-07-13 12:30:02,4006.9,NONE,NONE,NONE,-1688,NONE,0,-
2026-07-13 12:31:02,4007.3,BEARISH,NONE,NONE,-1694,NONE,0,-
2026-07-13 12:32:02,4006.0,NONE,NONE,NONE,-1646,NONE,0,-
2026-07-13 12:33:02,4006.8,NONE,NONE,NONE,-1672,NONE,0,-
2026-07-13 12:34:02,4006.8,BEARISH,NONE,NONE,-1686,NONE,0,-
2026-07-13 12:35:02,4007.8,BEARISH,NONE,NONE,-1698,SELL,1,ABRE SELL
2026-07-13 12:36:02,4006.8,NONE,NONE,NONE,-1690,NONE,0,-
2026-07-13 12:37:02,4006.2,NONE,NONE,NONE,-1706,NONE,0,-
2026-07-13 12:38:02,4005.8,NONE,NONE,NONE,-1752,NONE,0,-
2026-07-13 12:39:02,4005.3,NONE,NONE,NONE,-1761,NONE,0,-
2026-07-13 12:40:02,4004.9,NONE,NONE,NONE,-1741,NONE,0,-
2026-07-13 12:41:02,4004.6,NONE,NONE,NONE,-1785,NONE,0,-
2026-07-13 12:42:02,4005.3,NONE,NONE,NONE,-1769,NONE,0,-
2026-07-13 12:43:02,4004.8,NONE,NONE,NONE,-1755,NONE,0,-
2026-07-13 12:44:02,4005.4,NONE,NONE,NONE,-1770,NONE,0,-
2026-07-13 12:45:02,4004.6,NONE,NONE,NONE,-1759,NONE,0,-
2026-07-13 12:46:02,4006.6,NONE,NONE,NONE,-1751,NONE,0,-
2026-07-13 12:47:02,4004.6,BULLISH,NONE,NONE,-1746,NONE,0,-
2026-07-13 12:48:02,4005.1,NONE,NONE,NONE,-1707,NONE,0,-
2026-07-13 12:49:02,4002.1,NONE,NONE,NONE,-1802,NONE,0,-
2026-07-13 12:50:02,4003.2,NONE,NONE,NONE,-1781,NONE,0,-
2026-07-13 12:51:02,4001.3,NONE,NONE,NONE,-1855,NONE,0,-
2026-07-13 12:52:02,4001.7,NONE,NONE,NONE,-1907,NONE,0,-
2026-07-13 12:53:02,4001.8,BULLISH,NONE,NONE,-1911,NONE,0,-
2026-07-13 12:54:02,4001.9,NONE,NONE,NONE,-1880,NONE,0,-
2026-07-13 12:55:02,4002.1,NONE,NONE,NONE,-1903,NONE,0,-
2026-07-13 12:56:02,4001.8,NONE,NONE,NONE,-1871,NONE,0,-
2026-07-13 12:57:02,4000.4,NONE,NONE,NONE,-1906,NONE,0,-
2026-07-13 12:58:02,4000.5,NONE,NONE,NONE,-1920,NONE,0,-
2026-07-13 12:59:02,4001.0,NONE,NONE,NONE,-1927,NONE,0,-
2026-07-13 13:00:02,4000.5,NONE,NONE,NONE,-1914,NONE,0,CIERRE TIME(25m) mae=0
2026-07-13 13:01:02,4001.3,NONE,NONE,NONE,-1932,NONE,0,-
2026-07-13 13:02:02,4000.2,BEARISH,NONE,NONE,-1924,NONE,0,-
2026-07-13 13:03:02,3999.2,NONE,NONE,NONE,-1921,NONE,0,-
2026-07-13 13:04:02,3998.7,NONE,NONE,NONE,-1952,NONE,0,-
2026-07-13 13:05:02,3998.1,NONE,NONE,NONE,-2016,NONE,0,-
2026-07-13 13:06:02,4000.5,NONE,NONE,NONE,-1958,NONE,0,-
2026-07-13 13:07:02,4001.6,NONE,NONE,NONE,-1946,NONE,0,-
2026-07-13 13:08:02,4001.2,BEARISH,NONE,NONE,-1916,NONE,0,-
2026-07-13 13:09:02,4000.9,NONE,NONE,NONE,-1918,NONE,0,-
2026-07-13 13:10:02,3999.2,NONE,NONE,NONE,-1952,NONE,0,-
2026-07-13 13:11:02,3997.5,NONE,NONE,NONE,-1949,NONE,0,-
2026-07-13 13:12:02,3997.9,NONE,NONE,NONE,-1955,NONE,0,-
2026-07-13 13:13:02,3998.6,NONE,NONE,NONE,-1957,NONE,0,-
2026-07-13 13:14:02,4000.0,NONE,NONE,NONE,-1979,NONE,0,-
2026-07-13 13:15:02,4000.8,BEARISH,NONE,NONE,-1969,NONE,0,-
2026-07-13 13:16:02,3999.6,BEARISH,NONE,NONE,-1960,SELL,1,ABRE SELL
2026-07-13 13:17:02,3998.9,BEARISH,NONE,NONE,-1979,SELL,1,-
2026-07-13 13:18:02,3997.9,NONE,NONE,NONE,-2028,NONE,0,-
2026-07-13 13:19:02,3995.8,NONE,NONE,NONE,-2093,NONE,0,-
2026-07-13 13:20:02,3995.3,BULLISH,NONE,NONE,-2053,NONE,0,-
2026-07-13 13:21:02,3996.2,NONE,NONE,NONE,-2024,NONE,0,-
2026-07-13 13:22:02,3997.3,NONE,NONE,NONE,-2000,NONE,0,-
2026-07-13 13:23:02,3997.3,NONE,NONE,NONE,-2012,NONE,0,-
2026-07-13 13:24:02,4000.4,NONE,NONE,NONE,-1922,NONE,0,-
2026-07-13 13:25:02,4001.8,NONE,NONE,NONE,-1903,NONE,0,-
2026-07-13 13:26:02,4002.8,NONE,NONE,NONE,-1829,NONE,0,-
2026-07-13 13:27:02,4002.7,BEARISH,NONE,NONE,-1857,NONE,0,-
2026-07-13 13:28:02,4003.0,NONE,NONE,NONE,-1798,NONE,0,-
2026-07-13 13:29:02,4002.5,NONE,NONE,NONE,-1804,NONE,0,-
2026-07-13 13:30:02,4002.5,NONE,NONE,NONE,-1815,NONE,0,-
2026-07-13 13:31:02,4001.0,BULLISH,NONE,NONE,-1835,NONE,0,-
2026-07-13 13:32:02,4003.7,NONE,NONE,NONE,-1810,NONE,0,-
2026-07-13 13:33:02,4004.2,NONE,NONE,NONE,-1771,NONE,0,-
2026-07-13 13:34:02,4005.0,NONE,NONE,NONE,-1745,NONE,0,-
2026-07-13 13:35:02,4004.0,NONE,NONE,NONE,-1737,NONE,0,-
2026-07-13 13:36:02,4007.1,NONE,NONE,NONE,-1650,NONE,0,CIERRE SL mae=7.5
2026-07-13 13:37:02,4006.9,BEARISH,NONE,NONE,-1672,NONE,0,-
2026-07-13 13:38:02,4006.7,NONE,NONE,NONE,-1687,NONE,0,-
2026-07-13 13:39:02,4005.9,NONE,NONE,NONE,-1699,NONE,0,-
2026-07-13 13:40:02,4005.8,NONE,NONE,NONE,-1702,NONE,0,-
2026-07-13 13:41:02,4005.6,NONE,NONE,NONE,-1713,NONE,0,-
2026-07-13 13:42:02,4007.3,NONE,NONE,NONE,-1700,NONE,0,-
2026-07-13 13:43:02,4006.9,NONE,NONE,NONE,-1665,NONE,0,-
2026-07-13 13:44:02,4007.4,NONE,NONE,NONE,-1667,NONE,0,-
2026-07-13 13:45:02,4007.6,NONE,NONE,NONE,-1678,NONE,0,-
2026-07-13 13:46:02,4006.1,NONE,NONE,NONE,-1695,NONE,0,-
2026-07-13 13:47:02,4007.4,NONE,NONE,NONE,-1703,NONE,0,-
2026-07-13 13:48:02,4007.2,NONE,NONE,NONE,-1705,NONE,0,-
2026-07-13 13:49:02,4007.3,NONE,NONE,NONE,-1692,NONE,0,-
2026-07-13 13:50:02,4008.7,NONE,NONE,NONE,-1671,NONE,0,-
2026-07-13 13:51:02,4008.8,NONE,NONE,NONE,-1710,NONE,0,-
2026-07-13 13:52:02,4010.1,NONE,NONE,NONE,-1562,NONE,0,-
2026-07-13 13:53:02,4010.0,NONE,NONE,NONE,-1557,NONE,0,-
2026-07-13 13:54:02,4011.6,NONE,NONE,NONE,-1420,NONE,0,-
2026-07-13 13:55:02,4011.0,NONE,NONE,NONE,-1405,NONE,0,-
2026-07-13 13:56:02,4011.7,NONE,NONE,NONE,-1304,NONE,0,-
2026-07-13 13:57:02,4009.5,NONE,NONE,NONE,-1387,NONE,0,-
2026-07-13 13:58:02,4007.4,BULLISH,NONE,NONE,-1418,NONE,0,-
2026-07-13 13:59:02,4005.9,BULLISH,NONE,NONE,-1411,BUY,1,ABRE BUY
2026-07-13 14:00:02,4008.7,NONE,NONE,NONE,-1367,NONE,0,-
2026-07-13 14:01:02,4006.9,NONE,NONE,NONE,-1390,NONE,0,-
2026-07-13 14:02:02,4008.3,NONE,NONE,NONE,-1400,NONE,0,-
2026-07-13 14:03:02,4009.3,NONE,NONE,NONE,-1350,NONE,0,-
2026-07-13 14:04:02,4009.5,NONE,NONE,NONE,-1306,NONE,0,-
2026-07-13 14:05:02,4011.5,NONE,NONE,NONE,-1273,NONE,0,-
2026-07-13 14:06:02,4010.0,NONE,NONE,NONE,-1261,NONE,0,-
2026-07-13 14:07:02,4010.1,NONE,NONE,NONE,-1266,NONE,0,-
2026-07-13 14:08:02,4006.5,BULLISH,NONE,NONE,-1336,NONE,0,-
2026-07-13 14:09:02,4007.5,NONE,NONE,NONE,-1357,NONE,0,-
2026-07-13 14:10:02,4007.2,NONE,NONE,NONE,-1381,NONE,0,-
2026-07-13 14:11:02,4005.8,NONE,NONE,NONE,-1425,NONE,0,-
2026-07-13 14:12:03,4005.8,NONE,NONE,NONE,-1436,NONE,0,-
2026-07-13 14:13:02,4006.4,NONE,NONE,NONE,-1431,NONE,0,-
2026-07-13 14:14:02,4005.7,NONE,NONE,NONE,-1449,NONE,0,-
2026-07-13 14:15:02,4005.3,NONE,NONE,NONE,-1459,NONE,0,-
2026-07-13 14:16:02,4005.5,NONE,NONE,NONE,-1466,NONE,0,-
2026-07-13 14:17:02,4005.9,NONE,NONE,NONE,-1492,NONE,0,-
2026-07-13 14:18:02,4005.7,NONE,NONE,NONE,-1488,NONE,0,-
2026-07-13 14:19:02,4006.2,NONE,NONE,NONE,-1487,NONE,0,-
2026-07-13 14:20:02,4006.3,BEARISH,NONE,NONE,-1484,NONE,0,-
2026-07-13 14:21:02,4005.2,NONE,NONE,NONE,-1491,NONE,0,-
2026-07-13 14:22:02,4005.5,NONE,NONE,NONE,-1510,NONE,0,-
2026-07-13 14:23:02,4005.4,NONE,NONE,NONE,-1527,NONE,0,-
2026-07-13 14:24:02,4005.8,NONE,NONE,NONE,-1556,NONE,0,CIERRE TIME(25m) mae=0.7
2026-07-13 14:25:02,4007.1,BEARISH,NONE,NONE,-1527,NONE,0,-
2026-07-13 14:26:02,4006.7,BEARISH,NONE,NONE,-1537,SELL,1,ABRE SELL
2026-07-13 14:27:02,4005.8,NONE,NONE,NONE,-1555,NONE,0,-
2026-07-13 14:28:02,4006.4,NONE,NONE,NONE,-1594,NONE,0,-
2026-07-13 14:29:02,4006.5,NONE,NONE,NONE,-1597,NONE,0,-
2026-07-13 14:30:02,4005.7,BULLISH,NONE,NONE,-1582,NONE,0,-
2026-07-13 14:31:02,4007.0,NONE,NONE,NONE,-1574,NONE,0,-
2026-07-13 14:32:02,4007.2,NONE,NONE,NONE,-1565,NONE,0,-
2026-07-13 14:33:02,4007.6,NONE,NONE,NONE,-1561,NONE,0,-
2026-07-13 14:34:02,4006.3,BEARISH,NONE,NONE,-1577,NONE,0,-
2026-07-13 14:35:02,4006.2,NONE,NONE,NONE,-1596,NONE,0,-
2026-07-13 14:36:02,4003.9,NONE,NONE,NONE,-1688,NONE,0,-
2026-07-13 14:37:02,4003.4,NONE,NONE,NONE,-1755,NONE,0,-
2026-07-13 14:38:02,4003.2,NONE,NONE,NONE,-1790,NONE,0,-
2026-07-13 14:39:02,4001.6,NONE,NONE,NONE,-1840,NONE,0,-
2026-07-13 14:40:02,4002.3,BULLISH,NONE,NONE,-1832,NONE,0,-
2026-07-13 14:41:02,4003.1,NONE,NONE,NONE,-1842,NONE,0,-
2026-07-13 14:42:02,4003.9,NONE,NONE,NONE,-1845,NONE,0,-
2026-07-13 14:43:02,4003.7,BEARISH,NONE,NONE,-1879,NONE,0,-
2026-07-13 14:44:02,4005.5,BEARISH,NONE,NONE,-1840,SELL,1,-
2026-07-13 14:45:02,4006.4,NONE,NONE,NONE,-1819,NONE,0,-
2026-07-13 14:46:02,4006.1,NONE,NONE,NONE,-1847,NONE,0,-
2026-07-13 14:47:02,4005.9,NONE,NONE,NONE,-1847,NONE,0,-
2026-07-13 14:48:02,4004.9,NONE,NONE,NONE,-1821,NONE,0,-
2026-07-13 14:49:02,4004.1,NONE,NONE,NONE,-1788,NONE,0,-
2026-07-13 14:50:02,4004.9,BULLISH,NONE,NONE,-1794,NONE,0,-
2026-07-13 14:51:02,4006.2,NONE,NONE,NONE,-1790,NONE,0,CIERRE TIME(25m) mae=0.9
2026-07-13 14:52:02,4005.9,NONE,NONE,NONE,-1731,NONE,0,-
2026-07-13 14:53:02,4006.7,NONE,NONE,NONE,-1730,NONE,0,-
2026-07-13 14:54:02,4007.2,BEARISH,NONE,NONE,-1739,NONE,0,-
2026-07-13 14:55:03,4008.4,BEARISH,NONE,NONE,-1754,SELL,1,ABRE SELL
2026-07-13 14:56:02,4008.3,BEARISH,NONE,NONE,-1788,SELL,1,-
2026-07-13 14:57:02,4007.6,NONE,NONE,NONE,-1785,NONE,0,-
2026-07-13 14:58:02,4008.8,NONE,NONE,NONE,-1708,NONE,0,-
2026-07-13 14:59:02,4009.3,NONE,NONE,NONE,-1665,NONE,0,-
2026-07-13 15:00:02,4009.4,NONE,NONE,NONE,-1642,NONE,0,-
2026-07-13 15:01:02,4010.2,NONE,NONE,NONE,-1600,NONE,0,-
2026-07-13 15:02:02,4009.9,NONE,NONE,NONE,-1637,NONE,0,-
2026-07-13 15:03:02,4010.4,BEARISH,NONE,NONE,-1606,NONE,0,-
2026-07-13 15:04:02,4011.6,NONE,NONE,NONE,-1578,NONE,0,-
2026-07-13 15:05:03,4012.0,NONE,NONE,NONE,-1567,NONE,0,-
2026-07-13 15:06:02,4012.2,NONE,NONE,NONE,-1538,NONE,0,-
2026-07-13 15:07:02,4011.8,NONE,NONE,NONE,-1482,NONE,0,-
2026-07-13 15:08:02,4011.9,NONE,NONE,NONE,-1457,NONE,0,-
2026-07-13 15:09:02,4010.8,NONE,NONE,NONE,-1502,NONE,0,-
2026-07-13 15:10:02,4009.9,NONE,NONE,NONE,-1599,NONE,0,-
2026-07-13 15:11:02,4009.5,NONE,NONE,NONE,-1591,NONE,0,-
2026-07-13 15:12:02,4008.7,NONE,NONE,NONE,-1698,NONE,0,-
2026-07-13 15:13:02,4007.8,NONE,NONE,NONE,-1723,NONE,0,-
2026-07-13 15:14:02,4007.2,NONE,NONE,NONE,-1731,NONE,0,-
2026-07-13 15:15:02,4005.9,NONE,NONE,NONE,-1785,NONE,0,-
2026-07-13 15:16:02,4005.3,NONE,NONE,NONE,-1786,NONE,0,-
2026-07-13 15:17:02,4004.3,NONE,NONE,NONE,-1903,NONE,0,-
2026-07-13 15:18:02,4005.4,NONE,NONE,NONE,-1929,NONE,0,-
2026-07-13 15:19:02,4005.9,NONE,NONE,NONE,-1898,NONE,0,-
2026-07-13 15:20:03,4007.1,NONE,NONE,NONE,-1896,NONE,0,CIERRE TIME(25m) mae=3.8
2026-07-13 15:21:02,4006.3,BEARISH,NONE,NONE,-1891,NONE,0,-
2026-07-13 15:22:02,4005.6,NONE,NONE,NONE,-1943,NONE,0,-
2026-07-13 15:23:02,4005.8,NONE,NONE,NONE,-1925,NONE,0,-
2026-07-13 15:24:02,4005.9,NONE,NONE,NONE,-1923,NONE,0,-
2026-07-13 15:25:02,4005.6,NONE,NONE,NONE,-1926,NONE,0,-
2026-07-13 15:26:02,4006.4,NONE,NONE,NONE,-1918,NONE,0,-
2026-07-13 15:27:02,4006.5,NONE,NONE,NONE,-1919,NONE,0,-
2026-07-13 15:28:02,4006.2,NONE,NONE,NONE,-1915,NONE,0,-
2026-07-13 15:29:02,4006.5,NONE,NONE,NONE,-1898,NONE,0,-
2026-07-13 15:30:02,4007.2,NONE,NONE,NONE,-1895,NONE,0,-
2026-07-13 15:31:02,4006.7,NONE,NONE,NONE,-1894,NONE,0,-
2026-07-13 15:32:02,4006.9,NONE,NONE,NONE,-1891,NONE,0,-
2026-07-13 15:33:02,4006.9,BEARISH,NONE,NONE,-1919,NONE,0,-
2026-07-13 15:34:02,4006.1,NONE,NONE,NONE,-1990,NONE,0,-
2026-07-13 15:35:02,4005.8,NONE,NONE,NONE,-2007,NONE,0,-
2026-07-13 15:36:02,4005.7,NONE,NONE,NONE,-2014,NONE,0,-
2026-07-13 15:37:02,4005.0,NONE,NONE,NONE,-2084,NONE,0,-
2026-07-13 15:38:02,4005.6,NONE,NONE,NONE,-2061,NONE,0,-
2026-07-13 15:39:02,4005.2,NONE,NONE,NONE,-2064,NONE,0,-
2026-07-13 15:40:02,4006.4,BEARISH,NONE,NONE,-2069,NONE,0,-
2026-07-13 15:41:02,4006.3,BEARISH,NONE,NONE,-2059,SELL,1,ABRE SELL
2026-07-13 15:42:02,4006.0,NONE,NONE,NONE,-2076,NONE,0,-
2026-07-13 15:43:03,4006.6,BEARISH,NONE,NONE,-2067,NONE,0,-
2026-07-13 15:44:02,4006.7,BEARISH,NONE,NONE,-2073,SELL,1,-
2026-07-13 15:45:02,4007.6,NONE,NONE,NONE,-2011,NONE,0,-
2026-07-13 15:46:02,4006.0,NONE,NONE,NONE,-2043,NONE,0,-
2026-07-13 15:47:02,4006.6,NONE,NONE,NONE,-2043,NONE,0,-
2026-07-13 15:48:02,4006.7,NONE,NONE,NONE,-2052,NONE,0,-
2026-07-13 15:49:02,4006.6,NONE,NONE,NONE,-2061,NONE,0,-
2026-07-13 15:50:02,4006.5,NONE,NONE,NONE,-2076,NONE,0,-
2026-07-13 15:51:02,4006.3,NONE,NONE,NONE,-2062,NONE,0,-
2026-07-13 15:52:02,4005.6,NONE,NONE,NONE,-2073,NONE,0,-
2026-07-13 15:53:02,4005.6,BULLISH,NONE,NONE,-2072,NONE,0,-
2026-07-13 15:54:02,4006.9,BULLISH,NONE,NONE,-2076,BUY,1,-
2026-07-13 15:55:02,4008.2,NONE,NONE,NONE,-2058,NONE,0,-
2026-07-13 15:56:02,4008.9,NONE,NONE,NONE,-1974,NONE,0,-
2026-07-13 15:57:02,4008.3,NONE,NONE,NONE,-1951,NONE,0,-
2026-07-13 15:58:02,4009.2,NONE,NONE,NONE,-1883,NONE,0,-
2026-07-13 15:59:02,4008.0,NONE,NONE,NONE,-1867,NONE,0,-
2026-07-14 08:00:02,4084.4,NONE,NONE,NONE,3162,NONE,0,CIERRE SL mae=78.1
2026-07-14 08:01:02,4085.3,NONE,NONE,NONE,3106,NONE,0,-
2026-07-14 08:02:02,4089.8,NONE,NONE,NONE,3254,NONE,0,-
2026-07-14 08:03:02,4086.2,NONE,NONE,NONE,3255,NONE,0,-
2026-07-14 08:04:02,4083.6,NONE,NONE,NONE,3221,NONE,0,-
2026-07-14 08:05:02,4078.6,NONE,NONE,NONE,3070,NONE,0,-
2026-07-14 08:06:02,4083.7,BULLISH,NONE,NONE,3130,NONE,0,-
2026-07-14 08:07:02,4082.9,NONE,NONE,NONE,3191,NONE,0,-
2026-07-14 08:08:03,4085.1,NONE,NONE,NONE,3296,NONE,0,-
2026-07-14 08:09:02,4086.6,NONE,NONE,NONE,3364,NONE,0,-
2026-07-14 08:10:02,4085.5,NONE,NONE,NONE,3428,NONE,0,-
2026-07-14 08:11:02,4085.5,NONE,NONE,NONE,3431,NONE,0,-
2026-07-14 08:12:02,4084.8,NONE,NONE,NONE,3414,NONE,0,-
2026-07-14 08:13:02,4082.1,NONE,NONE,NONE,3351,NONE,0,-
2026-07-14 08:14:02,4081.7,NONE,NONE,NONE,3304,NONE,0,-
2026-07-14 08:15:02,4081.9,NONE,NONE,NONE,3371,NONE,0,-
2026-07-14 08:16:02,4083.8,NONE,NONE,NONE,3479,NONE,0,-
2026-07-14 08:17:02,4085.9,NONE,NONE,NONE,3536,NONE,0,-
2026-07-14 08:18:02,4084.2,NONE,NONE,NONE,3411,NONE,0,-
2026-07-14 08:19:02,4084.4,NONE,NONE,NONE,3429,NONE,0,-
2026-07-14 08:20:02,4082.8,NONE,NONE,NONE,3425,NONE,0,-
2026-07-14 08:21:02,4083.1,BULLISH,NONE,NONE,3422,NONE,0,-
2026-07-14 08:22:03,4087.4,NONE,NONE,NONE,3575,NONE,0,-
2026-07-14 08:23:02,4088.0,NONE,NONE,NONE,3537,NONE,0,-
2026-07-14 08:24:03,4090.6,NONE,NONE,NONE,3647,NONE,0,-
2026-07-14 08:25:02,4091.0,NONE,NONE,NONE,3658,NONE,0,-
2026-07-14 08:26:03,4090.9,NONE,NONE,NONE,3671,NONE,0,-
2026-07-14 08:27:03,4091.4,NONE,NONE,NONE,3731,NONE,0,-
2026-07-14 08:28:01,4092.7,NONE,NONE,NONE,3745,NONE,0,-
2026-07-14 08:29:01,4091.4,NONE,NONE,NONE,3711,NONE,0,-
2026-07-14 08:30:01,4089.2,NONE,NONE,NONE,13,NONE,0,-
2026-07-14 08:31:00,4091.3,NONE,NONE,NONE,148,NONE,0,-
2026-07-14 08:32:00,4086.0,NONE,NONE,NONE,24,NONE,0,-
2026-07-14 08:33:01,4083.9,NONE,NONE,NONE,7,NONE,0,-
2026-07-14 08:34:01,4084.9,NONE,NONE,NONE,7,NONE,0,-
2026-07-14 08:35:01,4088.0,NONE,NONE,NONE,53,NONE,0,-
2026-07-14 08:36:01,4087.1,NONE,NONE,NONE,46,NONE,0,-
2026-07-14 08:37:01,4088.9,NONE,NONE,NONE,117,NONE,0,-
2026-07-14 08:38:01,4091.9,NONE,NONE,NONE,205,NONE,0,-
2026-07-14 08:39:01,4094.1,NONE,NONE,NONE,345,NONE,0,-
2026-07-14 08:40:01,4093.8,BEARISH,NONE,NONE,321,NONE,0,-
2026-07-14 08:41:01,4093.1,NONE,NONE,NONE,300,NONE,0,-
2026-07-14 08:42:01,4092.6,NONE,NONE,NONE,298,NONE,0,-
2026-07-14 08:43:01,4091.1,NONE,NONE,NONE,278,NONE,0,-
2026-07-14 08:44:01,4093.5,NONE,NONE,NONE,314,NONE,0,-
2026-07-14 08:45:01,4095.1,NONE,NONE,NONE,371,NONE,0,-
2026-07-14 08:46:00,4093.6,NONE,NONE,NONE,349,NONE,0,-
2026-07-14 08:47:01,4089.0,NONE,NONE,NONE,208,NONE,0,-
2026-07-14 08:48:01,4091.4,NONE,NONE,NONE,272,NONE,0,-
2026-07-14 08:49:01,4089.4,NONE,NONE,NONE,260,NONE,0,-
2026-07-14 08:50:01,4090.6,NONE,NONE,NONE,285,NONE,0,-
2026-07-14 08:51:01,4091.1,NONE,NONE,NONE,313,NONE,0,-
2026-07-14 08:52:01,4089.8,NONE,NONE,NONE,281,NONE,0,-
2026-07-14 08:53:01,4082.6,NONE,NONE,NONE,-59,NONE,0,-
2026-07-14 08:54:01,4085.4,NONE,NONE,NONE,23,NONE,0,-
2026-07-14 08:55:01,4084.0,NONE,NONE,NONE,35,NONE,0,-
2026-07-14 08:56:01,4082.2,NONE,NONE,NONE,-4,NONE,0,-
2026-07-14 08:57:01,4084.8,NONE,NONE,NONE,25,NONE,0,-
2026-07-14 08:58:01,4084.9,NONE,NONE,NONE,52,NONE,0,-
2026-07-14 08:59:01,4084.5,NONE,NONE,NONE,1,NONE,0,-
2026-07-14 09:00:01,4084.2,NONE,NONE,NONE,17,NONE,0,-
2026-07-14 09:01:01,4082.6,NONE,NONE,NONE,-30,NONE,0,-
2026-07-14 09:02:01,4087.2,NONE,NONE,NONE,106,NONE,0,-
2026-07-14 09:03:01,4082.7,BULLISH,NONE,NONE,53,NONE,0,-
2026-07-14 09:04:01,4083.8,NONE,NONE,NONE,73,NONE,0,-
2026-07-14 09:05:00,4081.5,NONE,NONE,NONE,142,NONE,0,-
2026-07-14 09:06:00,4084.0,BULLISH,NONE,NONE,107,NONE,0,-
2026-07-14 09:07:00,4084.3,NONE,NONE,NONE,46,NONE,0,-
2026-07-14 09:08:00,4087.1,NONE,NONE,NONE,152,NONE,0,-
2026-07-14 09:09:01,4087.0,NONE,NONE,NONE,128,NONE,0,-
2026-07-14 09:10:00,4087.7,NONE,NONE,NONE,146,NONE,0,-
2026-07-14 09:11:00,4086.4,NONE,NONE,NONE,117,NONE,0,-
2026-07-14 09:12:00,4087.0,NONE,NONE,NONE,119,NONE,0,-
2026-07-14 09:13:00,4088.0,NONE,NONE,NONE,198,NONE,0,-
2026-07-14 09:14:00,4090.9,NONE,NONE,NONE,364,NONE,0,-
2026-07-14 09:15:00,4089.9,NONE,NONE,NONE,335,NONE,0,-
2026-07-14 09:16:00,4082.1,BULLISH,NONE,NONE,215,NONE,0,-
2026-07-14 09:17:00,4082.0,BULLISH,NONE,NONE,122,BUY,1,ABRE BUY
2026-07-14 09:18:00,4079.7,NONE,NONE,NONE,81,NONE,0,-
2026-07-14 09:19:00,4079.3,NONE,NONE,NONE,-35,NONE,0,-
2026-07-14 09:20:00,4080.3,NONE,NONE,NONE,35,NONE,0,-
2026-07-14 09:21:00,4082.3,NONE,NONE,NONE,64,NONE,0,-
2026-07-14 09:22:00,4084.6,NONE,NONE,NONE,139,NONE,0,-
2026-07-14 09:23:00,4092.2,NONE,NONE,NONE,340,NONE,0,CIERRE TP mae=2.7
2026-07-14 09:24:00,4087.5,NONE,NONE,NONE,227,NONE,0,-
2026-07-14 09:25:00,4086.1,NONE,NONE,NONE,198,NONE,0,-
2026-07-14 09:26:00,4082.5,NONE,NONE,NONE,153,NONE,0,-
2026-07-14 09:27:00,4085.1,NONE,NONE,NONE,159,NONE,0,-
2026-07-14 09:28:00,4083.9,NONE,NONE,NONE,163,NONE,0,-
2026-07-14 09:29:00,4083.3,NONE,NONE,NONE,158,NONE,0,-
2026-07-14 09:30:00,4084.2,NONE,NONE,NONE,147,NONE,0,-
2026-07-14 09:31:00,4082.8,NONE,NONE,NONE,124,NONE,0,-
2026-07-14 09:32:00,4081.4,NONE,NONE,NONE,87,NONE,0,-
2026-07-14 09:33:00,4085.8,BEARISH,NONE,NONE,124,NONE,0,-
2026-07-14 09:34:00,4083.8,NONE,NONE,NONE,74,NONE,0,-
2026-07-14 09:35:00,4087.8,NONE,NONE,NONE,573,NONE,0,-
2026-07-14 09:36:00,4087.6,NONE,NONE,NONE,579,NONE,0,-
2026-07-14 09:37:00,4085.8,NONE,NONE,NONE,553,NONE,0,-
2026-07-14 09:38:00,4084.1,NONE,NONE,NONE,570,NONE,0,-
2026-07-14 09:39:00,4088.1,NONE,NONE,NONE,632,NONE,0,-
2026-07-14 09:40:00,4087.2,NONE,NONE,NONE,595,NONE,0,-
2026-07-14 09:41:00,4088.1,NONE,NONE,NONE,648,NONE,0,-
2026-07-14 09:42:00,4087.9,NONE,NONE,NONE,656,NONE,0,-
2026-07-14 09:43:00,4087.2,NONE,NONE,NONE,666,NONE,0,-
2026-07-14 09:44:00,4088.0,NONE,NONE,NONE,679,NONE,0,-
2026-07-14 09:45:00,4088.0,NONE,NONE,NONE,704,NONE,0,-
2026-07-14 09:46:00,4089.7,NONE,NONE,NONE,707,NONE,0,-
2026-07-14 09:47:00,4087.5,NONE,NONE,NONE,682,NONE,0,-
2026-07-14 09:48:01,4088.8,NONE,NONE,NONE,703,NONE,0,-
2026-07-14 09:49:00,4089.8,NONE,NONE,NONE,708,NONE,0,-
2026-07-14 09:50:00,4086.8,NONE,NONE,NONE,641,NONE,0,-
2026-07-14 09:51:00,4086.1,NONE,NONE,NONE,604,NONE,0,-
2026-07-14 09:52:00,4090.0,BEARISH,NONE,NONE,662,NONE,0,-
2026-07-14 09:53:00,4089.6,BEARISH,NONE,NONE,675,SELL,1,ABRE SELL
2026-07-14 09:54:00,4088.5,NONE,NONE,NONE,630,NONE,0,-
2026-07-14 09:55:00,4090.3,NONE,NONE,NONE,670,NONE,0,-
2026-07-14 09:56:00,4091.9,BEARISH,NONE,NONE,660,NONE,0,-
2026-07-14 09:57:00,4089.9,NONE,NONE,NONE,637,NONE,0,-
2026-07-14 09:58:00,4093.4,BEARISH,NONE,NONE,665,NONE,0,-
2026-07-14 09:59:00,4092.8,NONE,NONE,NONE,704,NONE,0,-
2026-07-14 10:00:00,4093.0,NONE,NONE,NONE,719,NONE,0,-
2026-07-14 10:01:00,4089.2,NONE,NONE,NONE,640,NONE,0,-
2026-07-14 10:02:00,4087.5,NONE,NONE,NONE,609,NONE,0,-
2026-07-14 10:03:00,4087.2,BULLISH,NONE,NONE,611,NONE,0,-
2026-07-14 10:04:00,4087.9,BULLISH,NONE,NONE,620,BUY,1,-
2026-07-14 10:05:00,4095.7,BEARISH,SELL,NONE,642,SELL,1,ABRE SELL
2026-07-14 10:06:00,4095.6,NONE,NONE,NONE,722,NONE,0,-
2026-07-14 10:07:00,4101.0,NONE,NONE,NONE,782,NONE,0,-
2026-07-14 10:08:00,4103.1,NONE,NONE,NONE,1004,NONE,0,CIERRE SL mae=7.4
2026-07-14 10:09:00,4106.3,NONE,NONE,NONE,1064,NONE,0,-
2026-07-14 10:10:00,4103.7,NONE,NONE,NONE,946,NONE,0,-
2026-07-14 10:11:00,4101.6,NONE,NONE,NONE,972,NONE,0,-
2026-07-14 10:12:00,4100.5,NONE,NONE,NONE,906,NONE,0,-
2026-07-14 10:13:00,4099.9,NONE,NONE,NONE,935,NONE,0,-
2026-07-14 10:14:00,4099.5,NONE,NONE,NONE,948,NONE,0,-
2026-07-14 10:15:00,4097.7,NONE,NONE,NONE,857,NONE,0,-
2026-07-14 10:16:00,4096.5,NONE,NONE,NONE,879,NONE,0,-
2026-07-14 10:17:00,4095.5,NONE,NONE,NONE,870,NONE,0,-
2026-07-14 10:18:00,4095.2,NONE,NONE,NONE,880,NONE,0,-
2026-07-14 10:19:00,4094.8,BULLISH,NONE,NONE,900,NONE,0,-
2026-07-14 10:20:00,4094.4,BULLISH,NONE,NONE,868,BUY,1,ABRE BUY
2026-07-14 10:21:00,4094.5,BULLISH,NONE,NONE,910,BUY,1,-
2026-07-14 10:22:00,4097.2,NONE,NONE,NONE,1068,NONE,0,-
2026-07-14 10:23:00,4095.1,NONE,NONE,NONE,1041,NONE,0,-
2026-07-14 10:24:00,4095.3,NONE,NONE,NONE,1039,NONE,0,-
2026-07-14 10:25:00,4094.3,NONE,NONE,NONE,1040,NONE,0,-
2026-07-14 10:26:00,4092.4,BULLISH,NONE,NONE,948,NONE,0,-
2026-07-14 10:27:00,4091.6,BULLISH,NONE,NONE,849,BUY,1,-
2026-07-14 10:28:00,4091.5,NONE,NONE,NONE,755,NONE,0,-
2026-07-14 10:29:00,4092.0,NONE,NONE,NONE,764,NONE,0,-
2026-07-14 10:30:01,4092.0,NONE,NONE,NONE,764,NONE,0,-
2026-07-14 10:31:00,4092.2,NONE,NONE,NONE,704,NONE,0,-
2026-07-14 10:32:00,4093.0,BEARISH,NONE,NONE,714,NONE,0,-
2026-07-14 10:33:00,4091.8,BEARISH,NONE,NONE,701,SELL,1,-
2026-07-14 10:34:00,4089.3,NONE,NONE,NONE,643,NONE,0,-
2026-07-14 10:35:00,4088.5,NONE,NONE,NONE,554,NONE,0,-
2026-07-14 10:36:00,4085.8,NONE,NONE,NONE,427,NONE,0,CIERRE SL mae=8.6
2026-07-14 10:37:00,4084.0,NONE,NONE,NONE,399,NONE,0,-
2026-07-14 10:38:00,4084.5,NONE,NONE,NONE,382,NONE,0,-
2026-07-14 10:39:00,4086.8,NONE,NONE,NONE,357,NONE,0,-
2026-07-14 10:40:00,4083.1,NONE,NONE,NONE,303,NONE,0,-
2026-07-14 10:41:01,4082.8,NONE,NONE,NONE,282,NONE,0,-
2026-07-14 10:42:00,4079.7,NONE,NONE,NONE,94,NONE,0,-
2026-07-14 10:43:00,4076.9,NONE,NONE,NONE,-57,NONE,0,-
2026-07-14 10:44:00,4078.6,NONE,NONE,NONE,-10,NONE,0,-
2026-07-14 10:45:00,4080.9,NONE,NONE,NONE,129,NONE,0,-
2026-07-14 10:46:00,4080.8,NONE,NONE,NONE,170,NONE,0,-
2026-07-14 10:47:00,4080.1,NONE,NONE,NONE,149,NONE,0,-
2026-07-14 10:48:00,4082.7,BEARISH,NONE,NONE,119,NONE,0,-
2026-07-14 10:49:00,4079.4,NONE,NONE,NONE,83,NONE,0,-
2026-07-14 10:50:00,4078.2,NONE,NONE,NONE,33,NONE,0,-
2026-07-14 10:51:00,4076.4,NONE,NONE,NONE,32,NONE,0,-
2026-07-14 10:52:00,4075.1,NONE,NONE,NONE,-95,NONE,0,-
2026-07-14 10:53:00,4075.7,NONE,NONE,NONE,-146,NONE,0,-
2026-07-14 10:54:00,4075.9,NONE,NONE,NONE,-137,NONE,0,-
2026-07-14 10:55:00,4073.5,NONE,NONE,NONE,-250,NONE,0,-
2026-07-14 10:56:00,4073.8,NONE,NONE,NONE,-284,NONE,0,-
2026-07-14 10:57:00,4073.6,NONE,NONE,NONE,-285,NONE,0,-
2026-07-14 10:58:00,4073.7,NONE,NONE,NONE,-276,NONE,0,-
2026-07-14 10:59:00,4073.6,NONE,NONE,NONE,-270,NONE,0,-
2026-07-14 11:00:00,4072.9,NONE,NONE,NONE,-298,NONE,0,-
2026-07-14 11:01:00,4069.7,NONE,NONE,NONE,-521,NONE,0,-
2026-07-14 11:02:00,4069.5,NONE,NONE,NONE,-498,NONE,0,-
2026-07-14 11:03:00,4071.0,NONE,NONE,NONE,-506,NONE,0,-
2026-07-14 11:04:01,4070.3,NONE,NONE,NONE,-498,NONE,0,-
2026-07-14 11:05:00,4070.7,BULLISH,NONE,NONE,-455,NONE,0,-
2026-07-14 11:06:00,4066.8,NONE,NONE,NONE,-566,NONE,0,-
2026-07-14 11:07:00,4068.3,NONE,NONE,NONE,-556,NONE,0,-
2026-07-14 11:08:00,4065.5,NONE,NONE,NONE,-659,NONE,0,-
2026-07-14 11:09:00,4067.8,NONE,NONE,NONE,-626,NONE,0,-
2026-07-14 11:10:00,4067.2,NONE,NONE,NONE,-596,NONE,0,-
2026-07-14 11:11:00,4069.2,NONE,NONE,NONE,-554,NONE,0,-
2026-07-14 11:12:00,4070.4,NONE,NONE,NONE,-493,NONE,0,-
2026-07-14 11:13:00,4070.0,NONE,NONE,NONE,-468,NONE,0,-
2026-07-14 11:14:00,4070.5,NONE,NONE,NONE,-433,NONE,0,-
2026-07-14 11:15:00,4069.9,NONE,NONE,NONE,-411,NONE,0,-
2026-07-14 11:16:00,4069.1,NONE,NONE,NONE,-447,NONE,0,-
2026-07-14 11:17:00,4071.9,BEARISH,NONE,NONE,-435,NONE,0,-
2026-07-14 11:18:00,4070.9,BEARISH,NONE,NONE,-419,SELL,1,ABRE SELL
2026-07-14 11:19:00,4070.5,NONE,NONE,NONE,-417,NONE,0,-
2026-07-14 11:20:00,4070.0,NONE,NONE,NONE,-410,NONE,0,-
2026-07-14 11:21:00,4068.8,NONE,NONE,NONE,-437,NONE,0,-
2026-07-14 11:22:00,4068.7,NONE,NONE,NONE,-451,NONE,0,-
2026-07-14 11:23:00,4066.5,NONE,NONE,NONE,-504,NONE,0,-
2026-07-14 11:24:00,4066.9,NONE,NONE,NONE,-597,NONE,0,-
2026-07-14 11:25:00,4067.9,NONE,NONE,NONE,-568,NONE,0,-
2026-07-14 11:26:00,4067.1,NONE,NONE,NONE,-571,NONE,0,-
2026-07-14 11:27:00,4067.5,NONE,NONE,NONE,-551,NONE,0,-
2026-07-14 11:28:00,4067.3,NONE,NONE,NONE,-534,NONE,0,-
2026-07-14 11:29:00,4067.4,NONE,NONE,NONE,-512,NONE,0,-
2026-07-14 11:30:00,4066.3,NONE,NONE,NONE,-504,NONE,0,-
2026-07-14 11:31:00,4068.3,NONE,NONE,NONE,-477,NONE,0,-
2026-07-14 11:32:00,4067.3,BEARISH,NONE,NONE,-538,NONE,0,-
2026-07-14 11:33:00,4069.5,BEARISH,NONE,NONE,-434,SELL,1,-
2026-07-14 11:34:00,4066.5,NONE,NONE,NONE,-458,NONE,0,-
2026-07-14 11:35:00,4066.8,NONE,NONE,NONE,-477,NONE,0,-
2026-07-14 11:36:00,4066.9,NONE,NONE,NONE,-495,NONE,0,-
2026-07-14 11:37:00,4066.1,NONE,NONE,NONE,-496,NONE,0,-
2026-07-14 11:38:00,4064.9,NONE,NONE,NONE,-558,NONE,0,-
2026-07-14 11:39:00,4066.8,NONE,NONE,NONE,-546,NONE,0,-
2026-07-14 11:40:00,4067.0,NONE,NONE,NONE,-543,NONE,0,-
2026-07-14 11:41:00,4067.8,NONE,NONE,NONE,-511,NONE,0,-
2026-07-14 11:42:00,4067.0,BEARISH,NONE,NONE,-499,NONE,0,-
2026-07-14 11:43:00,4068.3,NONE,NONE,NONE,-480,NONE,0,CIERRE TIME(25m) mae=0
2026-07-14 11:44:00,4069.0,NONE,NONE,NONE,-467,NONE,0,-
2026-07-14 11:45:00,4068.0,NONE,NONE,NONE,-463,NONE,0,-
2026-07-14 11:46:00,4067.3,NONE,NONE,NONE,-432,NONE,0,-
2026-07-14 11:47:00,4065.9,BULLISH,NONE,NONE,-419,NONE,0,-
2026-07-14 11:48:00,4066.1,BULLISH,NONE,NONE,-389,BUY,1,ABRE BUY
2026-07-14 11:49:00,4065.3,BULLISH,NONE,NONE,-433,BUY,1,-
2026-07-14 11:50:00,4066.6,BULLISH,NONE,NONE,-401,BUY,1,-
2026-07-14 11:51:00,4066.9,BULLISH,NONE,NONE,-386,BUY,1,-
2026-07-14 11:52:00,4067.2,NONE,NONE,NONE,-404,NONE,0,-
2026-07-14 11:53:00,4068.0,NONE,NONE,NONE,-373,NONE,0,-
2026-07-14 11:54:00,4067.3,NONE,NONE,NONE,-370,NONE,0,-
2026-07-14 11:55:00,4067.0,NONE,NONE,NONE,-397,NONE,0,-
2026-07-14 11:56:00,4067.8,NONE,NONE,NONE,-369,NONE,0,-
2026-07-14 11:57:00,4068.2,NONE,NONE,NONE,-349,NONE,0,-
2026-07-14 11:58:00,4067.5,NONE,NONE,NONE,-384,NONE,0,-
2026-07-14 11:59:00,4068.7,BULLISH,NONE,NONE,-354,NONE,0,-
2026-07-14 12:00:00,4068.8,NONE,NONE,NONE,-324,NONE,0,-
2026-07-14 12:01:00,4069.3,NONE,NONE,NONE,-263,NONE,0,-
2026-07-14 12:02:00,4070.7,NONE,NONE,NONE,-187,NONE,0,-
2026-07-14 12:03:00,4070.1,NONE,NONE,NONE,-169,NONE,0,-
2026-07-14 12:04:00,4068.2,NONE,NONE,NONE,-177,NONE,0,-
2026-07-14 12:05:00,4067.2,NONE,NONE,NONE,-232,NONE,0,-
2026-07-14 12:06:00,4066.8,BULLISH,NONE,NONE,-246,NONE,0,-
2026-07-14 12:07:00,4064.7,BULLISH,NONE,NONE,-316,BUY,1,-
2026-07-14 12:08:00,4064.9,NONE,NONE,NONE,-348,NONE,0,-
2026-07-14 12:09:00,4065.3,NONE,NONE,NONE,-340,NONE,0,-
2026-07-14 12:10:00,4066.3,NONE,NONE,NONE,-355,NONE,0,-
2026-07-14 12:11:00,4065.5,NONE,NONE,NONE,-346,NONE,0,-
2026-07-14 12:12:00,4065.1,NONE,NONE,NONE,-344,NONE,0,-
2026-07-14 12:13:00,4065.1,NONE,NONE,NONE,-358,NONE,0,CIERRE TIME(25m) mae=1.4
2026-07-14 12:14:00,4064.3,NONE,NONE,NONE,-379,NONE,0,-
2026-07-14 12:15:01,4063.5,NONE,NONE,NONE,-501,NONE,0,-
2026-07-14 12:16:00,4061.2,NONE,NONE,NONE,-541,NONE,0,-
2026-07-14 12:17:00,4063.0,NONE,NONE,NONE,-506,NONE,0,-
2026-07-14 12:18:00,4063.0,NONE,NONE,NONE,-535,NONE,0,-
2026-07-14 12:19:00,4062.9,NONE,NONE,NONE,-505,NONE,0,-
2026-07-14 12:20:00,4063.6,NONE,NONE,NONE,-502,NONE,0,-
2026-07-14 12:21:00,4064.5,NONE,NONE,NONE,-459,NONE,0,-
2026-07-14 12:22:00,4065.1,NONE,NONE,NONE,-442,NONE,0,-
2026-07-14 12:23:00,4065.6,NONE,NONE,NONE,-402,NONE,0,-
2026-07-14 12:24:00,4067.6,NONE,NONE,NONE,-341,NONE,0,-
2026-07-14 12:25:00,4067.8,NONE,NONE,NONE,-340,NONE,0,-
2026-07-14 12:26:00,4067.4,NONE,NONE,NONE,-331,NONE,0,-
2026-07-14 12:27:00,4069.7,NONE,NONE,NONE,-296,NONE,0,-
2026-07-14 12:28:00,4069.5,NONE,NONE,NONE,-301,NONE,0,-
2026-07-14 12:29:00,4069.7,NONE,NONE,NONE,-297,NONE,0,-
2026-07-14 12:30:00,4069.5,BEARISH,NONE,NONE,-340,NONE,0,-
2026-07-14 12:31:00,4070.9,BEARISH,NONE,NONE,-192,SELL,1,ABRE SELL
2026-07-14 12:32:00,4071.4,NONE,NONE,NONE,-213,NONE,0,-
2026-07-14 12:33:00,4069.4,NONE,NONE,NONE,-258,NONE,0,-
2026-07-14 12:34:01,4068.7,BULLISH,NONE,NONE,-304,NONE,0,-
2026-07-14 12:35:00,4069.0,BULLISH,NONE,NONE,-288,BUY,1,-
2026-07-14 12:36:00,4068.6,BULLISH,NONE,NONE,-297,BUY,1,-
2026-07-14 12:37:00,4068.4,BULLISH,NONE,NONE,-283,BUY,1,-
2026-07-14 12:38:00,4068.3,NONE,NONE,NONE,-296,NONE,0,-
2026-07-14 12:39:01,4068.9,NONE,NONE,NONE,-278,NONE,0,-
2026-07-14 12:40:00,4068.8,NONE,NONE,NONE,-282,NONE,0,-
2026-07-14 12:41:00,4069.0,BEARISH,NONE,NONE,-256,NONE,0,-
2026-07-14 12:42:00,4067.8,NONE,NONE,NONE,-294,NONE,0,-
2026-07-14 12:43:00,4066.8,NONE,NONE,NONE,-325,NONE,0,-
2026-07-14 12:44:00,4067.0,NONE,NONE,NONE,-308,NONE,0,-
2026-07-14 12:45:00,4066.7,NONE,NONE,NONE,-310,NONE,0,-
2026-07-14 12:46:00,4065.6,BULLISH,NONE,NONE,-341,NONE,0,-
2026-07-14 12:47:00,4066.0,BULLISH,NONE,NONE,-330,BUY,1,-
2026-07-14 12:48:00,4067.4,NONE,NONE,NONE,-275,NONE,0,-
2026-07-14 12:49:00,4068.7,NONE,NONE,NONE,-283,NONE,0,-
2026-07-14 12:50:00,4068.6,NONE,NONE,NONE,-295,NONE,0,-
2026-07-14 12:51:00,4069.2,NONE,NONE,NONE,-292,NONE,0,-
2026-07-14 12:52:00,4069.9,BEARISH,NONE,NONE,-269,NONE,0,-
2026-07-14 12:53:00,4069.7,NONE,NONE,NONE,-272,NONE,0,-
2026-07-14 12:54:00,4069.5,BEARISH,NONE,NONE,-276,NONE,0,-
2026-07-14 12:55:00,4069.8,NONE,NONE,NONE,-268,NONE,0,-
2026-07-14 12:56:00,4069.9,NONE,NONE,NONE,-279,NONE,0,CIERRE TIME(25m) mae=0.5
2026-07-14 12:57:00,4070.4,NONE,NONE,NONE,-247,NONE,0,-
2026-07-14 12:58:00,4069.5,NONE,NONE,NONE,-250,NONE,0,-
2026-07-14 12:59:00,4069.5,NONE,NONE,NONE,-237,NONE,0,-
2026-07-14 13:00:00,4069.8,NONE,NONE,NONE,-223,NONE,0,-
2026-07-14 13:01:00,4067.9,BULLISH,NONE,NONE,-280,NONE,0,-
2026-07-14 13:02:00,4067.5,BULLISH,NONE,NONE,-277,BUY,1,ABRE BUY
2026-07-14 13:03:00,4067.7,NONE,NONE,NONE,-281,NONE,0,-
2026-07-14 13:04:00,4068.0,NONE,NONE,NONE,-230,NONE,0,-
2026-07-14 13:05:00,4069.0,NONE,NONE,NONE,-210,NONE,0,-
2026-07-14 13:06:00,4068.0,NONE,NONE,NONE,-216,NONE,0,-
2026-07-14 13:07:01,4067.8,NONE,NONE,NONE,-219,NONE,0,-
2026-07-14 13:08:00,4068.1,NONE,NONE,NONE,-207,NONE,0,-
2026-07-14 13:09:00,4068.2,NONE,NONE,NONE,-207,NONE,0,-
2026-07-14 13:10:01,4067.3,NONE,NONE,NONE,-217,NONE,0,-
2026-07-14 13:11:00,4067.5,BULLISH,NONE,NONE,-211,NONE,0,-
2026-07-14 13:12:00,4067.4,NONE,NONE,NONE,-216,NONE,0,-
2026-07-14 13:13:00,4067.9,NONE,NONE,NONE,-215,NONE,0,-
2026-07-14 13:14:01,4067.5,NONE,NONE,NONE,-211,NONE,0,-
2026-07-14 13:15:01,4068.6,NONE,NONE,NONE,-195,NONE,0,-
2026-07-14 13:16:01,4068.9,NONE,NONE,NONE,-156,NONE,0,-
2026-07-14 13:17:01,4068.3,NONE,NONE,NONE,-169,NONE,0,-
2026-07-14 13:18:00,4068.5,NONE,NONE,NONE,-160,NONE,0,-
2026-07-14 13:19:01,4069.0,NONE,NONE,NONE,-151,NONE,0,-
2026-07-14 13:20:01,4069.7,NONE,NONE,NONE,-131,NONE,0,-
2026-07-14 13:21:00,4067.4,NONE,NONE,NONE,-128,NONE,0,-
2026-07-14 13:22:00,4067.1,NONE,NONE,NONE,-116,NONE,0,-
2026-07-14 13:23:00,4066.7,NONE,NONE,NONE,-157,NONE,0,-
2026-07-14 13:24:00,4066.7,BULLISH,NONE,NONE,-151,NONE,0,-
2026-07-14 13:25:00,4064.0,NONE,NONE,NONE,-331,NONE,0,-
2026-07-14 13:26:01,4064.6,NONE,NONE,NONE,-311,NONE,0,-
2026-07-14 13:27:00,4065.3,NONE,NONE,NONE,-312,NONE,0,CIERRE TIME(25m) mae=3.5
2026-07-14 13:28:00,4065.0,NONE,NONE,NONE,-306,NONE,0,-
2026-07-14 13:29:01,4064.8,NONE,NONE,NONE,-293,NONE,0,-
2026-07-14 13:30:01,4065.6,NONE,NONE,NONE,-262,NONE,0,-
2026-07-14 13:31:00,4063.7,BEARISH,NONE,NONE,-322,NONE,0,-
2026-07-14 13:32:00,4064.0,BEARISH,NONE,NONE,-338,SELL,1,ABRE SELL
2026-07-14 13:33:00,4062.3,NONE,NONE,NONE,-361,NONE,0,-
2026-07-14 13:34:00,4062.5,NONE,NONE,NONE,-357,NONE,0,-
2026-07-14 13:35:00,4063.3,NONE,NONE,NONE,-364,NONE,0,-
2026-07-14 13:36:00,4063.0,NONE,NONE,NONE,-354,NONE,0,-
2026-07-14 13:37:00,4062.1,NONE,NONE,NONE,-365,NONE,0,-
2026-07-14 13:38:00,4058.7,NONE,NONE,NONE,-668,NONE,0,-
2026-07-14 13:39:00,4059.6,NONE,NONE,NONE,-587,NONE,0,-
2026-07-14 13:40:00,4059.6,NONE,NONE,NONE,-617,NONE,0,-
2026-07-14 13:41:00,4059.1,NONE,NONE,NONE,-650,NONE,0,-
2026-07-14 13:42:00,4053.9,NONE,NONE,NONE,-988,NONE,0,CIERRE TP mae=0
2026-07-14 13:43:00,4053.4,NONE,NONE,NONE,-1025,NONE,0,-
2026-07-14 13:44:00,4050.1,NONE,NONE,NONE,-1178,NONE,0,-
2026-07-14 13:45:00,4053.0,NONE,NONE,NONE,-1181,NONE,0,-
2026-07-14 13:46:01,4053.7,NONE,NONE,NONE,-1152,NONE,0,-
2026-07-14 13:47:00,4055.1,NONE,NONE,NONE,-1157,NONE,0,-
2026-07-14 13:48:00,4055.3,BEARISH,NONE,NONE,-1100,NONE,0,-
2026-07-14 13:49:00,4056.2,BEARISH,NONE,NONE,-1074,SELL,1,ABRE SELL
2026-07-14 13:50:00,4055.8,BEARISH,NONE,NONE,-1094,SELL,1,-
2026-07-14 13:51:00,4055.3,BEARISH,NONE,NONE,-1111,SELL,1,-
2026-07-14 13:52:00,4056.5,NONE,NONE,NONE,-1059,NONE,0,-
2026-07-14 13:53:00,4057.4,NONE,NONE,NONE,-996,NONE,0,-
2026-07-14 13:54:00,4057.7,NONE,NONE,NONE,-1023,NONE,0,-
2026-07-14 13:55:00,4058.3,NONE,NONE,NONE,-988,NONE,0,-
2026-07-14 13:56:00,4059.0,NONE,NONE,NONE,-1000,NONE,0,-
2026-07-14 13:57:00,4058.6,NONE,NONE,NONE,-1013,NONE,0,-
2026-07-14 13:58:00,4058.6,NONE,NONE,NONE,-994,NONE,0,-
2026-07-14 13:59:00,4060.9,BEARISH,NONE,NONE,-1004,NONE,0,-
2026-07-14 14:00:00,4060.7,BEARISH,NONE,NONE,-996,SELL,1,-
2026-07-14 14:01:00,4061.1,NONE,NONE,NONE,-975,NONE,0,-
2026-07-14 14:02:01,4060.1,NONE,NONE,NONE,-998,NONE,0,-
2026-07-14 14:03:00,4060.3,NONE,NONE,NONE,-1000,NONE,0,-
2026-07-14 14:04:00,4061.2,NONE,NONE,NONE,-986,NONE,0,-
2026-07-14 14:05:00,4059.6,NONE,NONE,NONE,-1027,NONE,0,-
2026-07-14 14:06:00,4059.3,NONE,NONE,NONE,-1047,NONE,0,-
2026-07-14 14:07:00,4060.0,NONE,NONE,NONE,-1036,NONE,0,-
2026-07-14 14:08:00,4060.1,NONE,NONE,NONE,-1027,NONE,0,-
2026-07-14 14:09:00,4060.3,NONE,NONE,NONE,-1036,NONE,0,-
2026-07-14 14:10:01,4061.0,NONE,NONE,NONE,-1030,NONE,0,-
2026-07-14 14:11:00,4061.1,BEARISH,NONE,NONE,-1011,NONE,0,-
2026-07-14 14:12:00,4060.6,NONE,NONE,NONE,-1019,NONE,0,-
2026-07-14 14:13:00,4063.4,NONE,NONE,NONE,-938,NONE,0,CIERRE SL mae=7.2
2026-07-14 14:14:00,4063.6,NONE,NONE,NONE,-936,NONE,0,-
2026-07-14 14:15:00,4063.4,BEARISH,NONE,NONE,-956,NONE,0,-
2026-07-14 14:16:00,4063.8,NONE,NONE,NONE,-976,NONE,0,-
2026-07-14 14:17:00,4062.9,NONE,NONE,NONE,-990,NONE,0,-
2026-07-14 14:18:00,4062.8,NONE,NONE,NONE,-999,NONE,0,-
2026-07-14 14:19:00,4062.6,NONE,NONE,NONE,-1018,NONE,0,-
2026-07-14 14:20:00,4063.1,NONE,NONE,NONE,-1004,NONE,0,-
2026-07-14 14:21:00,4062.0,NONE,NONE,NONE,-1024,NONE,0,-
2026-07-14 14:22:00,4060.9,NONE,NONE,NONE,-1069,NONE,0,-
2026-07-14 14:23:00,4061.1,NONE,NONE,NONE,-1069,NONE,0,-
2026-07-14 14:24:00,4059.4,NONE,NONE,NONE,-1144,NONE,0,-
2026-07-14 14:25:00,4059.3,NONE,NONE,NONE,-1148,NONE,0,-
2026-07-14 14:26:00,4059.8,BULLISH,NONE,NONE,-1122,NONE,0,-
2026-07-14 14:27:00,4059.1,BULLISH,NONE,NONE,-1162,BUY,1,ABRE BUY
2026-07-14 14:28:01,4058.8,NONE,NONE,NONE,-1164,NONE,0,-
2026-07-14 14:29:00,4058.5,NONE,NONE,NONE,-1178,NONE,0,-
2026-07-14 14:30:00,4058.1,NONE,NONE,NONE,-1214,NONE,0,-
2026-07-14 14:31:00,4055.6,NONE,NONE,NONE,-1257,NONE,0,-
2026-07-14 14:32:00,4057.2,BULLISH,NONE,NONE,-1246,NONE,0,-
2026-07-14 14:33:00,4055.7,BULLISH,NONE,NONE,-1164,BUY,1,-
2026-07-14 14:34:00,4057.1,NONE,NONE,NONE,-1140,NONE,0,-
2026-07-14 14:35:00,4056.9,NONE,NONE,NONE,-1141,NONE,0,-
2026-07-14 14:36:00,4056.6,NONE,NONE,NONE,-1140,NONE,0,-
2026-07-14 14:37:00,4058.6,NONE,NONE,NONE,-1061,NONE,0,-
2026-07-14 14:38:00,4058.4,NONE,NONE,NONE,-1078,NONE,0,-
2026-07-14 14:39:00,4057.4,BEARISH,NONE,NONE,-1101,NONE,0,-
2026-07-14 14:40:00,4057.5,NONE,NONE,NONE,-1113,NONE,0,-
2026-07-14 14:41:00,4057.6,NONE,NONE,NONE,-1104,NONE,0,-
2026-07-14 14:42:00,4056.9,NONE,NONE,NONE,-1114,NONE,0,-
2026-07-14 14:43:00,4056.9,NONE,NONE,NONE,-1128,NONE,0,-
2026-07-14 14:44:00,4058.7,NONE,NONE,NONE,-1099,NONE,0,-
2026-07-14 14:45:00,4059.1,NONE,NONE,NONE,-1083,NONE,0,-
2026-07-14 14:46:00,4060.1,NONE,NONE,NONE,-1058,NONE,0,-
2026-07-14 14:47:00,4060.7,NONE,NONE,NONE,-995,NONE,0,-
2026-07-14 14:48:00,4060.2,NONE,NONE,NONE,-1005,NONE,0,-
2026-07-14 14:49:00,4059.7,NONE,NONE,NONE,-1031,NONE,0,-
2026-07-14 14:50:00,4059.1,NONE,NONE,NONE,-1086,NONE,0,-
2026-07-14 14:51:00,4059.1,NONE,NONE,NONE,-1116,NONE,0,-
2026-07-14 14:52:00,4058.3,NONE,NONE,NONE,-1130,NONE,0,CIERRE TIME(25m) mae=3.5
2026-07-14 14:53:00,4059.4,NONE,NONE,NONE,-1138,NONE,0,-
2026-07-14 14:54:00,4061.9,BEARISH,NONE,NONE,-1050,NONE,0,-
2026-07-14 14:55:00,4061.9,NONE,NONE,NONE,-1008,NONE,0,-
2026-07-14 14:56:00,4061.2,NONE,NONE,NONE,-1065,NONE,0,-
2026-07-14 14:57:00,4062.7,NONE,NONE,NONE,-1058,NONE,0,-
2026-07-14 14:58:00,4062.7,NONE,NONE,NONE,-1037,NONE,0,-
2026-07-14 14:59:00,4062.5,NONE,NONE,NONE,-1074,NONE,0,-
2026-07-14 15:00:00,4062.3,NONE,NONE,NONE,-1009,NONE,0,-
2026-07-14 15:01:00,4061.4,NONE,NONE,NONE,-1010,NONE,0,-
2026-07-14 15:02:00,4062.0,NONE,NONE,NONE,-958,NONE,0,-
2026-07-14 15:03:00,4061.3,NONE,NONE,NONE,-960,NONE,0,-
2026-07-14 15:04:00,4061.2,NONE,NONE,NONE,-957,NONE,0,-
2026-07-14 15:05:00,4061.8,NONE,NONE,NONE,-950,NONE,0,-
2026-07-14 15:06:00,4062.1,NONE,NONE,NONE,-933,NONE,0,-
2026-07-14 15:07:00,4061.8,NONE,NONE,NONE,-936,NONE,0,-
2026-07-14 15:08:00,4061.7,NONE,NONE,NONE,-936,NONE,0,-
2026-07-14 15:09:00,4061.5,NONE,NONE,NONE,-950,NONE,0,-
2026-07-14 15:10:00,4061.2,NONE,NONE,NONE,-961,NONE,0,-
2026-07-14 15:11:00,4061.3,NONE,NONE,NONE,-957,NONE,0,-
2026-07-14 15:12:00,4060.8,BULLISH,NONE,NONE,-970,NONE,0,-
2026-07-14 15:13:00,4061.6,NONE,NONE,NONE,-952,NONE,0,-
2026-07-14 15:14:00,4061.6,NONE,NONE,NONE,-955,NONE,0,-
2026-07-14 15:15:00,4060.6,NONE,NONE,NONE,-974,NONE,0,-
2026-07-14 15:16:00,4061.3,NONE,NONE,NONE,-958,NONE,0,-
2026-07-14 15:17:00,4060.6,BULLISH,NONE,NONE,-961,NONE,0,-
2026-07-14 15:18:00,4060.3,NONE,NONE,NONE,-968,NONE,0,-
2026-07-14 15:19:00,4060.3,NONE,NONE,NONE,-969,NONE,0,-
2026-07-14 15:20:00,4059.4,NONE,NONE,NONE,-1033,NONE,0,-
2026-07-14 15:21:00,4058.9,NONE,NONE,NONE,-1030,NONE,0,-
2026-07-14 15:22:00,4059.8,BULLISH,NONE,NONE,-1024,NONE,0,-
2026-07-14 15:23:00,4060.0,BULLISH,NONE,NONE,-1031,BUY,1,ABRE BUY
2026-07-14 15:24:00,4059.8,NONE,NONE,NONE,-1022,NONE,0,-
2026-07-14 15:25:00,4060.6,NONE,NONE,NONE,-1014,NONE,0,-
2026-07-14 15:26:00,4060.4,NONE,NONE,NONE,-1009,NONE,0,-
2026-07-14 15:27:00,4060.5,NONE,NONE,NONE,-1005,NONE,0,-
2026-07-14 15:28:00,4059.8,NONE,NONE,NONE,-1057,NONE,0,-
2026-07-14 15:29:00,4059.7,NONE,NONE,NONE,-1104,NONE,0,-
2026-07-14 15:30:00,4059.5,NONE,NONE,NONE,-1109,NONE,0,-
2026-07-14 15:31:00,4059.8,NONE,NONE,NONE,-1019,NONE,0,-
2026-07-14 15:32:00,4059.3,NONE,NONE,NONE,-1060,NONE,0,-
2026-07-14 15:33:00,4058.9,BULLISH,NONE,NONE,-1059,NONE,0,-
2026-07-14 15:34:00,4058.1,NONE,NONE,NONE,-1068,NONE,0,-
2026-07-14 15:35:00,4057.9,NONE,NONE,NONE,-1077,NONE,0,-
2026-07-14 15:36:00,4056.8,NONE,NONE,NONE,-1144,NONE,0,-
2026-07-14 15:37:00,4056.8,NONE,NONE,NONE,-1190,NONE,0,-
2026-07-14 15:38:01,4056.9,NONE,NONE,NONE,-1199,NONE,0,-
2026-07-14 15:39:01,4056.9,NONE,NONE,NONE,-1207,NONE,0,-
2026-07-14 15:40:00,4056.9,NONE,NONE,NONE,-1197,NONE,0,-
2026-07-14 15:41:00,4057.4,NONE,NONE,NONE,-1195,NONE,0,-
2026-07-14 15:42:00,4057.3,NONE,NONE,NONE,-1193,NONE,0,-
2026-07-14 15:43:00,4058.4,BEARISH,NONE,NONE,-1181,NONE,0,-
2026-07-14 15:44:00,4057.1,NONE,NONE,NONE,-1216,NONE,0,-
2026-07-14 15:45:00,4057.0,NONE,NONE,NONE,-1298,NONE,0,-
2026-07-14 15:46:00,4056.4,NONE,NONE,NONE,-1237,NONE,0,-
2026-07-14 15:47:00,4056.8,NONE,NONE,NONE,-1216,NONE,0,-
2026-07-14 15:48:00,4057.4,NONE,NONE,NONE,-1216,NONE,0,CIERRE TIME(25m) mae=3.6
2026-07-14 15:49:00,4057.4,NONE,NONE,NONE,-1202,NONE,0,-
2026-07-14 15:50:00,4056.5,NONE,NONE,NONE,-1278,NONE,0,-
2026-07-14 15:51:00,4055.8,NONE,NONE,NONE,-1288,NONE,0,-
2026-07-14 15:52:00,4057.2,NONE,NONE,NONE,-1281,NONE,0,-
2026-07-14 15:53:00,4058.3,NONE,NONE,NONE,-1274,NONE,0,-
2026-07-14 15:54:00,4059.3,BEARISH,NONE,NONE,-1256,NONE,0,-
2026-07-14 15:55:00,4058.8,BEARISH,NONE,NONE,-1244,SELL,1,ABRE SELL
2026-07-14 15:56:00,4059.2,NONE,NONE,NONE,-1250,NONE,0,CIERRE TIME(1m) mae=0.4
2026-07-14 15:57:00,4059.4,NONE,NONE,NONE,-1256,NONE,0,-
2026-07-14 15:58:00,4058.9,NONE,NONE,NONE,-1228,NONE,0,-
2026-07-14 15:59:00,4059.2,NONE,NONE,NONE,-1230,NONE,0,-
2026-07-15 08:00:01,4074.5,NONE,NONE,NONE,511,NONE,0,-
2026-07-15 08:01:02,4074.1,NONE,NONE,NONE,470,NONE,0,-
2026-07-15 08:02:02,4073.7,NONE,NONE,NONE,427,NONE,0,-
2026-07-15 08:03:02,4075.1,NONE,NONE,NONE,461,NONE,0,-
2026-07-15 08:04:02,4074.9,NONE,NONE,NONE,412,NONE,0,-
2026-07-15 08:05:02,4078.7,NONE,NONE,NONE,563,NONE,0,-
2026-07-15 08:06:02,4079.3,NONE,NONE,NONE,613,NONE,0,-
2026-07-15 08:07:02,4078.7,NONE,NONE,NONE,512,NONE,0,-
2026-07-15 08:08:02,4079.2,NONE,NONE,NONE,558,NONE,0,-
2026-07-15 08:09:02,4079.4,NONE,NONE,NONE,669,NONE,0,-
2026-07-15 08:10:02,4076.2,NONE,NONE,NONE,625,NONE,0,-
2026-07-15 08:11:02,4071.0,NONE,NONE,NONE,414,NONE,0,-
2026-07-15 08:12:02,4070.9,NONE,NONE,NONE,364,NONE,0,-
2026-07-15 08:13:02,4070.5,NONE,NONE,NONE,340,NONE,0,-
2026-07-15 08:14:02,4069.1,NONE,NONE,NONE,300,NONE,0,-
2026-07-15 08:15:02,4068.3,NONE,NONE,NONE,251,NONE,0,-
2026-07-15 08:16:02,4069.2,NONE,NONE,NONE,260,NONE,0,-
2026-07-15 08:17:02,4068.9,NONE,NONE,NONE,250,NONE,0,-
2026-07-15 08:18:02,4070.1,NONE,NONE,NONE,271,NONE,0,-
2026-07-15 08:19:02,4070.7,NONE,NONE,NONE,298,NONE,0,-
2026-07-15 08:20:02,4071.6,NONE,NONE,NONE,381,NONE,0,-
2026-07-15 08:21:02,4069.9,NONE,NONE,NONE,315,NONE,0,-
2026-07-15 08:22:02,4069.5,NONE,NONE,NONE,309,NONE,0,-
2026-07-15 08:23:02,4069.5,NONE,NONE,NONE,257,NONE,0,-
2026-07-15 08:24:02,4067.7,NONE,NONE,NONE,231,NONE,0,-
2026-07-15 08:25:02,4068.2,NONE,NONE,NONE,235,NONE,0,-
2026-07-15 08:26:02,4065.3,NONE,NONE,NONE,84,NONE,0,-
2026-07-15 08:27:02,4062.0,NONE,NONE,NONE,-56,NONE,0,-
2026-07-15 08:28:02,4061.7,NONE,NONE,NONE,-141,NONE,0,-
2026-07-15 08:29:02,4061.6,NONE,NONE,NONE,22,NONE,0,-
2026-07-15 08:30:02,4062.5,NONE,NONE,NONE,-50,NONE,0,-
2026-07-15 08:31:02,4066.1,NONE,NONE,NONE,101,NONE,0,-
2026-07-15 08:32:02,4064.9,NONE,NONE,NONE,46,NONE,0,-
2026-07-15 08:33:02,4066.5,NONE,NONE,NONE,116,NONE,0,-
2026-07-15 08:34:02,4066.1,NONE,NONE,NONE,65,NONE,0,-
2026-07-15 08:35:02,4065.6,NONE,NONE,NONE,20,NONE,0,-
2026-07-15 08:36:02,4065.5,NONE,NONE,NONE,-30,NONE,0,-
2026-07-15 08:37:02,4067.4,BEARISH,NONE,NONE,84,NONE,0,-
2026-07-15 08:38:02,4066.2,NONE,NONE,NONE,92,NONE,0,-
2026-07-15 08:39:02,4067.2,NONE,NONE,NONE,119,NONE,0,-
2026-07-15 08:40:02,4067.4,NONE,NONE,NONE,215,NONE,0,-
2026-07-15 08:41:02,4068.2,NONE,NONE,NONE,211,NONE,0,-
2026-07-15 08:42:02,4068.3,NONE,NONE,NONE,213,NONE,0,-
2026-07-15 08:43:02,4066.7,BEARISH,NONE,NONE,196,NONE,0,-
2026-07-15 08:44:02,4069.1,NONE,NONE,NONE,218,NONE,0,-
2026-07-15 08:45:02,4067.9,NONE,NONE,NONE,209,NONE,0,-
2026-07-15 08:46:02,4066.4,NONE,NONE,NONE,188,NONE,0,-
2026-07-15 08:47:02,4064.8,NONE,NONE,NONE,84,NONE,0,-
2026-07-15 08:48:02,4064.4,NONE,NONE,NONE,52,NONE,0,-
2026-07-15 08:49:02,4063.5,NONE,SELL,NONE,96,NONE,0,-
2026-07-15 08:50:02,4063.4,NONE,NONE,NONE,-1,NONE,0,-
2026-07-15 08:51:02,4063.8,NONE,NONE,NONE,5,NONE,0,-
2026-07-15 08:52:02,4064.6,NONE,NONE,NONE,60,NONE,0,-
2026-07-15 08:53:02,4066.9,NONE,NONE,NONE,139,NONE,0,-
2026-07-15 08:54:02,4063.4,NONE,NONE,NONE,99,NONE,0,-
2026-07-15 08:55:02,4065.5,NONE,NONE,NONE,93,NONE,0,-
2026-07-15 08:56:02,4068.0,BEARISH,NONE,NONE,125,NONE,0,-
2026-07-15 08:57:02,4067.4,BEARISH,NONE,NONE,138,SELL,1,ABRE SELL
2026-07-15 08:58:02,4071.5,NONE,NONE,NONE,395,NONE,0,-
2026-07-15 08:59:02,4071.0,NONE,NONE,NONE,407,NONE,0,-
2026-07-15 09:00:02,4069.6,NONE,NONE,NONE,397,NONE,0,-
2026-07-15 09:01:02,4068.0,NONE,NONE,NONE,383,NONE,0,-
2026-07-15 09:02:02,4068.7,NONE,NONE,NONE,390,NONE,0,-
2026-07-15 09:03:02,4070.8,NONE,NONE,NONE,499,NONE,0,-
2026-07-15 09:04:02,4071.4,NONE,NONE,NONE,470,NONE,0,-
2026-07-15 09:05:02,4070.6,NONE,NONE,NONE,425,NONE,0,-
2026-07-15 09:06:02,4069.8,NONE,NONE,NONE,330,NONE,0,-
2026-07-15 09:07:02,4072.0,NONE,NONE,NONE,331,NONE,0,-
2026-07-15 09:08:02,4070.8,NONE,NONE,NONE,341,NONE,0,-
2026-07-15 09:09:02,4069.4,NONE,NONE,NONE,299,NONE,0,-
2026-07-15 09:10:02,4069.8,NONE,NONE,NONE,274,NONE,0,-
2026-07-15 09:11:02,4070.1,NONE,NONE,NONE,300,NONE,0,-
2026-07-15 09:12:02,4072.1,NONE,NONE,NONE,373,NONE,0,-
2026-07-15 09:13:02,4072.0,BEARISH,NONE,NONE,344,NONE,0,-
2026-07-15 09:14:02,4071.8,BEARISH,NONE,NONE,330,SELL,1,-
2026-07-15 09:15:02,4071.6,NONE,NONE,NONE,341,NONE,0,-
2026-07-15 09:16:02,4071.9,NONE,NONE,NONE,347,NONE,0,-
2026-07-15 09:17:02,4071.9,NONE,NONE,NONE,382,NONE,0,-
2026-07-15 09:18:02,4068.2,NONE,NONE,NONE,272,NONE,0,-
2026-07-15 09:19:02,4067.4,NONE,NONE,NONE,224,NONE,0,-
2026-07-15 09:20:02,4069.9,NONE,NONE,NONE,252,NONE,0,-
2026-07-15 09:21:02,4067.7,NONE,NONE,NONE,162,NONE,0,-
2026-07-15 09:22:02,4067.8,NONE,BUY,NONE,69,NONE,0,CIERRE TIME(25m) mae=4.7
2026-07-15 09:23:02,4068.7,NONE,NONE,NONE,84,NONE,0,-
2026-07-15 09:24:02,4065.8,NONE,NONE,NONE,-18,NONE,0,-
2026-07-15 09:25:02,4064.2,NONE,NONE,NONE,-183,NONE,0,-
2026-07-15 09:26:02,4064.1,NONE,NONE,NONE,-162,NONE,0,-
2026-07-15 09:27:02,4063.7,NONE,NONE,NONE,-142,NONE,0,-
2026-07-15 09:28:02,4063.6,BULLISH,NONE,NONE,-130,NONE,0,-
2026-07-15 09:29:02,4065.3,NONE,NONE,NONE,-118,NONE,0,-
2026-07-15 09:30:02,4065.3,BEARISH,NONE,NONE,-126,NONE,0,-
2026-07-15 09:31:02,4066.6,NONE,NONE,NONE,-103,NONE,0,-
2026-07-15 09:32:02,4064.9,NONE,NONE,NONE,-133,NONE,0,-
2026-07-15 09:33:02,4066.3,NONE,NONE,NONE,-140,NONE,0,-
2026-07-15 09:34:02,4068.6,NONE,NONE,NONE,-47,NONE,0,-
2026-07-15 09:35:02,4069.2,NONE,NONE,NONE,53,NONE,0,-
2026-07-15 09:36:02,4068.6,NONE,NONE,NONE,69,NONE,0,-
2026-07-15 09:37:02,4069.0,NONE,NONE,NONE,50,NONE,0,-
2026-07-15 09:38:02,4068.6,NONE,NONE,NONE,44,NONE,0,-
2026-07-15 09:39:02,4068.6,NONE,NONE,NONE,25,NONE,0,-
2026-07-15 09:40:02,4068.8,NONE,NONE,NONE,11,NONE,0,-
2026-07-15 09:41:02,4067.4,NONE,NONE,NONE,-76,NONE,0,-
2026-07-15 09:42:02,4069.1,NONE,NONE,NONE,-104,NONE,0,-
2026-07-15 09:43:02,4066.6,NONE,NONE,NONE,-154,NONE,0,-
2026-07-15 09:44:02,4064.9,NONE,NONE,NONE,-189,NONE,0,-
2026-07-15 09:45:02,4064.2,NONE,NONE,NONE,-223,NONE,0,-
2026-07-15 09:46:02,4060.7,NONE,NONE,NONE,-407,NONE,0,-
2026-07-15 09:47:02,4061.2,NONE,NONE,NONE,-490,NONE,0,-
2026-07-15 09:48:02,4061.4,NONE,NONE,NONE,-483,NONE,0,-
2026-07-15 09:49:02,4063.0,NONE,NONE,NONE,-468,NONE,0,-
2026-07-15 09:50:02,4066.2,BEARISH,NONE,NONE,-289,NONE,0,-
2026-07-15 09:51:02,4065.5,NONE,NONE,NONE,-325,NONE,0,-
2026-07-15 09:52:02,4064.2,NONE,NONE,NONE,-372,NONE,0,-
2026-07-15 09:53:02,4062.7,NONE,NONE,NONE,-409,NONE,0,-
2026-07-15 09:54:02,4063.8,NONE,NONE,NONE,-404,NONE,0,-
2026-07-15 09:55:02,4062.4,BULLISH,NONE,NONE,-391,NONE,0,-
2026-07-15 09:56:02,4063.1,NONE,NONE,NONE,-409,NONE,0,-
2026-07-15 09:57:02,4065.8,NONE,NONE,NONE,-342,NONE,0,-
2026-07-15 09:58:02,4067.1,NONE,NONE,NONE,-292,NONE,0,-
2026-07-15 09:59:02,4066.4,NONE,NONE,NONE,-278,NONE,0,-
2026-07-15 10:00:02,4067.5,NONE,NONE,NONE,-258,NONE,0,-
2026-07-15 10:01:02,4068.2,NONE,NONE,NONE,-165,NONE,0,-
2026-07-15 10:02:02,4067.3,NONE,NONE,NONE,-210,NONE,0,-
2026-07-15 10:03:02,4067.5,NONE,NONE,NONE,-242,NONE,0,-
2026-07-15 10:04:02,4065.9,NONE,NONE,NONE,-292,NONE,0,-
2026-07-15 10:05:02,4065.7,NONE,NONE,NONE,-304,NONE,0,-
2026-07-15 10:06:02,4064.5,NONE,NONE,NONE,-336,NONE,0,-
2026-07-15 10:07:02,4064.5,NONE,NONE,NONE,-350,NONE,0,-
2026-07-15 10:08:02,4064.6,NONE,NONE,NONE,-335,NONE,0,-
2026-07-15 10:09:02,4063.9,NONE,NONE,NONE,-356,NONE,0,-
2026-07-15 10:10:02,4061.1,NONE,NONE,NONE,-436,NONE,0,-
2026-07-15 10:11:02,4060.3,NONE,NONE,NONE,-490,NONE,0,-
2026-07-15 10:12:02,4059.1,NONE,NONE,NONE,-635,NONE,0,-
2026-07-15 10:13:02,4056.2,NONE,NONE,NONE,-729,NONE,0,-
2026-07-15 10:14:02,4054.2,NONE,NONE,NONE,-944,NONE,0,-
2026-07-15 10:15:02,4050.9,NONE,NONE,NONE,-1046,NONE,0,-
2026-07-15 10:16:02,4050.0,NONE,NONE,NONE,-1025,NONE,0,-
2026-07-15 10:17:02,4051.3,NONE,NONE,NONE,-998,NONE,0,-
2026-07-15 10:18:02,4052.0,NONE,NONE,NONE,-1051,NONE,0,-
2026-07-15 10:19:02,4052.8,NONE,NONE,NONE,-1048,NONE,0,-
2026-07-15 10:20:02,4052.4,NONE,NONE,NONE,-1001,NONE,0,-
2026-07-15 10:21:02,4047.7,NONE,NONE,NONE,-1302,NONE,0,-
2026-07-15 10:22:02,4047.9,NONE,NONE,NONE,-1304,NONE,0,-
2026-07-15 10:23:02,4047.0,NONE,NONE,NONE,-1339,NONE,0,-
2026-07-15 10:24:02,4048.8,NONE,NONE,NONE,-1323,NONE,0,-
2026-07-15 10:25:02,4051.5,NONE,NONE,NONE,-1244,NONE,0,-
2026-07-15 10:26:02,4053.2,NONE,NONE,NONE,-1105,NONE,0,-
2026-07-15 10:27:02,4052.6,NONE,NONE,NONE,-1071,NONE,0,-
2026-07-15 10:28:02,4054.8,NONE,NONE,NONE,-891,NONE,0,-
2026-07-15 10:29:02,4054.5,NONE,NONE,NONE,-933,NONE,0,-
2026-07-15 10:30:02,4055.6,NONE,NONE,NONE,-867,NONE,0,-
2026-07-15 10:31:02,4053.0,NONE,NONE,NONE,-863,NONE,0,-
2026-07-15 10:32:02,4053.2,BULLISH,NONE,NONE,-868,NONE,0,-
2026-07-15 10:33:02,4054.6,NONE,NONE,NONE,-862,NONE,0,-
2026-07-15 10:34:02,4055.6,NONE,NONE,NONE,-848,NONE,0,-
2026-07-15 10:35:02,4055.0,NONE,NONE,NONE,-834,NONE,0,-
2026-07-15 10:36:02,4055.2,NONE,NONE,NONE,-885,NONE,0,-
2026-07-15 10:37:02,4054.0,NONE,NONE,NONE,-879,NONE,0,-
2026-07-15 10:38:02,4054.5,NONE,NONE,NONE,-892,NONE,0,-
2026-07-15 10:39:02,4054.6,NONE,NONE,NONE,-922,NONE,0,-
2026-07-15 10:40:02,4055.4,NONE,NONE,NONE,-932,NONE,0,-
2026-07-15 10:41:02,4056.2,BEARISH,NONE,NONE,-921,NONE,0,-
2026-07-15 10:42:02,4056.8,BEARISH,NONE,NONE,-880,SELL,1,ABRE SELL
2026-07-15 10:43:02,4055.8,NONE,NONE,NONE,-910,NONE,0,-
2026-07-15 10:44:02,4056.4,NONE,NONE,NONE,-893,NONE,0,-
2026-07-15 10:45:02,4055.9,NONE,NONE,NONE,-867,NONE,0,-
2026-07-15 10:46:02,4054.7,NONE,NONE,NONE,-880,NONE,0,-
2026-07-15 10:47:02,4056.6,NONE,NONE,NONE,-852,NONE,0,-
2026-07-15 10:48:02,4056.2,NONE,NONE,NONE,-849,NONE,0,-
2026-07-15 10:49:02,4056.3,NONE,NONE,NONE,-804,NONE,0,-
2026-07-15 10:50:02,4055.9,NONE,NONE,NONE,-840,NONE,0,-
2026-07-15 10:51:02,4055.1,NONE,NONE,NONE,-854,NONE,0,-
2026-07-15 10:52:02,4054.2,BULLISH,NONE,NONE,-868,NONE,0,-
2026-07-15 10:53:02,4054.2,BULLISH,NONE,NONE,-855,BUY,1,-
2026-07-15 10:54:02,4055.5,NONE,NONE,NONE,-891,NONE,0,-
2026-07-15 10:55:02,4056.8,NONE,NONE,NONE,-854,NONE,0,-
2026-07-15 10:56:02,4055.6,NONE,NONE,NONE,-849,NONE,0,-
2026-07-15 10:57:02,4055.0,NONE,NONE,NONE,-872,NONE,0,-
2026-07-15 10:58:02,4053.2,NONE,NONE,NONE,-870,NONE,0,-
2026-07-15 10:59:02,4054.5,BULLISH,NONE,NONE,-888,NONE,0,-
2026-07-15 11:00:02,4053.2,NONE,NONE,NONE,-903,NONE,0,-
2026-07-15 11:01:02,4053.3,NONE,NONE,NONE,-876,NONE,0,-
2026-07-15 11:02:02,4052.3,NONE,BUY,NONE,-945,NONE,0,-
2026-07-15 11:03:02,4050.5,NONE,NONE,NONE,-976,NONE,0,-
2026-07-15 11:04:02,4050.4,NONE,NONE,NONE,-992,NONE,0,-
2026-07-15 11:05:02,4049.9,NONE,NONE,NONE,-1021,NONE,0,-
2026-07-15 11:06:02,4050.4,NONE,NONE,NONE,-1033,NONE,0,-
2026-07-15 11:07:02,4048.7,NONE,NONE,NONE,-1073,NONE,0,CIERRE TIME(25m) mae=0
2026-07-15 11:08:02,4049.7,NONE,NONE,NONE,-1044,NONE,0,-
2026-07-15 11:09:02,4049.9,NONE,NONE,NONE,-1056,NONE,0,-
2026-07-15 11:10:02,4048.8,NONE,NONE,NONE,-1095,NONE,0,-
2026-07-15 11:11:02,4046.0,NONE,NONE,NONE,-1208,NONE,0,-
2026-07-15 11:12:02,4044.9,NONE,NONE,NONE,-1249,NONE,0,-
2026-07-15 11:13:02,4045.8,NONE,NONE,NONE,-1251,NONE,0,-
2026-07-15 11:14:02,4044.7,NONE,NONE,NONE,-1301,NONE,0,-
2026-07-15 11:15:02,4044.3,NONE,NONE,NONE,-1331,NONE,0,-
2026-07-15 11:16:02,4046.0,NONE,NONE,NONE,-1278,NONE,0,-
2026-07-15 11:17:02,4044.5,NONE,NONE,NONE,-1255,NONE,0,-
2026-07-15 11:18:02,4043.9,NONE,NONE,NONE,-1346,NONE,0,-
2026-07-15 11:19:02,4043.4,BULLISH,NONE,NONE,-1338,NONE,0,-
2026-07-15 11:20:02,4040.5,NONE,NONE,NONE,-1452,NONE,0,-
2026-07-15 11:21:02,4040.6,NONE,NONE,NONE,-1469,NONE,0,-
2026-07-15 11:22:02,4040.4,NONE,NONE,NONE,-1423,NONE,0,-
2026-07-15 11:23:02,4042.0,NONE,NONE,NONE,-1353,NONE,0,-
2026-07-15 11:24:02,4043.9,NONE,NONE,NONE,-1311,NONE,0,-
2026-07-15 11:25:02,4042.1,NONE,NONE,NONE,-1363,NONE,0,-
2026-07-15 11:26:02,4043.0,NONE,NONE,NONE,-1375,NONE,0,-
2026-07-15 11:27:02,4042.1,NONE,NONE,NONE,-1376,NONE,0,-
2026-07-15 11:28:02,4040.3,NONE,NONE,NONE,-1391,NONE,0,-
2026-07-15 11:29:02,4040.7,NONE,NONE,NONE,-1413,NONE,0,-
2026-07-15 11:30:02,4041.8,NONE,NONE,NONE,-1419,NONE,0,-
2026-07-15 11:31:02,4042.2,NONE,NONE,NONE,-1399,NONE,0,-
2026-07-15 11:32:02,4040.4,NONE,NONE,NONE,-1493,NONE,0,-
2026-07-15 11:33:02,4041.8,NONE,NONE,NONE,-1468,NONE,0,-
2026-07-15 11:34:02,4041.6,NONE,NONE,NONE,-1462,NONE,0,-
2026-07-15 11:35:02,4037.4,NONE,NONE,NONE,-1587,NONE,0,-
2026-07-15 11:36:02,4036.6,NONE,NONE,NONE,-1868,NONE,0,-
2026-07-15 11:37:02,4036.4,NONE,NONE,NONE,-1704,NONE,0,-
2026-07-15 11:38:02,4034.5,BULLISH,NONE,NONE,-1713,NONE,0,-
2026-07-15 11:39:02,4036.6,NONE,NONE,NONE,-1693,NONE,0,-
2026-07-15 11:40:02,4036.1,NONE,NONE,NONE,-1724,NONE,0,-
2026-07-15 11:41:02,4036.8,NONE,NONE,NONE,-1738,NONE,0,-
2026-07-15 11:42:02,4037.3,NONE,NONE,NONE,-1687,NONE,0,-
2026-07-15 11:43:02,4035.5,NONE,NONE,NONE,-1642,NONE,0,-
2026-07-15 11:44:02,4034.1,BULLISH,NONE,NONE,-1658,NONE,0,-
2026-07-15 11:45:02,4034.9,BULLISH,NONE,NONE,-1681,BUY,1,ABRE BUY
2026-07-15 11:46:02,4035.3,NONE,NONE,NONE,-1661,NONE,0,-
2026-07-15 11:47:02,4040.3,NONE,NONE,NONE,-1217,NONE,0,-
2026-07-15 11:48:02,4038.4,NONE,NONE,NONE,-1216,NONE,0,-
2026-07-15 11:49:02,4039.5,NONE,NONE,NONE,-1213,NONE,0,-
2026-07-15 11:50:02,4041.9,NONE,NONE,NONE,-1130,NONE,0,-
2026-07-15 11:51:02,4043.5,NONE,NONE,NONE,-1101,NONE,0,-
2026-07-15 11:52:02,4041.8,NONE,NONE,NONE,-1129,NONE,0,-
2026-07-15 11:53:02,4043.3,NONE,NONE,NONE,-1153,NONE,0,-
2026-07-15 11:54:02,4042.4,NONE,NONE,NONE,-1158,NONE,0,-
2026-07-15 11:55:02,4039.7,NONE,NONE,NONE,-1259,NONE,0,-
2026-07-15 11:56:02,4039.2,BULLISH,NONE,NONE,-1232,NONE,0,-
2026-07-15 11:57:02,4036.5,BULLISH,NONE,NONE,-1205,BUY,1,-
2026-07-15 11:58:02,4037.8,BULLISH,NONE,NONE,-1157,BUY,1,-
2026-07-15 11:59:02,4039.2,NONE,NONE,NONE,-1121,NONE,0,-
2026-07-15 12:00:02,4039.8,NONE,NONE,NONE,-1100,NONE,0,-
2026-07-15 12:01:02,4043.5,NONE,NONE,NONE,-977,NONE,0,-
2026-07-15 12:02:02,4042.6,NONE,NONE,NONE,-976,NONE,0,-
2026-07-15 12:03:02,4044.9,BEARISH,NONE,NONE,-976,NONE,0,CIERRE TP mae=0
2026-07-15 12:04:02,4044.3,NONE,NONE,NONE,-972,NONE,0,-
2026-07-15 12:05:02,4044.4,NONE,NONE,NONE,-985,NONE,0,-
2026-07-15 12:06:02,4043.5,NONE,NONE,NONE,-1017,NONE,0,-
2026-07-15 12:07:02,4045.3,BEARISH,NONE,NONE,-981,NONE,0,-
2026-07-15 12:08:02,4044.9,NONE,NONE,NONE,-915,NONE,0,-
2026-07-15 12:09:02,4043.9,BULLISH,NONE,NONE,-924,NONE,0,-
2026-07-15 12:10:02,4043.2,NONE,NONE,NONE,-930,NONE,0,-
2026-07-15 12:11:02,4044.1,BULLISH,NONE,NONE,-931,NONE,0,-
2026-07-15 12:12:02,4044.3,NONE,NONE,NONE,-922,NONE,0,-
2026-07-15 12:13:03,4044.9,NONE,NONE,NONE,-909,NONE,0,-
2026-07-15 12:14:02,4043.0,BEARISH,NONE,NONE,-949,NONE,0,-
2026-07-15 12:15:02,4042.1,NONE,NONE,NONE,-990,NONE,0,-
2026-07-15 12:16:02,4040.0,NONE,NONE,NONE,-1092,NONE,0,-
2026-07-15 12:17:02,4041.5,NONE,NONE,NONE,-1059,NONE,0,-
2026-07-15 12:18:02,4041.9,NONE,NONE,NONE,-1074,NONE,0,-
2026-07-15 12:19:02,4042.7,NONE,NONE,NONE,-1077,NONE,0,-
2026-07-15 12:20:02,4042.4,BEARISH,NONE,NONE,-1044,NONE,0,-
2026-07-15 12:21:02,4042.2,NONE,NONE,NONE,-1034,NONE,0,-
2026-07-15 12:22:02,4043.3,NONE,NONE,NONE,-1023,NONE,0,-
2026-07-15 12:23:02,4044.1,NONE,NONE,NONE,-1003,NONE,0,-
2026-07-15 12:24:02,4043.7,NONE,NONE,NONE,-985,NONE,0,-
2026-07-15 12:25:02,4044.6,NONE,NONE,NONE,-961,NONE,0,-
2026-07-15 12:26:02,4045.2,BEARISH,NONE,NONE,-973,NONE,0,-
2026-07-15 12:27:02,4045.0,NONE,NONE,NONE,-976,NONE,0,-
2026-07-15 12:28:02,4045.5,BEARISH,NONE,NONE,-974,NONE,0,-
2026-07-15 12:29:02,4048.1,NONE,NONE,NONE,-867,NONE,0,-
2026-07-15 12:30:02,4054.2,NONE,NONE,NONE,-586,NONE,0,-
2026-07-15 12:31:02,4057.0,NONE,NONE,NONE,-468,NONE,0,-
2026-07-15 12:32:02,4057.2,NONE,NONE,NONE,-516,NONE,0,-
2026-07-15 12:33:02,4056.9,NONE,NONE,NONE,-525,NONE,0,-
2026-07-15 12:34:02,4061.7,NONE,NONE,NONE,-435,NONE,0,-
2026-07-15 12:35:02,4060.5,NONE,NONE,NONE,-432,NONE,0,-
2026-07-15 12:36:02,4063.7,NONE,NONE,NONE,-289,NONE,0,-
2026-07-15 12:37:02,4063.6,BEARISH,NONE,NONE,-288,NONE,0,-
2026-07-15 12:38:02,4065.6,NONE,NONE,NONE,-245,NONE,0,-
2026-07-15 12:39:02,4066.7,NONE,NONE,NONE,-233,NONE,0,-
2026-07-15 12:40:02,4063.7,NONE,NONE,NONE,-298,NONE,0,-
2026-07-15 12:41:02,4064.0,NONE,NONE,NONE,-316,NONE,0,-
2026-07-15 12:42:02,4066.1,NONE,NONE,NONE,-274,NONE,0,-
2026-07-15 12:43:02,4066.9,NONE,NONE,NONE,-278,NONE,0,-
2026-07-15 12:44:02,4069.4,NONE,NONE,NONE,-178,NONE,0,-
2026-07-15 12:45:02,4069.0,BEARISH,NONE,NONE,-226,NONE,0,-
2026-07-15 12:46:02,4070.2,BEARISH,NONE,NONE,-202,SELL,1,ABRE SELL
2026-07-15 12:47:02,4071.7,NONE,NONE,NONE,-134,NONE,0,-
2026-07-15 12:48:02,4070.1,NONE,NONE,NONE,-179,NONE,0,-
2026-07-15 12:49:02,4070.2,NONE,NONE,NONE,-274,NONE,0,-
2026-07-15 12:50:02,4071.6,NONE,NONE,NONE,-231,NONE,0,-
2026-07-15 12:51:02,4069.6,NONE,NONE,NONE,-306,NONE,0,-
2026-07-15 12:52:02,4071.1,NONE,NONE,NONE,-367,NONE,0,-
2026-07-15 12:53:02,4070.4,NONE,NONE,NONE,-391,NONE,0,-
2026-07-15 12:54:02,4070.2,NONE,NONE,NONE,-433,NONE,0,-
2026-07-15 12:55:02,4069.9,NONE,NONE,NONE,-388,NONE,0,-
2026-07-15 12:56:02,4068.9,NONE,NONE,NONE,-488,NONE,0,-
2026-07-15 12:57:02,4068.8,NONE,NONE,NONE,-592,NONE,0,-
2026-07-15 12:58:02,4070.6,NONE,NONE,NONE,-526,NONE,0,-
2026-07-15 12:59:02,4069.9,NONE,NONE,NONE,-514,NONE,0,-
2026-07-15 13:00:02,4068.9,NONE,NONE,NONE,-498,NONE,0,-
2026-07-15 13:01:02,4071.1,NONE,NONE,NONE,-398,NONE,0,-
2026-07-15 13:02:02,4070.5,NONE,NONE,NONE,-416,NONE,0,-
2026-07-15 13:03:02,4073.1,NONE,NONE,NONE,-362,NONE,0,-
2026-07-15 13:04:02,4075.1,NONE,NONE,NONE,-156,NONE,0,-
2026-07-15 13:05:02,4074.9,NONE,NONE,NONE,-137,NONE,0,-
2026-07-15 13:06:02,4075.5,BEARISH,NONE,NONE,-142,NONE,0,-
2026-07-15 13:07:02,4075.9,NONE,NONE,NONE,-103,NONE,0,-
2026-07-15 13:08:02,4074.2,NONE,NONE,NONE,-81,NONE,0,-
2026-07-15 13:09:02,4073.7,NONE,NONE,NONE,-130,NONE,0,-
2026-07-15 13:10:02,4074.0,BULLISH,NONE,NONE,-128,NONE,0,-
2026-07-15 13:11:02,4073.7,NONE,NONE,NONE,-143,NONE,0,CIERRE TIME(25m) mae=5.7
2026-07-15 13:12:02,4075.1,NONE,NONE,NONE,-131,NONE,0,-
2026-07-15 13:13:02,4073.2,BULLISH,NONE,NONE,-132,NONE,0,-
2026-07-15 13:14:02,4073.6,NONE,NONE,NONE,-129,NONE,0,-
2026-07-15 13:15:02,4075.9,NONE,NONE,NONE,-94,NONE,0,-
2026-07-15 13:16:02,4075.2,NONE,NONE,NONE,-102,NONE,0,-
2026-07-15 13:17:02,4075.0,NONE,NONE,NONE,-113,NONE,0,-
2026-07-15 13:18:02,4075.5,NONE,NONE,NONE,-86,NONE,0,-
2026-07-15 13:19:02,4074.8,NONE,NONE,NONE,-126,NONE,0,-
2026-07-15 13:20:02,4077.0,BEARISH,NONE,NONE,-125,NONE,0,-
2026-07-15 13:21:02,4076.9,NONE,NONE,NONE,-129,NONE,0,-
2026-07-15 13:22:02,4078.0,NONE,NONE,NONE,-34,NONE,0,-
2026-07-15 13:23:02,4077.9,NONE,SELL,NONE,1,NONE,0,-
2026-07-15 13:24:02,4078.1,BEARISH,NONE,NONE,-34,NONE,0,-
2026-07-15 13:25:02,4077.9,NONE,NONE,NONE,-45,NONE,0,-
2026-07-15 13:26:02,4078.4,BEARISH,NONE,NONE,-19,NONE,0,-
2026-07-15 13:27:02,4077.0,BEARISH,NONE,NONE,-53,SELL,1,ABRE SELL
2026-07-15 13:28:02,4078.5,NONE,NONE,NONE,-121,NONE,0,-
2026-07-15 13:29:02,4079.0,NONE,NONE,NONE,-129,NONE,0,-
2026-07-15 13:30:02,4082.1,NONE,NONE,NONE,210,NONE,0,-
2026-07-15 13:31:02,4085.8,NONE,NONE,NONE,522,NONE,0,CIERRE SL mae=8.8
2026-07-15 13:32:02,4087.0,NONE,NONE,NONE,601,NONE,0,-
2026-07-15 13:33:02,4082.6,NONE,NONE,NONE,494,NONE,0,-
2026-07-15 13:34:02,4081.4,NONE,NONE,NONE,475,NONE,0,-
2026-07-15 13:35:02,4079.7,NONE,NONE,NONE,393,NONE,0,-
2026-07-15 13:36:02,4079.9,NONE,NONE,NONE,309,NONE,0,-
2026-07-15 13:37:02,4079.4,NONE,NONE,NONE,282,NONE,0,-
2026-07-15 13:38:02,4080.2,NONE,NONE,NONE,286,NONE,0,-
2026-07-15 13:39:02,4079.0,NONE,NONE,NONE,278,NONE,0,-
2026-07-15 13:40:02,4078.4,NONE,NONE,NONE,192,NONE,0,-
2026-07-15 13:41:02,4077.2,NONE,NONE,NONE,95,NONE,0,-
2026-07-15 13:42:02,4076.3,NONE,NONE,NONE,-43,NONE,0,-
2026-07-15 13:43:02,4076.7,BULLISH,NONE,NONE,-29,NONE,0,-
2026-07-15 13:44:02,4076.1,NONE,NONE,NONE,-111,NONE,0,-
2026-07-15 13:45:02,4074.7,NONE,NONE,NONE,-150,NONE,0,-
2026-07-15 13:46:02,4074.8,NONE,NONE,NONE,-198,NONE,0,-
2026-07-15 13:47:02,4074.4,NONE,NONE,NONE,-447,NONE,0,-
2026-07-15 13:48:02,4072.8,NONE,NONE,NONE,-446,NONE,0,-
2026-07-15 13:49:02,4072.1,NONE,NONE,NONE,-492,NONE,0,-
2026-07-15 13:50:02,4071.6,NONE,NONE,NONE,-546,NONE,0,-
2026-07-15 13:51:02,4071.0,NONE,NONE,NONE,-639,NONE,0,-
2026-07-15 13:52:02,4070.5,NONE,NONE,NONE,-670,NONE,0,-
2026-07-15 13:53:02,4071.1,NONE,NONE,NONE,-657,NONE,0,-
2026-07-15 13:54:02,4070.6,NONE,NONE,NONE,-647,NONE,0,-
2026-07-15 13:55:02,4070.4,NONE,NONE,NONE,-658,NONE,0,-
2026-07-15 13:56:02,4070.5,BEARISH,NONE,NONE,-663,NONE,0,-
2026-07-15 13:57:02,4069.0,NONE,NONE,NONE,-658,NONE,0,-
2026-07-15 13:58:02,4067.6,NONE,NONE,NONE,-750,NONE,0,-
2026-07-15 13:59:02,4065.9,NONE,NONE,NONE,-832,NONE,0,-
2026-07-15 14:00:02,4065.8,NONE,NONE,NONE,-843,NONE,0,-
2026-07-15 14:01:02,4065.3,NONE,NONE,NONE,-872,NONE,0,-
2026-07-15 14:02:02,4068.1,NONE,NONE,NONE,-726,NONE,0,-
2026-07-15 14:03:02,4068.3,NONE,NONE,NONE,-657,NONE,0,-
2026-07-15 14:04:02,4067.5,NONE,NONE,NONE,-660,NONE,0,-
2026-07-15 14:05:02,4068.2,NONE,NONE,NONE,-629,NONE,0,-
2026-07-15 14:06:02,4067.1,NONE,NONE,NONE,-694,NONE,0,-
2026-07-15 14:07:02,4067.4,NONE,NONE,NONE,-686,NONE,0,-
2026-07-15 14:08:02,4067.3,NONE,NONE,NONE,-684,NONE,0,-
2026-07-15 14:09:02,4066.8,NONE,NONE,NONE,-667,NONE,0,-
2026-07-15 14:10:02,4068.2,NONE,NONE,NONE,-614,NONE,0,-
2026-07-15 14:11:02,4069.3,NONE,NONE,NONE,-590,NONE,0,-
2026-07-15 14:12:02,4068.2,NONE,NONE,NONE,-582,NONE,0,-
2026-07-15 14:13:02,4068.0,NONE,NONE,NONE,-545,NONE,0,-
2026-07-15 14:14:02,4067.7,NONE,NONE,NONE,-550,NONE,0,-
2026-07-15 14:15:02,4068.1,NONE,NONE,NONE,-542,NONE,0,-
2026-07-15 14:16:02,4068.1,NONE,NONE,NONE,-528,NONE,0,-
2026-07-15 14:17:02,4065.3,BULLISH,NONE,NONE,-587,NONE,0,-
2026-07-15 14:18:02,4065.6,NONE,NONE,NONE,-603,NONE,0,-
2026-07-15 14:19:02,4064.4,NONE,NONE,NONE,-712,NONE,0,-
2026-07-15 14:20:02,4063.9,NONE,NONE,NONE,-707,NONE,0,-
2026-07-15 14:21:02,4062.4,NONE,NONE,NONE,-847,NONE,0,-
2026-07-15 14:22:02,4062.2,NONE,NONE,NONE,-905,NONE,0,-
2026-07-15 14:23:02,4061.6,NONE,NONE,NONE,-898,NONE,0,-
2026-07-15 14:24:02,4062.0,NONE,NONE,NONE,-869,NONE,0,-
2026-07-15 14:25:02,4062.0,BULLISH,NONE,NONE,-916,NONE,0,-
2026-07-15 14:26:02,4063.3,NONE,NONE,NONE,-903,NONE,0,-
2026-07-15 14:27:02,4063.2,NONE,NONE,NONE,-902,NONE,0,-
2026-07-15 14:28:02,4064.5,NONE,NONE,NONE,-810,NONE,0,-
2026-07-15 14:29:02,4063.5,NONE,NONE,NONE,-826,NONE,0,-
2026-07-15 14:30:02,4063.3,NONE,NONE,NONE,-824,NONE,0,-
2026-07-15 14:31:02,4064.3,NONE,NONE,NONE,-810,NONE,0,-
2026-07-15 14:32:02,4063.8,NONE,NONE,NONE,-807,NONE,0,-
2026-07-15 14:33:02,4060.8,NONE,NONE,NONE,-921,NONE,0,-
2026-07-15 14:34:02,4059.1,NONE,NONE,NONE,-1019,NONE,0,-
2026-07-15 14:35:02,4056.9,NONE,NONE,NONE,-1092,NONE,0,-
2026-07-15 14:36:02,4057.7,BULLISH,NONE,NONE,-1072,NONE,0,-
2026-07-15 14:37:02,4057.6,NONE,NONE,NONE,-1087,NONE,0,-
2026-07-15 14:38:02,4059.2,NONE,NONE,NONE,-1041,NONE,0,-
2026-07-15 14:39:02,4057.4,NONE,NONE,NONE,-1034,NONE,0,-
2026-07-15 14:40:02,4057.7,NONE,NONE,NONE,-1050,NONE,0,-
2026-07-15 14:41:02,4058.6,NONE,NONE,NONE,-997,NONE,0,-
2026-07-15 14:42:02,4058.8,NONE,NONE,NONE,-977,NONE,0,-
2026-07-15 14:43:02,4059.9,NONE,NONE,NONE,-901,NONE,0,-
2026-07-15 14:44:02,4059.5,NONE,NONE,NONE,-877,NONE,0,-
2026-07-15 14:45:02,4058.3,NONE,NONE,NONE,-883,NONE,0,-
2026-07-15 14:46:02,4059.3,NONE,NONE,NONE,-810,NONE,0,-
2026-07-15 14:47:02,4058.7,NONE,NONE,NONE,-807,NONE,0,-
2026-07-15 14:48:02,4058.9,BULLISH,NONE,NONE,-812,NONE,0,-
2026-07-15 14:49:02,4059.9,BULLISH,NONE,NONE,-780,BUY,1,ABRE BUY
2026-07-15 14:50:02,4059.8,NONE,NONE,NONE,-782,NONE,0,-
2026-07-15 14:51:02,4060.5,NONE,NONE,NONE,-797,NONE,0,-
2026-07-15 14:52:02,4060.8,NONE,NONE,NONE,-756,NONE,0,-
2026-07-15 14:53:02,4061.4,NONE,NONE,NONE,-744,NONE,0,-
2026-07-15 14:54:02,4061.3,NONE,NONE,NONE,-740,NONE,0,-
2026-07-15 14:55:02,4059.8,NONE,NONE,NONE,-735,NONE,0,-
2026-07-15 14:56:02,4060.8,NONE,NONE,NONE,-682,NONE,0,-
2026-07-15 14:57:02,4060.6,NONE,NONE,NONE,-536,NONE,0,-
2026-07-15 14:58:02,4060.1,NONE,NONE,NONE,-519,NONE,0,-
2026-07-15 14:59:02,4062.5,BEARISH,NONE,NONE,-488,NONE,0,-
2026-07-15 15:00:02,4063.3,NONE,NONE,NONE,-399,NONE,0,-
2026-07-15 15:01:02,4062.2,BEARISH,NONE,NONE,-437,NONE,0,-
2026-07-15 15:02:02,4064.1,NONE,NONE,NONE,-432,NONE,0,-
2026-07-15 15:03:02,4063.9,NONE,NONE,NONE,-437,NONE,0,-
2026-07-15 15:04:02,4064.8,BEARISH,NONE,NONE,-392,NONE,0,-
2026-07-15 15:05:02,4064.8,NONE,NONE,NONE,-382,NONE,0,-
2026-07-15 15:06:02,4064.8,NONE,NONE,NONE,-375,NONE,0,-
2026-07-15 15:07:02,4063.9,NONE,NONE,NONE,-358,NONE,0,-
2026-07-15 15:08:02,4064.8,NONE,NONE,NONE,-311,NONE,0,-
2026-07-15 15:09:02,4064.4,NONE,NONE,NONE,-311,NONE,0,-
2026-07-15 15:10:02,4064.2,BULLISH,NONE,NONE,-282,NONE,0,-
2026-07-15 15:11:02,4064.1,BULLISH,NONE,NONE,-278,BUY,1,-
2026-07-15 15:12:02,4063.7,NONE,NONE,NONE,-281,NONE,0,-
2026-07-15 15:13:02,4064.1,NONE,NONE,NONE,-264,NONE,0,-
2026-07-15 15:14:02,4064.2,NONE,NONE,NONE,-276,NONE,0,CIERRE TIME(25m) mae=0.1
2026-07-15 15:15:02,4064.3,NONE,NONE,NONE,-293,NONE,0,-
2026-07-15 15:16:02,4064.3,BEARISH,NONE,NONE,-288,NONE,0,-
2026-07-15 15:17:02,4066.7,NONE,NONE,NONE,-165,NONE,0,-
2026-07-15 15:18:02,4065.8,NONE,NONE,NONE,-170,NONE,0,-
2026-07-15 15:19:02,4066.3,NONE,NONE,NONE,-117,NONE,0,-
2026-07-15 15:20:02,4066.1,NONE,NONE,NONE,-127,NONE,0,-
2026-07-15 15:21:02,4067.6,BEARISH,NONE,NONE,-108,NONE,0,-
2026-07-15 15:22:02,4068.3,BEARISH,NONE,NONE,-78,SELL,1,ABRE SELL
2026-07-15 15:23:02,4067.5,NONE,NONE,NONE,-93,NONE,0,-
2026-07-15 15:24:02,4067.3,NONE,NONE,NONE,-88,NONE,0,-
2026-07-15 15:25:02,4067.0,NONE,NONE,NONE,-94,NONE,0,-
2026-07-15 15:26:02,4068.3,NONE,NONE,NONE,-58,NONE,0,-
2026-07-15 15:27:02,4068.3,NONE,NONE,NONE,-53,NONE,0,-
2026-07-15 15:28:02,4068.3,NONE,NONE,NONE,-56,NONE,0,-
2026-07-15 15:29:02,4067.7,NONE,NONE,NONE,-102,NONE,0,-
2026-07-15 15:30:02,4068.2,NONE,NONE,NONE,-108,NONE,0,-
2026-07-15 15:31:02,4068.0,NONE,NONE,NONE,-123,NONE,0,-
2026-07-15 15:32:02,4067.7,NONE,NONE,NONE,-141,NONE,0,-
2026-07-15 15:33:02,4068.0,NONE,NONE,NONE,-131,NONE,0,-
2026-07-15 15:34:02,4067.7,NONE,NONE,NONE,-140,NONE,0,-
2026-07-15 15:35:02,4067.4,NONE,NONE,NONE,-138,NONE,0,-
2026-07-15 15:36:02,4068.4,NONE,NONE,NONE,-135,NONE,0,-
2026-07-15 15:37:02,4068.7,NONE,NONE,NONE,-92,NONE,0,-
2026-07-15 15:38:02,4068.9,NONE,NONE,NONE,-87,NONE,0,-
2026-07-15 15:39:02,4068.8,NONE,NONE,NONE,-82,NONE,0,-
2026-07-15 15:40:02,4069.5,NONE,NONE,NONE,-75,NONE,0,-
2026-07-15 15:41:02,4069.6,NONE,NONE,NONE,-86,NONE,0,-
2026-07-15 15:42:02,4068.7,NONE,NONE,NONE,-91,NONE,0,-
2026-07-15 15:43:02,4068.4,NONE,NONE,NONE,-94,NONE,0,-
2026-07-15 15:44:02,4067.8,NONE,NONE,NONE,-119,NONE,0,-
2026-07-15 15:45:02,4068.0,NONE,NONE,NONE,-120,NONE,0,-
2026-07-15 15:46:02,4068.3,NONE,NONE,NONE,-124,NONE,0,-
2026-07-15 15:47:02,4068.3,NONE,NONE,NONE,-133,NONE,0,CIERRE TIME(25m) mae=1.3
2026-07-15 15:48:02,4068.2,NONE,NONE,NONE,-125,NONE,0,-
2026-07-15 15:49:02,4068.4,NONE,NONE,NONE,-135,NONE,0,-
2026-07-15 15:50:02,4068.4,NONE,NONE,NONE,-128,NONE,0,-
2026-07-15 15:51:02,4069.4,NONE,NONE,NONE,-71,NONE,0,-
2026-07-15 15:52:02,4068.1,NONE,NONE,NONE,-65,NONE,0,-
2026-07-15 15:53:02,4068.0,NONE,NONE,NONE,-74,NONE,0,-
2026-07-15 15:54:02,4067.8,BULLISH,NONE,NONE,-77,NONE,0,-
2026-07-15 15:55:02,4068.0,NONE,NONE,NONE,-66,NONE,0,-
2026-07-15 15:56:02,4068.0,NONE,BUY,NONE,-65,NONE,0,-
2026-07-15 15:57:02,4067.4,NONE,NONE,NONE,-57,NONE,0,-
2026-07-15 15:58:02,4066.6,NONE,NONE,NONE,-125,NONE,0,-
2026-07-15 15:59:02,4067.4,NONE,NONE,NONE,-116,NONE,0,-
2026-07-16 08:00:01,4064.8,NONE,NONE,NONE,-313,NONE,0,-
2026-07-16 08:01:02,4064.8,NONE,NONE,NONE,-313,NONE,0,-
2026-07-16 08:02:02,4064.8,NONE,NONE,NONE,-313,NONE,0,-
2026-07-16 08:03:02,4064.8,NONE,NONE,NONE,-313,NONE,0,-
2026-07-16 08:04:02,4064.8,NONE,NONE,NONE,-313,NONE,0,-
2026-07-16 08:05:02,4064.8,NONE,NONE,NONE,-313,NONE,0,-
2026-07-16 08:06:02,4064.8,NONE,NONE,NONE,-313,NONE,0,-
2026-07-16 08:07:02,4064.8,NONE,NONE,NONE,-313,NONE,0,-
2026-07-16 08:08:02,4064.8,NONE,NONE,NONE,-313,NONE,0,-
2026-07-16 08:09:02,4064.8,NONE,NONE,NONE,-313,NONE,0,-
2026-07-16 08:10:02,4064.8,NONE,NONE,NONE,-313,NONE,0,-
2026-07-16 08:11:02,4064.8,NONE,NONE,NONE,-313,NONE,0,-
2026-07-16 08:12:02,4064.8,NONE,NONE,NONE,-313,NONE,0,-
2026-07-16 08:13:02,4064.8,NONE,NONE,NONE,-313,NONE,0,-
2026-07-16 08:14:02,4064.8,NONE,NONE,NONE,-313,NONE,0,-
2026-07-16 08:15:02,4064.8,NONE,NONE,NONE,-313,NONE,0,-
2026-07-16 08:16:02,4064.8,NONE,NONE,NONE,-313,NONE,0,-
2026-07-16 08:17:02,4064.8,NONE,NONE,NONE,-313,NONE,0,-
2026-07-16 08:18:02,4064.8,NONE,NONE,NONE,-313,NONE,0,-
2026-07-16 08:19:02,4064.8,NONE,NONE,NONE,-313,NONE,0,-
2026-07-16 08:20:02,4064.8,NONE,NONE,NONE,-313,NONE,0,-
2026-07-16 08:21:02,4064.8,NONE,NONE,NONE,-313,NONE,0,-
2026-07-16 08:22:02,4064.8,NONE,NONE,NONE,-313,NONE,0,-
2026-07-16 08:23:02,4064.8,NONE,NONE,NONE,-313,NONE,0,-
2026-07-16 08:24:02,4064.8,NONE,NONE,NONE,-313,NONE,0,-
2026-07-16 08:25:02,4064.8,NONE,NONE,NONE,-313,NONE,0,-
2026-07-16 08:26:02,4064.8,NONE,NONE,NONE,-313,NONE,0,-
2026-07-16 08:27:02,4064.8,NONE,NONE,NONE,-313,NONE,0,-
2026-07-16 08:28:02,4064.8,NONE,NONE,NONE,-313,NONE,0,-
2026-07-16 08:29:02,4064.8,NONE,NONE,NONE,-313,NONE,0,-
2026-07-16 08:30:02,4064.8,NONE,NONE,NONE,-313,NONE,0,-
2026-07-16 08:31:02,4064.8,NONE,NONE,NONE,-313,NONE,0,-
2026-07-16 08:32:02,4064.8,NONE,NONE,NONE,-313,NONE,0,-
2026-07-16 08:33:02,4064.8,NONE,NONE,NONE,-313,NONE,0,-
2026-07-16 08:34:02,4064.8,NONE,NONE,NONE,-313,NONE,0,-
2026-07-16 08:35:02,4064.8,NONE,NONE,NONE,-313,NONE,0,-
2026-07-16 08:36:02,4064.8,NONE,NONE,NONE,-313,NONE,0,-
2026-07-16 08:37:02,4064.8,NONE,NONE,NONE,-313,NONE,0,-
2026-07-16 08:38:02,4064.8,NONE,NONE,NONE,-313,NONE,0,-
2026-07-16 08:39:02,4064.8,NONE,NONE,NONE,-313,NONE,0,-
2026-07-16 08:40:02,4064.8,NONE,NONE,NONE,-313,NONE,0,-
2026-07-16 08:41:02,4064.8,NONE,NONE,NONE,-313,NONE,0,-
2026-07-16 08:42:02,4064.8,NONE,NONE,NONE,-313,NONE,0,-
2026-07-16 08:43:02,4064.8,NONE,NONE,NONE,-313,NONE,0,-
2026-07-16 08:44:02,4064.8,NONE,NONE,NONE,-313,NONE,0,-
2026-07-16 08:45:02,4064.8,NONE,NONE,NONE,-313,NONE,0,-
2026-07-16 08:46:02,4064.8,NONE,NONE,NONE,-313,NONE,0,-
2026-07-16 08:47:02,4064.8,NONE,NONE,NONE,-313,NONE,0,-
2026-07-16 08:48:02,4064.8,NONE,NONE,NONE,-313,NONE,0,-
2026-07-16 08:49:02,4064.8,NONE,NONE,NONE,-313,NONE,0,-
2026-07-16 08:50:02,4064.8,NONE,NONE,NONE,-313,NONE,0,-
2026-07-16 08:51:02,4064.8,NONE,NONE,NONE,-313,NONE,0,-
2026-07-16 08:52:02,4064.8,NONE,NONE,NONE,-313,NONE,0,-
2026-07-16 08:53:02,4064.8,NONE,NONE,NONE,-313,NONE,0,-
2026-07-16 08:54:02,4064.8,NONE,NONE,NONE,-313,NONE,0,-
2026-07-16 08:55:02,4064.8,NONE,NONE,NONE,-313,NONE,0,-
2026-07-16 08:56:02,4064.8,NONE,NONE,NONE,-313,NONE,0,-
2026-07-16 08:57:02,4064.8,NONE,NONE,NONE,-313,NONE,0,-
2026-07-16 08:58:02,4064.8,NONE,NONE,NONE,-313,NONE,0,-
2026-07-16 08:59:02,4064.8,NONE,NONE,NONE,-313,NONE,0,-
2026-07-16 09:00:02,4064.8,NONE,NONE,NONE,-313,NONE,0,-
2026-07-16 09:01:02,4064.8,NONE,NONE,NONE,-313,NONE,0,-
2026-07-16 09:02:02,4064.8,NONE,NONE,NONE,-313,NONE,0,-
2026-07-16 09:03:02,4064.8,NONE,NONE,NONE,-313,NONE,0,-
2026-07-16 09:04:02,4064.8,NONE,NONE,NONE,-313,NONE,0,-
2026-07-16 09:05:02,4064.8,NONE,NONE,NONE,-313,NONE,0,-
2026-07-16 09:06:02,4064.8,NONE,NONE,NONE,-313,NONE,0,-
2026-07-16 09:07:02,4064.8,NONE,NONE,NONE,-313,NONE,0,-
2026-07-16 09:08:02,4064.8,NONE,NONE,NONE,-313,NONE,0,-
2026-07-16 09:09:02,4064.8,NONE,NONE,NONE,-313,NONE,0,-
2026-07-16 09:10:02,4064.8,NONE,NONE,NONE,-313,NONE,0,-
2026-07-16 09:11:02,4064.8,NONE,NONE,NONE,-313,NONE,0,-
2026-07-16 09:12:02,4064.8,NONE,NONE,NONE,-313,NONE,0,-
2026-07-16 09:13:02,4064.8,NONE,NONE,NONE,-313,NONE,0,-
2026-07-16 09:14:02,4064.8,NONE,NONE,NONE,-313,NONE,0,-
2026-07-16 09:15:02,4064.8,NONE,NONE,NONE,-313,NONE,0,-
2026-07-16 09:16:02,4064.8,NONE,NONE,NONE,-313,NONE,0,-
2026-07-16 09:17:02,4064.8,NONE,NONE,NONE,-313,NONE,0,-
2026-07-16 09:18:02,4064.8,NONE,NONE,NONE,-313,NONE,0,-
2026-07-16 09:19:02,4064.8,NONE,NONE,NONE,-313,NONE,0,-
2026-07-16 09:20:02,4064.8,NONE,NONE,NONE,-313,NONE,0,-
2026-07-16 09:21:02,4064.8,NONE,NONE,NONE,-313,NONE,0,-
2026-07-16 09:22:02,4064.8,NONE,NONE,NONE,-313,NONE,0,-
2026-07-16 09:23:02,4064.8,NONE,NONE,NONE,-313,NONE,0,-
2026-07-16 09:24:02,4064.8,NONE,NONE,NONE,-313,NONE,0,-
2026-07-16 09:25:02,4064.8,NONE,NONE,NONE,-313,NONE,0,-
2026-07-16 09:26:02,4064.8,NONE,NONE,NONE,-313,NONE,0,-
2026-07-16 09:27:02,4064.8,NONE,NONE,NONE,-313,NONE,0,-
2026-07-16 09:28:02,4064.8,NONE,NONE,NONE,-313,NONE,0,-
2026-07-16 09:29:02,4064.8,NONE,NONE,NONE,-313,NONE,0,-
2026-07-16 09:30:02,4064.8,NONE,NONE,NONE,-313,NONE,0,-
2026-07-16 09:31:02,4064.8,NONE,NONE,NONE,-313,NONE,0,-
2026-07-16 09:32:02,4064.8,NONE,NONE,NONE,-313,NONE,0,-
2026-07-16 09:33:02,4064.8,NONE,NONE,NONE,-313,NONE,0,-
2026-07-16 09:34:02,4064.8,NONE,NONE,NONE,-313,NONE,0,-
2026-07-16 09:35:02,4064.8,NONE,NONE,NONE,-313,NONE,0,-
2026-07-16 09:36:02,4064.8,NONE,NONE,NONE,-313,NONE,0,-
2026-07-16 09:37:02,4064.8,NONE,NONE,NONE,-313,NONE,0,-
2026-07-16 09:38:02,4064.8,NONE,NONE,NONE,-313,NONE,0,-
2026-07-16 09:39:02,4064.8,NONE,NONE,NONE,-313,NONE,0,-
2026-07-16 09:40:02,4064.8,NONE,NONE,NONE,-313,NONE,0,-
2026-07-16 09:41:02,4064.8,NONE,NONE,NONE,-313,NONE,0,-
2026-07-16 09:42:02,4064.8,NONE,NONE,NONE,-313,NONE,0,-
2026-07-16 09:43:02,4064.8,NONE,NONE,NONE,-313,NONE,0,-
2026-07-16 09:44:02,4064.8,NONE,NONE,NONE,-313,NONE,0,-
2026-07-16 09:45:02,4064.8,NONE,NONE,NONE,-313,NONE,0,-
2026-07-16 09:46:02,4064.8,NONE,NONE,NONE,-313,NONE,0,-
2026-07-16 09:47:02,4064.8,NONE,NONE,NONE,-313,NONE,0,-
2026-07-16 09:48:02,4064.8,NONE,NONE,NONE,-313,NONE,0,-
2026-07-16 09:49:02,4064.8,NONE,NONE,NONE,-313,NONE,0,-
2026-07-16 09:50:02,4064.8,NONE,NONE,NONE,-313,NONE,0,-
2026-07-16 09:51:02,4064.8,NONE,NONE,NONE,-313,NONE,0,-
2026-07-16 09:52:02,4064.8,NONE,NONE,NONE,-313,NONE,0,-
2026-07-16 09:53:02,4064.8,NONE,NONE,NONE,-313,NONE,0,-
2026-07-16 09:54:02,4064.8,NONE,NONE,NONE,-313,NONE,0,-
2026-07-16 09:55:02,4064.8,NONE,NONE,NONE,-313,NONE,0,-
2026-07-16 09:56:02,4064.8,NONE,NONE,NONE,-313,NONE,0,-
2026-07-16 09:57:02,4064.8,NONE,NONE,NONE,-313,NONE,0,-
2026-07-16 09:58:02,4064.8,NONE,NONE,NONE,-313,NONE,0,-
2026-07-16 09:59:02,4064.8,NONE,NONE,NONE,-313,NONE,0,-
2026-07-16 10:00:02,4064.8,NONE,NONE,NONE,-313,NONE,0,-
2026-07-16 10:01:02,4064.8,NONE,NONE,NONE,-313,NONE,0,-
2026-07-16 10:02:02,4064.8,NONE,NONE,NONE,-313,NONE,0,-
2026-07-16 10:03:02,4064.8,NONE,NONE,NONE,-313,NONE,0,-
2026-07-16 10:04:02,4064.8,NONE,NONE,NONE,-313,NONE,0,-
2026-07-16 10:05:02,4064.8,NONE,NONE,NONE,-313,NONE,0,-
2026-07-16 10:06:02,4064.8,NONE,NONE,NONE,-313,NONE,0,-
2026-07-16 10:07:02,4064.8,NONE,NONE,NONE,-313,NONE,0,-
2026-07-16 10:08:02,4064.8,NONE,NONE,NONE,-313,NONE,0,-
2026-07-16 10:09:02,4064.8,NONE,NONE,NONE,-313,NONE,0,-
2026-07-16 10:10:02,4064.8,NONE,NONE,NONE,-313,NONE,0,-
2026-07-16 10:11:02,4064.8,NONE,NONE,NONE,-313,NONE,0,-
2026-07-16 10:12:02,4064.8,NONE,NONE,NONE,-313,NONE,0,-
2026-07-16 10:13:02,4064.8,NONE,NONE,NONE,-313,NONE,0,-
2026-07-16 10:14:02,4064.8,NONE,NONE,NONE,-313,NONE,0,-
2026-07-16 10:15:02,4064.8,NONE,NONE,NONE,-313,NONE,0,-
2026-07-16 10:16:02,4064.8,NONE,NONE,NONE,-313,NONE,0,-
2026-07-16 10:17:02,4064.8,NONE,NONE,NONE,-313,NONE,0,-
2026-07-16 10:18:02,4064.8,NONE,NONE,NONE,-313,NONE,0,-
2026-07-16 10:19:02,4064.8,NONE,NONE,NONE,-313,NONE,0,-
2026-07-16 10:20:02,4064.8,NONE,NONE,NONE,-313,NONE,0,-
2026-07-16 10:21:02,4064.8,NONE,NONE,NONE,-313,NONE,0,-
2026-07-16 10:22:02,4064.8,NONE,NONE,NONE,-313,NONE,0,-
2026-07-16 10:23:02,4064.8,NONE,NONE,NONE,-313,NONE,0,-
2026-07-16 10:24:02,4064.8,NONE,NONE,NONE,-313,NONE,0,-
2026-07-16 10:25:02,4064.8,NONE,NONE,NONE,-313,NONE,0,-
2026-07-16 10:26:02,4064.8,NONE,NONE,NONE,-313,NONE,0,-
2026-07-16 10:27:02,4064.8,NONE,NONE,NONE,-313,NONE,0,-
2026-07-16 10:28:02,4064.8,NONE,NONE,NONE,-313,NONE,0,-
2026-07-16 10:29:02,4064.8,NONE,NONE,NONE,-313,NONE,0,-
2026-07-16 10:30:02,4064.8,NONE,NONE,NONE,-313,NONE,0,-
2026-07-16 10:31:02,4064.8,NONE,NONE,NONE,-313,NONE,0,-
2026-07-16 10:32:02,4064.8,NONE,NONE,NONE,-313,NONE,0,-
2026-07-16 10:33:02,4064.8,NONE,NONE,NONE,-313,NONE,0,-
2026-07-16 10:34:02,4064.8,NONE,NONE,NONE,-313,NONE,0,-
2026-07-16 10:35:02,4064.8,NONE,NONE,NONE,-313,NONE,0,-
2026-07-16 10:36:02,4064.8,NONE,NONE,NONE,-313,NONE,0,-
2026-07-16 10:37:02,4064.8,NONE,NONE,NONE,-313,NONE,0,-
2026-07-16 10:38:02,4064.8,NONE,NONE,NONE,-313,NONE,0,-
2026-07-16 10:39:02,4064.8,NONE,NONE,NONE,-313,NONE,0,-
2026-07-16 10:40:02,4064.8,NONE,NONE,NONE,-313,NONE,0,-
2026-07-16 10:41:02,4064.8,NONE,NONE,NONE,-313,NONE,0,-
2026-07-16 10:42:02,4064.8,NONE,NONE,NONE,-313,NONE,0,-
2026-07-16 10:43:02,4064.8,NONE,NONE,NONE,-313,NONE,0,-
2026-07-16 10:44:02,4064.8,NONE,NONE,NONE,-313,NONE,0,-
2026-07-16 10:45:02,4064.8,NONE,NONE,NONE,-313,NONE,0,-
2026-07-16 10:46:02,4064.8,NONE,NONE,NONE,-313,NONE,0,-
2026-07-16 10:47:02,4064.8,NONE,NONE,NONE,-313,NONE,0,-
2026-07-16 10:48:02,4064.8,NONE,NONE,NONE,-313,NONE,0,-
2026-07-16 10:49:02,4064.8,NONE,NONE,NONE,-313,NONE,0,-
2026-07-16 10:50:02,4064.8,NONE,NONE,NONE,-313,NONE,0,-
2026-07-16 10:51:02,4064.8,NONE,NONE,NONE,-313,NONE,0,-
2026-07-16 10:52:02,4064.8,NONE,NONE,NONE,-313,NONE,0,-
2026-07-16 10:53:02,4064.8,NONE,NONE,NONE,-313,NONE,0,-
2026-07-16 10:54:02,4064.8,NONE,NONE,NONE,-313,NONE,0,-
2026-07-16 10:55:02,4064.8,NONE,NONE,NONE,-313,NONE,0,-
2026-07-16 10:56:02,4064.8,NONE,NONE,NONE,-313,NONE,0,-
2026-07-16 10:57:02,4064.8,NONE,NONE,NONE,-313,NONE,0,-
2026-07-16 10:58:02,4064.8,NONE,NONE,NONE,-313,NONE,0,-
2026-07-16 10:59:02,4064.8,NONE,NONE,NONE,-313,NONE,0,-
2026-07-16 11:00:02,4064.8,NONE,NONE,NONE,-313,NONE,0,-
2026-07-16 11:01:02,4064.8,NONE,NONE,NONE,-313,NONE,0,-
2026-07-16 11:02:02,4064.8,NONE,NONE,NONE,-313,NONE,0,-
2026-07-16 11:03:02,4064.8,NONE,NONE,NONE,-313,NONE,0,-
2026-07-16 11:04:02,4064.8,NONE,NONE,NONE,-313,NONE,0,-
2026-07-16 11:05:02,4064.8,NONE,NONE,NONE,-313,NONE,0,-
2026-07-16 11:06:02,4064.8,NONE,NONE,NONE,-313,NONE,0,-
2026-07-16 11:07:02,4064.8,NONE,NONE,NONE,-313,NONE,0,-
2026-07-16 11:08:02,4064.8,NONE,NONE,NONE,-313,NONE,0,-
2026-07-16 11:09:02,4064.8,NONE,NONE,NONE,-313,NONE,0,-
2026-07-16 11:10:02,4064.8,NONE,NONE,NONE,-313,NONE,0,-
2026-07-16 11:11:02,4064.8,NONE,NONE,NONE,-313,NONE,0,-
2026-07-16 11:12:02,4064.8,NONE,NONE,NONE,-313,NONE,0,-
2026-07-16 11:13:02,4064.8,NONE,NONE,NONE,-313,NONE,0,-
2026-07-16 11:14:02,4064.8,NONE,NONE,NONE,-313,NONE,0,-
2026-07-16 11:15:02,4064.8,NONE,NONE,NONE,-313,NONE,0,-
2026-07-16 11:16:02,4064.8,NONE,NONE,NONE,-313,NONE,0,-
2026-07-16 11:17:02,4064.8,NONE,NONE,NONE,-313,NONE,0,-
2026-07-16 11:18:02,4064.8,NONE,NONE,NONE,-313,NONE,0,-
2026-07-16 11:19:02,4064.8,NONE,NONE,NONE,-313,NONE,0,-
2026-07-16 11:20:02,4064.8,NONE,NONE,NONE,-313,NONE,0,-
2026-07-16 11:21:02,4064.8,NONE,NONE,NONE,-313,NONE,0,-
2026-07-16 11:22:02,4064.8,NONE,NONE,NONE,-313,NONE,0,-
2026-07-16 11:23:02,4064.8,NONE,NONE,NONE,-313,NONE,0,-
2026-07-16 11:24:02,4064.8,NONE,NONE,NONE,-313,NONE,0,-
2026-07-16 11:25:02,4064.8,NONE,NONE,NONE,-313,NONE,0,-
2026-07-16 11:26:02,4064.8,NONE,NONE,NONE,-313,NONE,0,-
2026-07-16 11:27:02,4064.8,NONE,NONE,NONE,-313,NONE,0,-
2026-07-16 11:28:02,4064.8,NONE,NONE,NONE,-313,NONE,0,-
2026-07-16 11:29:02,4064.8,NONE,NONE,NONE,-313,NONE,0,-
2026-07-16 11:30:02,4064.8,NONE,NONE,NONE,-313,NONE,0,-
2026-07-16 11:31:02,4064.8,NONE,NONE,NONE,-313,NONE,0,-
2026-07-16 11:32:02,4064.8,NONE,NONE,NONE,-313,NONE,0,-
2026-07-16 11:33:02,4064.8,NONE,NONE,NONE,-313,NONE,0,-
2026-07-16 11:34:02,4064.8,NONE,NONE,NONE,-313,NONE,0,-
2026-07-16 11:35:02,4064.8,NONE,NONE,NONE,-313,NONE,0,-
2026-07-16 11:36:02,4064.8,NONE,NONE,NONE,-313,NONE,0,-
2026-07-16 11:37:02,4064.8,NONE,NONE,NONE,-313,NONE,0,-
2026-07-16 11:38:02,4064.8,NONE,NONE,NONE,-313,NONE,0,-
2026-07-16 11:39:02,4064.8,NONE,NONE,NONE,-313,NONE,0,-
2026-07-16 11:40:02,4064.8,NONE,NONE,NONE,-313,NONE,0,-
2026-07-16 11:41:07,4064.8,NONE,NONE,NONE,-313,NONE,0,-
2026-07-16 11:42:02,4064.8,NONE,NONE,NONE,-313,NONE,0,-
2026-07-16 11:43:03,4064.8,NONE,NONE,NONE,-313,NONE,0,-
2026-07-16 11:44:03,4064.8,NONE,NONE,NONE,-313,NONE,0,-
2026-07-16 11:45:03,4064.8,NONE,NONE,NONE,-313,NONE,0,-
2026-07-16 11:46:26,4064.8,NONE,NONE,NONE,-313,NONE,0,-
2026-07-16 11:47:34,4064.8,NONE,NONE,NONE,-313,NONE,0,-
2026-07-16 11:50:21,4064.8,NONE,NONE,NONE,-313,NONE,0,-
2026-07-16 11:51:03,4064.8,NONE,NONE,NONE,-313,NONE,0,-
2026-07-16 11:58:41,4064.8,NONE,NONE,NONE,-313,NONE,0,-
2026-07-16 11:59:02,4064.8,NONE,NONE,NONE,-313,NONE,0,-
2026-07-16 12:00:02,4064.8,NONE,NONE,NONE,-313,NONE,0,-
2026-07-16 12:01:02,4064.8,NONE,NONE,NONE,-313,NONE,0,-
2026-07-16 12:02:02,4064.8,NONE,NONE,NONE,-313,NONE,0,-
2026-07-16 12:03:02,4064.8,NONE,NONE,NONE,-313,NONE,0,-
2026-07-16 12:04:02,4064.8,NONE,NONE,NONE,-313,NONE,0,-
2026-07-16 12:05:02,3995.7,NONE,NONE,NONE,-11,NONE,0,-
2026-07-16 12:06:02,3994.7,NONE,NONE,NONE,-29,NONE,0,-
2026-07-16 12:07:02,3993.9,NONE,NONE,NONE,-4,NONE,0,-
2026-07-16 12:08:02,3994.1,NONE,NONE,NONE,14,NONE,0,-
2026-07-16 12:09:02,3993.5,NONE,NONE,NONE,-15,NONE,0,-
2026-07-16 12:10:02,3992.0,NONE,NONE,NONE,-81,NONE,0,-
2026-07-16 12:11:02,3991.3,NONE,NONE,NONE,-83,NONE,0,-
2026-07-16 12:12:02,3989.8,NONE,NONE,NONE,-119,NONE,0,-
2026-07-16 12:13:02,3990.8,BULLISH,NONE,NONE,-102,NONE,0,-
2026-07-16 12:14:02,3989.8,NONE,NONE,NONE,-85,NONE,0,-
2026-07-16 12:15:02,3990.4,BULLISH,NONE,NONE,-64,NONE,0,-
2026-07-16 12:16:02,3991.4,NONE,NONE,NONE,-5,NONE,0,-
2026-07-16 12:17:02,3991.1,NONE,NONE,NONE,18,NONE,0,-
2026-07-16 12:18:02,3992.2,NONE,NONE,NONE,69,NONE,0,-
2026-07-16 12:19:02,3991.7,NONE,NONE,NONE,82,NONE,0,-
2026-07-16 12:20:02,3992.8,NONE,NONE,NONE,94,NONE,0,-
2026-07-16 12:21:02,3992.3,NONE,NONE,NONE,119,NONE,0,-
2026-07-16 12:22:02,3992.9,NONE,NONE,NONE,146,NONE,0,-
2026-07-16 12:23:03,3992.7,NONE,NONE,NONE,162,NONE,0,-
2026-07-16 12:24:02,3992.1,NONE,NONE,NONE,158,NONE,0,-
2026-07-16 12:25:02,3990.9,BULLISH,NONE,NONE,131,NONE,0,-
2026-07-16 12:26:02,3988.0,NONE,NONE,NONE,8,NONE,0,-
2026-07-16 12:27:02,3989.0,NONE,NONE,NONE,58,NONE,0,-
2026-07-16 12:28:02,3991.9,NONE,NONE,NONE,130,NONE,0,-
2026-07-16 12:29:02,3992.1,NONE,NONE,NONE,213,NONE,0,-
2026-07-16 12:30:02,3991.9,NONE,NONE,NONE,266,NONE,0,-
2026-07-16 12:31:02,3992.9,NONE,NONE,NONE,296,NONE,0,-
2026-07-16 12:32:02,3991.2,NONE,NONE,NONE,295,NONE,0,-
2026-07-16 12:33:02,3988.9,NONE,NONE,NONE,266,NONE,0,-
2026-07-16 12:34:02,3988.5,BULLISH,NONE,NONE,246,NONE,0,-
2026-07-16 12:35:02,3989.0,NONE,NONE,NONE,239,NONE,0,-
2026-07-16 12:36:02,3986.5,NONE,NONE,NONE,211,NONE,0,-
2026-07-16 12:37:02,3987.8,NONE,BUY,NONE,215,NONE,0,-
2026-07-16 12:38:02,3988.7,NONE,NONE,NONE,262,NONE,0,-
2026-07-16 12:39:02,3988.9,NONE,NONE,NONE,250,NONE,0,-
2026-07-16 12:40:02,3986.7,NONE,NONE,NONE,238,NONE,0,-
2026-07-16 12:41:02,3986.1,NONE,NONE,NONE,149,NONE,0,-
2026-07-16 12:42:02,3985.8,NONE,NONE,NONE,149,NONE,0,-
2026-07-16 12:43:02,3984.9,NONE,NONE,NONE,-223,NONE,0,-
2026-07-16 12:44:02,3985.9,NONE,NONE,NONE,-198,NONE,0,-
2026-07-16 12:45:02,3985.9,NONE,NONE,NONE,-171,NONE,0,-
2026-07-16 12:46:02,3985.8,NONE,NONE,NONE,-162,NONE,0,-
2026-07-16 12:47:02,3988.4,BEARISH,NONE,NONE,-109,NONE,0,-
2026-07-16 12:48:02,3989.0,NONE,NONE,NONE,-44,NONE,0,-
2026-07-16 12:49:02,3990.7,NONE,NONE,NONE,17,NONE,0,-
2026-07-16 12:50:02,3989.2,BEARISH,NONE,NONE,-31,NONE,0,-
2026-07-16 12:51:02,3989.8,BEARISH,NONE,NONE,-40,SELL,1,ABRE SELL
2026-07-16 12:52:02,3990.2,NONE,NONE,NONE,0,NONE,0,-
2026-07-16 12:53:02,3991.0,NONE,NONE,NONE,15,NONE,0,-
2026-07-16 12:54:03,3992.2,NONE,NONE,NONE,44,NONE,0,-
2026-07-16 12:55:02,3991.2,NONE,NONE,NONE,59,NONE,0,-
2026-07-16 12:56:02,3990.0,NONE,NONE,NONE,15,NONE,0,-
2026-07-16 12:57:02,3990.1,NONE,NONE,NONE,10,NONE,0,-
2026-07-16 12:58:02,3988.4,NONE,NONE,NONE,-64,NONE,0,-
2026-07-16 12:59:02,3989.3,NONE,NONE,NONE,-54,NONE,0,-
2026-07-16 13:00:02,3989.5,NONE,NONE,NONE,-59,NONE,0,-
2026-07-16 13:01:02,3990.7,NONE,NONE,NONE,-70,NONE,0,-
2026-07-16 13:02:02,3991.5,BEARISH,NONE,NONE,-53,NONE,0,-
2026-07-16 13:03:02,3990.7,NONE,NONE,NONE,-61,NONE,0,-
2026-07-16 13:04:02,3991.2,NONE,NONE,NONE,13,NONE,0,-
2026-07-16 13:05:02,3990.5,NONE,NONE,NONE,33,NONE,0,-
2026-07-16 13:06:02,3989.1,NONE,NONE,NONE,4,NONE,0,-
2026-07-16 13:07:02,3989.2,BULLISH,NONE,NONE,-30,NONE,0,-
2026-07-16 13:08:02,3990.7,NONE,NONE,NONE,67,NONE,0,-
2026-07-16 13:09:02,3992.0,NONE,NONE,NONE,106,NONE,0,-
2026-07-16 13:10:02,3991.9,NONE,NONE,NONE,129,NONE,0,-
2026-07-16 13:11:02,3992.5,NONE,SELL,NONE,293,NONE,0,-
2026-07-16 13:12:02,3993.2,NONE,NONE,NONE,306,NONE,0,-
2026-07-16 13:13:02,3991.8,NONE,NONE,NONE,323,NONE,0,-
2026-07-16 13:14:02,3992.6,NONE,NONE,NONE,425,NONE,0,-
2026-07-16 13:15:02,3989.9,NONE,NONE,NONE,362,NONE,0,-
2026-07-16 13:16:02,3990.5,BULLISH,NONE,NONE,351,NONE,0,CIERRE TIME(25m) mae=3.4
2026-07-16 13:17:02,3992.4,NONE,NONE,NONE,305,NONE,0,-
2026-07-16 13:18:02,3992.7,NONE,NONE,NONE,369,NONE,0,-
2026-07-16 13:19:02,3992.4,NONE,NONE,NONE,365,NONE,0,-
2026-07-16 13:20:02,3993.0,NONE,NONE,NONE,369,NONE,0,-
2026-07-16 13:21:02,3993.1,BEARISH,NONE,NONE,362,NONE,0,-
2026-07-16 13:22:02,3995.1,NONE,NONE,NONE,462,NONE,0,-
2026-07-16 13:23:02,3994.6,NONE,NONE,NONE,439,NONE,0,-
2026-07-16 13:24:02,3993.6,NONE,NONE,NONE,392,NONE,0,-
2026-07-16 13:25:02,3992.1,NONE,NONE,NONE,346,NONE,0,-
2026-07-16 13:26:02,3991.3,BULLISH,NONE,NONE,356,NONE,0,-
2026-07-16 13:27:02,3991.3,NONE,NONE,NONE,318,NONE,0,-
2026-07-16 13:28:02,3991.4,NONE,NONE,NONE,324,NONE,0,-
2026-07-16 13:29:02,3991.8,NONE,NONE,NONE,306,NONE,0,-
2026-07-16 13:30:02,3990.7,NONE,NONE,NONE,264,NONE,0,-
2026-07-16 13:31:02,3989.3,NONE,NONE,NONE,218,NONE,0,-
2026-07-16 13:32:02,3988.2,NONE,NONE,NONE,132,NONE,0,-
2026-07-16 13:33:02,3987.7,NONE,NONE,NONE,242,NONE,0,-
2026-07-16 13:34:02,3985.5,NONE,NONE,NONE,83,NONE,0,-
2026-07-16 13:35:02,3983.0,NONE,NONE,NONE,-42,NONE,0,-
2026-07-16 13:36:02,3982.4,NONE,NONE,NONE,-89,NONE,0,-
2026-07-16 13:37:02,3981.0,NONE,NONE,NONE,-138,NONE,0,-
2026-07-16 13:38:03,3982.0,NONE,NONE,NONE,-129,NONE,0,-
2026-07-16 13:39:02,3982.5,NONE,NONE,NONE,-100,NONE,0,-
2026-07-16 13:40:03,3982.7,NONE,NONE,NONE,-82,NONE,0,-
2026-07-16 13:41:02,3984.4,BEARISH,NONE,NONE,-97,NONE,0,-
2026-07-16 13:42:02,3985.7,NONE,NONE,NONE,-9,NONE,0,-
2026-07-16 13:43:02,3987.0,NONE,NONE,NONE,53,NONE,0,-
2026-07-16 13:44:02,3987.4,NONE,NONE,NONE,60,NONE,0,-
2026-07-16 13:45:02,3987.8,NONE,NONE,NONE,76,NONE,0,-
2026-07-16 13:46:02,3988.4,NONE,NONE,NONE,104,NONE,0,-
2026-07-16 13:47:02,3988.5,NONE,NONE,NONE,111,NONE,0,-
2026-07-16 13:48:03,3986.9,NONE,NONE,NONE,53,NONE,0,-
2026-07-16 13:49:02,3987.0,NONE,NONE,NONE,43,NONE,0,-
2026-07-16 13:50:02,3987.4,NONE,NONE,NONE,38,NONE,0,-
2026-07-16 13:51:03,3988.4,NONE,NONE,NONE,42,NONE,0,-
2026-07-16 13:52:02,3988.1,NONE,NONE,NONE,29,NONE,0,-
2026-07-16 13:53:02,3985.8,NONE,NONE,NONE,-45,NONE,0,-
2026-07-16 13:54:02,3985.7,NONE,NONE,NONE,-47,NONE,0,-
2026-07-16 13:55:03,3985.2,NONE,NONE,NONE,-62,NONE,0,-
2026-07-16 13:56:03,3986.5,NONE,NONE,NONE,-54,NONE,0,-
2026-07-16 13:57:02,3985.7,NONE,NONE,NONE,-68,NONE,0,-
2026-07-16 13:58:02,3984.7,NONE,NONE,NONE,-92,NONE,0,-
2026-07-16 13:59:02,3984.9,BULLISH,NONE,NONE,-88,NONE,0,-
2026-07-16 14:00:02,3984.3,NONE,NONE,NONE,-113,NONE,0,-
2026-07-16 14:01:02,3987.1,NONE,BUY,NONE,-85,NONE,0,-
2026-07-16 14:02:02,3986.8,BEARISH,NONE,NONE,-75,NONE,0,-
2026-07-16 14:03:02,3989.3,NONE,NONE,NONE,106,NONE,0,-
2026-07-16 14:04:02,3989.3,NONE,NONE,NONE,111,NONE,0,-
2026-07-16 14:05:02,3989.6,NONE,NONE,NONE,101,NONE,0,-
2026-07-16 14:06:02,3990.1,BEARISH,NONE,NONE,94,NONE,0,-
2026-07-16 14:07:02,3988.1,BEARISH,NONE,NONE,44,SELL,1,ABRE SELL
2026-07-16 14:08:02,3987.4,NONE,NONE,NONE,0,NONE,0,-
2026-07-16 14:09:02,3987.2,NONE,NONE,NONE,3,NONE,0,-
2026-07-16 14:10:02,3987.4,NONE,NONE,NONE,0,NONE,0,-
2026-07-16 14:11:02,3986.0,NONE,NONE,NONE,-29,NONE,0,-
2026-07-16 14:12:02,3984.5,NONE,NONE,NONE,-78,NONE,0,-
2026-07-16 14:13:02,3983.8,NONE,NONE,NONE,-116,NONE,0,-
2026-07-16 14:14:03,3984.3,BULLISH,NONE,NONE,-102,NONE,0,-
2026-07-16 14:15:02,3984.9,NONE,NONE,NONE,-52,NONE,0,-
2026-07-16 14:16:02,3985.0,NONE,NONE,NONE,-53,NONE,0,-
2026-07-16 14:17:03,3985.7,NONE,NONE,NONE,-50,NONE,0,-
2026-07-16 14:18:03,3984.1,BEARISH,NONE,NONE,-74,NONE,0,-
2026-07-16 14:19:03,3986.2,NONE,NONE,NONE,-44,NONE,0,-
2026-07-16 14:20:03,3987.7,NONE,NONE,NONE,-31,NONE,0,-
2026-07-16 14:21:04,3986.9,BEARISH,NONE,NONE,-38,NONE,0,-
2026-07-16 14:22:03,3988.5,NONE,NONE,NONE,-1,NONE,0,-
2026-07-16 14:23:03,3986.1,NONE,NONE,NONE,-18,NONE,0,-
2026-07-16 14:24:02,3985.0,NONE,NONE,NONE,-37,NONE,0,-
2026-07-16 14:25:03,3986.3,NONE,NONE,NONE,-53,NONE,0,-
2026-07-16 14:26:03,3985.3,NONE,NONE,NONE,-53,NONE,0,-
2026-07-16 14:27:03,3983.5,NONE,NONE,NONE,-105,NONE,0,-
2026-07-16 14:28:03,3984.0,NONE,NONE,NONE,-122,NONE,0,-
2026-07-16 14:29:02,3984.1,NONE,NONE,NONE,-154,NONE,0,-
2026-07-16 14:30:03,3983.4,NONE,NONE,NONE,-142,NONE,0,-
2026-07-16 14:31:03,3982.9,BULLISH,BUY,NONE,-143,NONE,0,-
2026-07-16 14:32:03,3981.5,NONE,NONE,NONE,-157,NONE,0,CIERRE TIME(25m) mae=0.4
2026-07-16 14:33:03,3981.5,BULLISH,BUY,NONE,-137,NONE,0,-
2026-07-16 14:34:02,3980.5,BULLISH,NONE,NONE,-124,BUY,1,ABRE BUY
2026-07-16 14:35:02,3979.6,NONE,NONE,NONE,-289,NONE,0,-
2026-07-16 14:36:02,3975.5,NONE,NONE,NONE,-745,NONE,0,-
2026-07-16 14:37:02,3975.9,NONE,NONE,NONE,-744,NONE,0,-
2026-07-16 14:38:02,3975.0,NONE,NONE,NONE,-784,NONE,0,-
2026-07-16 14:39:02,3977.7,BULLISH,NONE,NONE,-759,NONE,0,-
2026-07-16 14:40:03,3979.7,NONE,NONE,NONE,-743,NONE,0,-
2026-07-16 14:41:03,3980.8,NONE,NONE,NONE,-681,NONE,0,-
2026-07-16 14:42:02,3980.6,NONE,NONE,NONE,-682,NONE,0,-
2026-07-16 14:43:02,3981.0,NONE,NONE,NONE,-641,NONE,0,-
2026-07-16 14:44:03,3980.8,NONE,NONE,NONE,-656,NONE,0,-
2026-07-16 14:45:02,3979.6,NONE,NONE,NONE,-651,NONE,0,-
2026-07-16 14:46:02,3980.8,NONE,NONE,NONE,-680,NONE,0,-
2026-07-16 14:47:02,3981.0,NONE,NONE,NONE,-674,NONE,0,-
2026-07-16 14:48:02,3979.1,BULLISH,NONE,NONE,-700,NONE,0,-
2026-07-16 14:49:03,3977.4,NONE,NONE,NONE,-748,NONE,0,-
2026-07-16 14:50:02,3979.5,NONE,NONE,NONE,-707,NONE,0,-
2026-07-16 14:51:03,3980.3,NONE,NONE,NONE,-699,NONE,0,-
2026-07-16 14:52:02,3982.4,NONE,NONE,NONE,-628,NONE,0,-
2026-07-16 14:53:03,3984.1,NONE,NONE,NONE,-543,NONE,0,-
2026-07-16 14:54:02,3986.5,NONE,NONE,NONE,-479,NONE,0,-
2026-07-16 14:55:02,3985.2,BEARISH,NONE,NONE,-548,NONE,0,-
2026-07-16 14:56:02,3982.8,NONE,NONE,NONE,-608,NONE,0,-
2026-07-16 14:57:02,3981.7,NONE,NONE,NONE,-648,NONE,0,-
2026-07-16 14:58:02,3983.0,NONE,NONE,NONE,-633,NONE,0,-
2026-07-16 14:59:02,3983.2,NONE,NONE,NONE,-567,NONE,0,CIERRE TIME(25m) mae=5.5
2026-07-16 15:00:02,3983.7,NONE,NONE,NONE,-588,NONE,0,-
2026-07-16 15:01:02,3982.3,NONE,NONE,NONE,-688,NONE,0,-
2026-07-16 15:02:02,3982.5,NONE,NONE,NONE,-700,NONE,0,-
2026-07-16 15:03:02,3982.4,NONE,NONE,NONE,-700,NONE,0,-
2026-07-16 15:04:02,3982.2,NONE,NONE,NONE,-694,NONE,0,-
2026-07-16 15:05:02,3982.3,NONE,NONE,NONE,-700,NONE,0,-
2026-07-16 15:06:02,3980.9,NONE,NONE,NONE,-714,NONE,0,-
2026-07-16 15:07:02,3979.9,NONE,NONE,NONE,-761,NONE,0,-
2026-07-16 15:08:02,3981.1,NONE,NONE,NONE,-760,NONE,0,-
2026-07-16 15:09:02,3980.6,NONE,NONE,NONE,-763,NONE,0,-
2026-07-16 15:10:02,3980.5,NONE,NONE,NONE,-739,NONE,0,-
2026-07-16 15:11:02,3980.0,BULLISH,NONE,NONE,-757,NONE,0,-
2026-07-16 15:12:02,3980.3,BULLISH,NONE,NONE,-797,BUY,1,ABRE BUY
2026-07-16 15:13:03,3980.4,NONE,NONE,NONE,-790,NONE,0,-
2026-07-16 15:14:03,3979.9,NONE,NONE,NONE,-793,NONE,0,-
2026-07-16 15:15:02,3979.3,NONE,NONE,NONE,-781,NONE,0,-
2026-07-16 15:16:03,3978.7,NONE,NONE,NONE,-791,NONE,0,-
2026-07-16 15:17:02,3977.5,NONE,NONE,NONE,-823,NONE,0,-
2026-07-16 15:18:03,3977.5,NONE,NONE,NONE,-838,NONE,0,-
2026-07-16 15:19:02,3977.7,NONE,NONE,NONE,-838,NONE,0,-
2026-07-16 15:20:02,3976.4,BULLISH,NONE,NONE,-884,NONE,0,-
2026-07-16 15:21:02,3976.2,NONE,NONE,NONE,-885,NONE,0,-
2026-07-16 15:22:02,3976.9,NONE,NONE,NONE,-861,NONE,0,-
2026-07-16 15:23:02,3977.0,NONE,NONE,NONE,-862,NONE,0,-
2026-07-16 15:24:02,3976.5,NONE,NONE,NONE,-853,NONE,0,-
2026-07-16 15:25:02,3976.9,NONE,NONE,NONE,-858,NONE,0,-
2026-07-16 15:26:02,3978.1,NONE,NONE,NONE,-836,NONE,0,-
2026-07-16 15:27:02,3979.4,NONE,NONE,NONE,-797,NONE,0,-
2026-07-16 15:28:02,3979.0,NONE,NONE,NONE,-788,NONE,0,-
2026-07-16 15:29:02,3979.2,NONE,NONE,NONE,-791,NONE,0,-
2026-07-16 15:30:02,3978.9,NONE,NONE,NONE,-787,NONE,0,-
2026-07-16 15:31:02,3978.1,NONE,NONE,NONE,-831,NONE,0,-
2026-07-16 15:32:02,3978.7,NONE,NONE,NONE,-840,NONE,0,-
2026-07-16 15:33:02,3978.8,NONE,NONE,NONE,-845,NONE,0,-
2026-07-16 15:34:02,3978.7,NONE,NONE,NONE,-824,NONE,0,-
2026-07-16 15:35:02,3979.6,BEARISH,NONE,NONE,-800,NONE,0,-
2026-07-16 15:36:02,3979.4,BEARISH,NONE,NONE,-820,SELL,1,-
2026-07-16 15:37:02,3980.0,NONE,NONE,NONE,-793,NONE,0,CIERRE TIME(25m) mae=4.1
2026-07-16 15:38:02,3980.2,NONE,NONE,NONE,-793,NONE,0,-
2026-07-16 15:39:02,3979.9,NONE,NONE,NONE,-806,NONE,0,-
2026-07-16 15:40:02,3978.9,NONE,NONE,NONE,-833,NONE,0,-
2026-07-16 15:41:02,3978.9,NONE,NONE,NONE,-846,NONE,0,-
2026-07-16 15:42:02,3979.5,NONE,NONE,NONE,-839,NONE,0,-
2026-07-16 15:43:02,3979.3,NONE,NONE,NONE,-843,NONE,0,-
2026-07-16 15:44:02,3979.2,NONE,NONE,NONE,-845,NONE,0,-
2026-07-16 15:45:02,3979.4,NONE,NONE,NONE,-810,NONE,0,-
2026-07-16 15:46:02,3979.4,NONE,NONE,NONE,-859,NONE,0,-
2026-07-16 15:47:02,3979.1,NONE,NONE,NONE,-844,NONE,0,-
2026-07-16 15:48:02,3979.9,NONE,NONE,NONE,-837,NONE,0,-
2026-07-16 15:49:02,3980.0,NONE,NONE,NONE,-833,NONE,0,-
2026-07-16 15:50:02,3978.8,NONE,NONE,NONE,-879,NONE,0,-
2026-07-16 15:51:02,3979.0,NONE,NONE,NONE,-874,NONE,0,-
2026-07-16 15:52:02,3979.0,NONE,NONE,NONE,-886,NONE,0,-
2026-07-16 15:53:02,3979.5,NONE,NONE,NONE,-879,NONE,0,-
2026-07-16 15:54:02,3979.7,NONE,NONE,NONE,-880,NONE,0,-
2026-07-16 15:55:02,3979.7,NONE,NONE,NONE,-876,NONE,0,-
2026-07-16 15:56:02,3979.2,NONE,NONE,NONE,-881,NONE,0,-
2026-07-16 15:57:02,3979.4,NONE,NONE,NONE,-864,NONE,0,-
2026-07-16 15:58:02,3980.6,NONE,NONE,NONE,-844,NONE,0,-
2026-07-16 15:59:02,3980.7,BEARISH,NONE,NONE,-843,NONE,0,-
2026-07-17 08:00:01,3969.0,NONE,NONE,NONE,741,NONE,0,-
2026-07-17 08:01:00,3968.2,NONE,NONE,NONE,344,NONE,0,-
2026-07-17 08:02:00,3965.5,NONE,NONE,NONE,47,NONE,0,-
2026-07-17 08:03:00,3971.1,NONE,NONE,NONE,12,NONE,0,-
2026-07-17 08:04:00,3973.2,BEARISH,NONE,NONE,167,NONE,0,-
2026-07-17 08:05:00,3978.2,BEARISH,NONE,NONE,378,SELL,1,ABRE SELL
2026-07-17 08:06:00,3975.4,NONE,NONE,NONE,272,NONE,0,-
2026-07-17 08:07:00,3974.0,NONE,NONE,NONE,271,NONE,0,-
2026-07-17 08:08:00,3976.8,NONE,NONE,NONE,241,NONE,0,-
2026-07-17 08:09:00,3976.3,NONE,NONE,NONE,210,NONE,0,-
2026-07-17 08:10:00,3973.1,NONE,NONE,NONE,78,NONE,0,-
2026-07-17 08:11:00,3970.4,NONE,NONE,NONE,-18,NONE,0,-
2026-07-17 08:12:00,3971.0,NONE,NONE,NONE,-49,NONE,0,-
2026-07-17 08:13:00,3971.4,NONE,NONE,NONE,1,NONE,0,-
2026-07-17 08:14:00,3973.6,BULLISH,NONE,NONE,25,NONE,0,-
2026-07-17 08:15:00,3973.0,NONE,NONE,NONE,73,NONE,0,-
2026-07-17 08:16:00,3974.3,BEARISH,NONE,NONE,58,NONE,0,-
2026-07-17 08:17:00,3975.4,NONE,NONE,NONE,104,NONE,0,-
2026-07-17 08:18:00,3975.0,BEARISH,NONE,NONE,91,NONE,0,-
2026-07-17 08:19:00,3974.7,BEARISH,NONE,NONE,118,SELL,1,-
2026-07-17 08:20:00,3974.5,NONE,NONE,NONE,124,NONE,0,-
2026-07-17 08:21:00,3978.0,NONE,NONE,NONE,223,NONE,0,-
2026-07-17 08:22:00,3975.0,NONE,NONE,NONE,172,NONE,0,-
2026-07-17 08:23:00,3974.2,NONE,NONE,NONE,126,NONE,0,-
2026-07-17 08:24:00,3972.0,NONE,NONE,NONE,23,NONE,0,-
2026-07-17 08:25:00,3973.1,NONE,NONE,NONE,44,NONE,0,-
2026-07-17 08:26:00,3976.0,NONE,NONE,NONE,113,NONE,0,-
2026-07-17 08:27:00,3974.9,NONE,NONE,NONE,131,NONE,0,-
2026-07-17 08:28:00,3972.0,NONE,NONE,NONE,128,NONE,0,-
2026-07-17 08:29:00,3972.8,NONE,NONE,NONE,75,NONE,0,-
2026-07-17 08:30:00,3971.9,NONE,NONE,NONE,-3,NONE,0,CIERRE TIME(25m) mae=0
2026-07-17 08:31:00,3970.0,NONE,NONE,NONE,-74,NONE,0,-
2026-07-17 08:32:00,3974.0,NONE,NONE,NONE,-31,NONE,0,-
2026-07-17 08:33:00,3975.1,NONE,NONE,NONE,21,NONE,0,-
2026-07-17 08:34:00,3969.9,NONE,NONE,NONE,-83,NONE,0,-
2026-07-17 08:35:00,3969.4,NONE,NONE,NONE,-147,NONE,0,-
2026-07-17 08:36:00,3974.4,NONE,NONE,NONE,63,NONE,0,-
2026-07-17 08:37:00,3980.9,NONE,NONE,NONE,300,NONE,0,-
2026-07-17 08:38:00,3986.8,NONE,NONE,NONE,448,NONE,0,-
2026-07-17 08:39:00,3996.2,NONE,NONE,NONE,891,NONE,0,-
2026-07-17 08:40:00,3997.9,NONE,NONE,NONE,1131,NONE,0,-
2026-07-17 08:41:00,3991.3,NONE,NONE,NONE,920,NONE,0,-
2026-07-17 08:42:00,3992.0,NONE,NONE,NONE,996,NONE,0,-
2026-07-17 08:43:00,3989.5,NONE,NONE,NONE,898,NONE,0,-
2026-07-17 08:44:00,3987.3,NONE,NONE,NONE,843,NONE,0,-
2026-07-17 08:45:00,3989.1,NONE,NONE,NONE,849,NONE,0,-
2026-07-17 08:46:00,3987.9,BULLISH,NONE,NONE,847,NONE,0,-
2026-07-17 08:47:00,3986.0,BULLISH,NONE,NONE,824,BUY,1,ABRE BUY
2026-07-17 08:48:00,3991.7,NONE,NONE,NONE,1023,NONE,0,-
2026-07-17 08:49:00,3993.6,NONE,NONE,NONE,1161,NONE,0,-
2026-07-17 08:50:00,3993.3,NONE,NONE,NONE,1163,NONE,0,-
2026-07-17 08:51:00,3995.7,NONE,NONE,NONE,1306,NONE,0,CIERRE TP mae=0
2026-07-17 08:52:00,3993.7,NONE,NONE,NONE,1327,NONE,0,-
2026-07-17 08:53:00,3993.4,NONE,NONE,NONE,1320,NONE,0,-
2026-07-17 08:54:00,3995.0,NONE,NONE,NONE,1332,NONE,0,-
2026-07-17 08:55:00,3992.6,NONE,NONE,NONE,1201,NONE,0,-
2026-07-17 08:56:00,3993.0,BULLISH,NONE,NONE,1304,NONE,0,-
2026-07-17 08:57:00,3994.4,NONE,NONE,NONE,1349,NONE,0,-
2026-07-17 08:58:00,3997.5,NONE,NONE,NONE,1344,NONE,0,-
2026-07-17 08:59:00,3999.2,NONE,NONE,NONE,1369,NONE,0,-
2026-07-17 09:00:00,4000.9,NONE,NONE,NONE,1492,NONE,0,-
2026-07-17 09:01:00,4001.3,BEARISH,NONE,NONE,1424,NONE,0,-
2026-07-17 09:02:00,3995.6,BEARISH,NONE,NONE,1283,SELL,1,ABRE SELL
2026-07-17 09:03:00,3998.4,NONE,NONE,NONE,1292,NONE,0,-
2026-07-17 09:04:00,3997.0,NONE,NONE,NONE,1307,NONE,0,-
2026-07-17 09:05:00,3998.8,NONE,NONE,NONE,1347,NONE,0,-
2026-07-17 09:06:00,4001.9,NONE,NONE,NONE,1481,NONE,0,CIERRE SL mae=6.3
2026-07-17 09:07:00,4002.8,NONE,NONE,NONE,1585,NONE,0,-
2026-07-17 09:08:00,4002.5,NONE,NONE,NONE,1583,NONE,0,-
2026-07-17 09:09:00,4001.4,NONE,NONE,NONE,1530,NONE,0,-
2026-07-17 09:10:00,4000.8,NONE,NONE,NONE,1468,NONE,0,-
2026-07-17 09:11:00,4002.4,NONE,NONE,NONE,1502,NONE,0,-
2026-07-17 09:12:00,3999.5,NONE,NONE,NONE,1411,NONE,0,-
2026-07-17 09:13:00,4001.6,NONE,NONE,NONE,1421,NONE,0,-
2026-07-17 09:14:00,4000.5,BEARISH,NONE,NONE,1442,NONE,0,-
2026-07-17 09:15:00,3999.0,NONE,NONE,NONE,1448,NONE,0,-
2026-07-17 09:16:00,4002.1,NONE,NONE,NONE,1481,NONE,0,-
2026-07-17 09:17:00,4001.9,NONE,NONE,NONE,1344,NONE,0,-
2026-07-17 09:18:00,4000.9,NONE,NONE,NONE,1322,NONE,0,-
2026-07-17 09:19:00,4003.9,NONE,NONE,NONE,1403,NONE,0,-
2026-07-17 09:20:00,4001.2,NONE,NONE,NONE,1372,NONE,0,-
2026-07-17 09:21:00,4005.3,NONE,NONE,NONE,1690,NONE,0,-
2026-07-17 09:22:00,4006.3,NONE,NONE,NONE,1759,NONE,0,-
2026-07-17 09:23:00,4003.2,NONE,NONE,NONE,1736,NONE,0,-
2026-07-17 09:24:00,4003.5,BULLISH,NONE,NONE,1707,NONE,0,-
2026-07-17 09:25:00,4007.0,NONE,NONE,NONE,1693,NONE,0,-
2026-07-17 09:26:00,4005.4,NONE,NONE,NONE,1675,NONE,0,-
2026-07-17 09:27:00,4004.8,NONE,NONE,NONE,1608,NONE,0,-
2026-07-17 09:28:00,4005.2,NONE,NONE,NONE,1678,NONE,0,-
2026-07-17 09:29:00,4007.3,NONE,NONE,NONE,1725,NONE,0,-
2026-07-17 09:30:00,4003.1,NONE,NONE,NONE,1603,NONE,0,-
2026-07-17 09:31:00,4002.3,NONE,NONE,NONE,1570,NONE,0,-
2026-07-17 09:32:00,3999.4,NONE,NONE,NONE,1557,NONE,0,-
2026-07-17 09:33:00,3998.7,NONE,NONE,NONE,1531,NONE,0,-
2026-07-17 09:34:00,3997.7,NONE,NONE,NONE,1460,NONE,0,-
2026-07-17 09:35:00,3998.6,NONE,NONE,NONE,1531,NONE,0,-
2026-07-17 09:36:00,4002.5,NONE,NONE,NONE,1617,NONE,0,-
2026-07-17 09:37:00,3999.4,NONE,NONE,NONE,1644,NONE,0,-
2026-07-17 09:38:00,3999.9,NONE,NONE,NONE,1566,NONE,0,-
2026-07-17 09:39:00,4001.5,NONE,NONE,NONE,1610,NONE,0,-
2026-07-17 09:40:00,4001.8,NONE,NONE,NONE,1647,NONE,0,-
2026-07-17 09:41:00,4000.8,NONE,NONE,NONE,1631,NONE,0,-
2026-07-17 09:42:00,4000.6,NONE,NONE,NONE,1636,NONE,0,-
2026-07-17 09:43:00,3999.6,NONE,NONE,NONE,1598,NONE,0,-
2026-07-17 09:44:00,4000.9,BULLISH,NONE,NONE,1602,NONE,0,-
2026-07-17 09:45:00,4002.2,NONE,NONE,NONE,1664,NONE,0,-
2026-07-17 09:46:00,4000.8,NONE,NONE,NONE,1650,NONE,0,-
2026-07-17 09:47:00,4002.2,NONE,NONE,NONE,1710,NONE,0,-
2026-07-17 09:48:00,4003.2,NONE,NONE,NONE,1782,NONE,0,-
2026-07-17 09:49:00,4002.3,NONE,NONE,NONE,1800,NONE,0,-
2026-07-17 09:50:00,4000.1,NONE,NONE,NONE,1666,NONE,0,-
2026-07-17 09:51:00,4002.4,NONE,NONE,NONE,1702,NONE,0,-
2026-07-17 09:52:00,3998.8,NONE,NONE,NONE,1623,NONE,0,-
2026-07-17 09:53:00,3999.4,NONE,NONE,NONE,1609,NONE,0,-
2026-07-17 09:54:00,3998.6,NONE,NONE,NONE,1587,NONE,0,-
2026-07-17 09:55:00,3998.1,NONE,NONE,NONE,1613,NONE,0,-
2026-07-17 09:56:00,4000.4,BULLISH,NONE,NONE,1598,NONE,0,-
2026-07-17 09:57:00,4001.4,BULLISH,NONE,NONE,1598,BUY,1,ABRE BUY
2026-07-17 09:58:00,4004.4,NONE,NONE,NONE,1728,NONE,0,-
2026-07-17 09:59:00,4003.2,BEARISH,NONE,NONE,1720,NONE,0,-
2026-07-17 10:00:00,4005.5,NONE,NONE,NONE,1762,NONE,0,-
2026-07-17 10:01:00,4003.1,BEARISH,NONE,NONE,1702,NONE,0,-
2026-07-17 10:02:00,4007.0,BEARISH,NONE,NONE,1756,SELL,1,-
2026-07-17 10:03:00,4004.7,BEARISH,NONE,NONE,1706,SELL,1,-
2026-07-17 10:04:00,4008.1,NONE,NONE,NONE,1761,NONE,0,-
2026-07-17 10:05:00,4017.2,NONE,NONE,NONE,2430,NONE,0,CIERRE TP mae=0
2026-07-17 10:06:00,4016.8,NONE,NONE,NONE,2590,NONE,0,-
2026-07-17 10:07:00,4010.3,NONE,NONE,NONE,2444,NONE,0,-
2026-07-17 10:08:00,4009.9,NONE,NONE,NONE,2427,NONE,0,-
2026-07-17 10:09:00,4011.5,NONE,NONE,NONE,2370,NONE,0,-
2026-07-17 10:10:00,4012.9,NONE,NONE,NONE,2408,NONE,0,-
2026-07-17 10:11:00,4015.5,NONE,NONE,NONE,2584,NONE,0,-
2026-07-17 10:12:00,4012.8,NONE,NONE,NONE,2583,NONE,0,-
2026-07-17 10:13:00,4011.2,NONE,NONE,NONE,2489,NONE,0,-
2026-07-17 10:14:00,4008.6,BULLISH,NONE,NONE,2419,NONE,0,-
2026-07-17 10:15:00,4010.4,BULLISH,NONE,NONE,2428,BUY,1,ABRE BUY
2026-07-17 10:16:00,4010.0,NONE,NONE,NONE,2488,NONE,0,-
2026-07-17 10:17:00,4010.0,NONE,NONE,NONE,2497,NONE,0,-
2026-07-17 10:18:00,4012.1,NONE,NONE,NONE,2578,NONE,0,-
2026-07-17 10:19:00,4009.7,BEARISH,NONE,NONE,2551,NONE,0,-
2026-07-17 10:20:00,4010.0,NONE,NONE,NONE,2546,NONE,0,-
2026-07-17 10:21:00,4013.5,BULLISH,NONE,NONE,2587,NONE,0,-
2026-07-17 10:22:00,4013.9,NONE,NONE,NONE,2600,NONE,0,-
2026-07-17 10:23:00,4013.7,BEARISH,NONE,NONE,2524,NONE,0,-
2026-07-17 10:24:00,4013.2,BEARISH,NONE,NONE,2481,SELL,1,-
2026-07-17 10:25:00,4013.0,NONE,NONE,NONE,2476,NONE,0,-
2026-07-17 10:26:00,4011.2,NONE,NONE,NONE,2551,NONE,0,-
2026-07-17 10:27:00,4013.3,BULLISH,NONE,NONE,2533,NONE,0,-
2026-07-17 10:28:00,4015.4,BULLISH,NONE,NONE,2531,BUY,1,-
2026-07-17 10:29:00,4014.9,NONE,NONE,NONE,2516,NONE,0,-
2026-07-17 10:30:00,4018.0,BEARISH,NONE,NONE,2552,NONE,0,-
2026-07-17 10:31:00,4019.9,NONE,NONE,NONE,2798,NONE,0,CIERRE TP mae=0.7
2026-07-17 10:32:00,4019.1,NONE,NONE,NONE,2771,NONE,0,-
2026-07-17 10:33:00,4016.2,NONE,NONE,NONE,2571,NONE,0,-
2026-07-17 10:34:00,4016.3,NONE,NONE,NONE,2554,NONE,0,-
2026-07-17 10:35:00,4015.6,NONE,NONE,NONE,2496,NONE,0,-
2026-07-17 10:36:00,4016.5,NONE,NONE,NONE,2535,NONE,0,-
2026-07-17 10:37:00,4018.9,NONE,NONE,NONE,2577,NONE,0,-
2026-07-17 10:38:00,4018.6,NONE,NONE,NONE,2569,NONE,0,-
2026-07-17 10:39:00,4019.2,NONE,NONE,NONE,2573,NONE,0,-
2026-07-17 10:40:00,4019.0,NONE,NONE,NONE,2590,NONE,0,-
2026-07-17 10:41:00,4018.8,NONE,NONE,NONE,2589,NONE,0,-
2026-07-17 10:42:00,4018.1,NONE,NONE,NONE,2575,NONE,0,-
2026-07-17 10:43:00,4018.2,NONE,NONE,NONE,2548,NONE,0,-
2026-07-17 10:44:00,4019.1,NONE,NONE,NONE,2567,NONE,0,-
2026-07-17 10:45:00,4020.3,NONE,NONE,NONE,2667,NONE,0,-
2026-07-17 10:46:00,4018.7,NONE,NONE,NONE,2647,NONE,0,-
2026-07-17 10:47:00,4021.1,NONE,NONE,NONE,2649,NONE,0,-
2026-07-17 10:48:00,4021.1,BEARISH,NONE,NONE,2808,NONE,0,-
2026-07-17 10:49:00,4020.4,NONE,SELL,NONE,2808,NONE,0,-
2026-07-17 10:50:00,4021.1,NONE,NONE,NONE,2762,NONE,0,-
2026-07-17 10:51:00,4021.9,NONE,NONE,NONE,2797,NONE,0,-
2026-07-17 10:52:00,4022.9,NONE,NONE,NONE,2815,NONE,0,-
2026-07-17 10:53:00,4025.5,NONE,NONE,NONE,3021,NONE,0,-
2026-07-17 10:54:00,4023.8,BEARISH,NONE,NONE,2936,NONE,0,-
2026-07-17 10:55:00,4025.2,NONE,NONE,NONE,2935,NONE,0,-
2026-07-17 10:56:00,4023.6,NONE,NONE,NONE,2885,NONE,0,-
2026-07-17 10:57:00,4024.4,NONE,NONE,NONE,2862,NONE,0,-
2026-07-17 10:58:00,4022.4,NONE,NONE,NONE,2804,NONE,0,-
2026-07-17 10:59:00,4023.1,NONE,NONE,NONE,2716,NONE,0,-
2026-07-17 11:00:00,4024.1,NONE,NONE,NONE,2718,NONE,0,-
2026-07-17 11:01:00,4022.8,NONE,NONE,NONE,2669,NONE,0,-
2026-07-17 11:02:00,4017.9,NONE,NONE,NONE,2177,NONE,0,-
2026-07-17 11:03:00,4019.1,NONE,NONE,NONE,2174,NONE,0,-
2026-07-17 11:04:00,4018.4,NONE,NONE,NONE,2177,NONE,0,-
2026-07-17 11:05:00,4022.1,NONE,NONE,NONE,2237,NONE,0,-
2026-07-17 11:06:00,4021.0,NONE,NONE,NONE,2216,NONE,0,-
2026-07-17 11:07:00,4019.9,NONE,NONE,NONE,2203,NONE,0,-
2026-07-17 11:08:00,4021.0,NONE,NONE,NONE,2193,NONE,0,-
2026-07-17 11:09:00,4022.3,NONE,NONE,NONE,2204,NONE,0,-
2026-07-17 11:10:00,4022.6,NONE,NONE,NONE,2263,NONE,0,-
2026-07-17 11:11:00,4024.5,NONE,NONE,NONE,2336,NONE,0,-
2026-07-17 11:12:00,4023.0,NONE,NONE,NONE,2348,NONE,0,-
2026-07-17 11:13:00,4023.3,NONE,NONE,NONE,2296,NONE,0,-
2026-07-17 11:14:00,4024.7,NONE,NONE,NONE,2288,NONE,0,-
2026-07-17 11:15:00,4022.9,NONE,NONE,NONE,2269,NONE,0,-
2026-07-17 11:16:00,4023.7,NONE,NONE,NONE,2320,NONE,0,-
2026-07-17 11:17:00,4023.0,NONE,NONE,NONE,2330,NONE,0,-
2026-07-17 11:18:00,4025.6,NONE,NONE,NONE,2412,NONE,0,-
2026-07-17 11:19:00,4024.9,NONE,NONE,NONE,2497,NONE,0,-
2026-07-17 11:20:00,4026.3,NONE,NONE,NONE,2523,NONE,0,-
2026-07-17 11:21:00,4025.0,NONE,NONE,NONE,2494,NONE,0,-
2026-07-17 11:22:00,4025.0,NONE,NONE,NONE,2459,NONE,0,-
2026-07-17 11:23:00,4023.2,NONE,NONE,NONE,2409,NONE,0,-
2026-07-17 11:24:00,4024.7,NONE,NONE,NONE,2438,NONE,0,-
2026-07-17 11:25:00,4028.5,NONE,NONE,NONE,2612,NONE,0,-
2026-07-17 11:26:00,4024.5,NONE,NONE,NONE,2530,NONE,0,-
2026-07-17 11:27:00,4024.0,NONE,NONE,NONE,2523,NONE,0,-
2026-07-17 11:28:00,4024.2,NONE,NONE,NONE,2482,NONE,0,-
2026-07-17 11:29:00,4024.8,NONE,NONE,NONE,2488,NONE,0,-
2026-07-17 11:30:00,4023.7,NONE,NONE,NONE,2458,NONE,0,-
2026-07-17 11:31:00,4022.3,NONE,NONE,NONE,2387,NONE,0,-
2026-07-17 11:32:00,4023.3,NONE,NONE,NONE,2404,NONE,0,-
2026-07-17 11:33:00,4022.8,NONE,NONE,NONE,2350,NONE,0,-
2026-07-17 11:34:00,4021.5,NONE,NONE,NONE,2251,NONE,0,-
2026-07-17 11:35:00,4021.0,NONE,NONE,NONE,2223,NONE,0,-
2026-07-17 11:36:00,4020.7,NONE,NONE,NONE,2227,NONE,0,-
2026-07-17 11:37:00,4019.7,NONE,NONE,NONE,2170,NONE,0,-
2026-07-17 11:38:00,4019.3,NONE,BUY,NONE,2098,NONE,0,-
2026-07-17 11:39:00,4019.2,NONE,BUY,NONE,2081,NONE,0,-
2026-07-17 11:40:00,4018.5,NONE,NONE,NONE,2051,NONE,0,-
2026-07-17 11:41:00,4018.9,BULLISH,NONE,NONE,2138,NONE,0,-
2026-07-17 11:42:00,4019.3,BULLISH,NONE,NONE,2112,BUY,1,ABRE BUY
2026-07-17 11:43:00,4020.9,NONE,NONE,NONE,2174,NONE,0,-
2026-07-17 11:44:00,4021.7,BEARISH,NONE,NONE,2172,NONE,0,-
2026-07-17 11:45:00,4022.2,BEARISH,NONE,NONE,2222,SELL,1,-
2026-07-17 11:46:00,4022.0,NONE,NONE,NONE,2202,NONE,0,-
2026-07-17 11:47:00,4021.7,NONE,NONE,NONE,2194,NONE,0,-
2026-07-17 11:48:00,4021.5,NONE,NONE,NONE,2237,NONE,0,-
2026-07-17 11:49:00,4022.2,NONE,NONE,NONE,2279,NONE,0,-
2026-07-17 11:50:01,4024.9,NONE,NONE,NONE,2340,NONE,0,-
2026-07-17 11:51:00,4022.4,NONE,NONE,NONE,2340,NONE,0,-
2026-07-17 11:52:00,4023.5,NONE,NONE,NONE,2341,NONE,0,-
2026-07-17 11:53:00,4022.3,NONE,NONE,NONE,2315,NONE,0,-
2026-07-17 11:54:00,4022.0,NONE,NONE,NONE,2279,NONE,0,-
2026-07-17 11:55:00,4020.9,NONE,NONE,NONE,2223,NONE,0,-
2026-07-17 11:56:00,4020.4,NONE,NONE,NONE,2182,NONE,0,-
2026-07-17 11:57:00,4021.0,BULLISH,NONE,NONE,2241,NONE,0,-
2026-07-17 11:58:00,4020.8,BULLISH,NONE,NONE,2240,BUY,1,-
2026-07-17 11:59:00,4020.4,NONE,NONE,NONE,2244,NONE,0,-
2026-07-17 12:00:00,4019.8,NONE,NONE,NONE,2267,NONE,0,-
2026-07-17 12:01:00,4021.8,NONE,NONE,NONE,2275,NONE,0,-
2026-07-17 12:02:00,4023.8,NONE,NONE,NONE,2348,NONE,0,-
2026-07-17 12:03:00,4022.6,NONE,NONE,NONE,2337,NONE,0,-
2026-07-17 12:04:00,4022.6,NONE,NONE,NONE,2341,NONE,0,-
2026-07-17 12:05:00,4022.2,NONE,NONE,NONE,2331,NONE,0,-
2026-07-17 12:06:00,4021.3,NONE,NONE,NONE,2327,NONE,0,-
2026-07-17 12:07:00,4023.2,NONE,NONE,NONE,2331,NONE,0,CIERRE TIME(25m) mae=0
2026-07-17 12:08:00,4022.5,NONE,NONE,NONE,2343,NONE,0,-
2026-07-17 12:09:00,4022.7,NONE,NONE,NONE,2315,NONE,0,-
2026-07-17 12:10:00,4022.6,NONE,NONE,NONE,2322,NONE,0,-
2026-07-17 12:11:00,4022.9,NONE,NONE,NONE,2338,NONE,0,-
2026-07-17 12:12:00,4021.4,BEARISH,NONE,NONE,2312,NONE,0,-
2026-07-17 12:13:00,4019.7,NONE,NONE,NONE,2237,NONE,0,-
2026-07-17 12:14:00,4018.8,NONE,NONE,NONE,2210,NONE,0,-
2026-07-17 12:15:00,4018.3,NONE,NONE,NONE,2193,NONE,0,-
2026-07-17 12:16:00,4019.3,NONE,NONE,NONE,2203,NONE,0,-
2026-07-17 12:17:00,4020.0,BULLISH,NONE,NONE,2249,NONE,0,-
2026-07-17 12:18:00,4019.7,NONE,NONE,NONE,2273,NONE,0,-
2026-07-17 12:19:00,4018.5,NONE,NONE,NONE,2239,NONE,0,-
2026-07-17 12:20:00,4017.8,BULLISH,NONE,NONE,2216,NONE,0,-
2026-07-17 12:21:00,4017.7,NONE,NONE,NONE,2150,NONE,0,-
2026-07-17 12:22:00,4018.6,NONE,NONE,NONE,2200,NONE,0,-
2026-07-17 12:23:00,4020.0,NONE,NONE,NONE,2223,NONE,0,-
2026-07-17 12:24:00,4019.8,NONE,NONE,NONE,2234,NONE,0,-
2026-07-17 12:25:00,4019.3,BEARISH,NONE,NONE,2217,NONE,0,-
2026-07-17 12:26:00,4019.8,NONE,NONE,NONE,2227,NONE,0,-
2026-07-17 12:27:00,4019.3,BEARISH,NONE,NONE,2220,NONE,0,-
2026-07-17 12:28:00,4019.8,NONE,NONE,NONE,2220,NONE,0,-
2026-07-17 12:29:00,4019.2,NONE,NONE,NONE,2207,NONE,0,-
2026-07-17 12:30:00,4018.7,NONE,NONE,NONE,2161,NONE,0,-
2026-07-17 12:31:00,4019.1,NONE,NONE,NONE,2161,NONE,0,-
2026-07-17 12:32:00,4018.1,NONE,NONE,NONE,2130,NONE,0,-
2026-07-17 12:33:00,4016.9,NONE,NONE,NONE,2112,NONE,0,-
2026-07-17 12:34:00,4016.3,NONE,NONE,NONE,2084,NONE,0,-
2026-07-17 12:35:00,4017.1,NONE,NONE,NONE,2086,NONE,0,-
2026-07-17 12:36:00,4015.1,NONE,NONE,NONE,1983,NONE,0,-
2026-07-17 12:37:00,4015.5,NONE,NONE,NONE,1954,NONE,0,-
2026-07-17 12:38:00,4017.2,NONE,NONE,NONE,2056,NONE,0,-
2026-07-17 12:39:00,4016.6,NONE,NONE,NONE,2050,NONE,0,-
2026-07-17 12:40:00,4017.0,NONE,NONE,NONE,2046,NONE,0,-
2026-07-17 12:41:00,4015.5,BEARISH,NONE,NONE,2040,NONE,0,-
2026-07-17 12:42:00,4016.0,BULLISH,NONE,NONE,2066,NONE,0,-
2026-07-17 12:43:00,4015.5,BULLISH,NONE,NONE,2075,BUY,1,ABRE BUY
2026-07-17 12:44:00,4015.5,NONE,NONE,NONE,2085,NONE,0,-
2026-07-17 12:45:00,4015.9,NONE,NONE,NONE,2108,NONE,0,-
2026-07-17 12:46:00,4016.3,BULLISH,NONE,NONE,2087,NONE,0,-
2026-07-17 12:47:00,4016.0,NONE,NONE,NONE,2094,NONE,0,-
2026-07-17 12:48:00,4017.2,NONE,NONE,NONE,2104,NONE,0,-
2026-07-17 12:49:00,4016.8,NONE,NONE,NONE,2104,NONE,0,-
2026-07-17 12:50:00,4017.9,NONE,NONE,NONE,2110,NONE,0,-
2026-07-17 12:51:00,4015.7,BEARISH,NONE,NONE,2103,NONE,0,-
2026-07-17 12:52:00,4014.0,NONE,NONE,NONE,2036,NONE,0,-
2026-07-17 12:53:01,4014.0,NONE,NONE,NONE,1952,NONE,0,-
2026-07-17 12:54:00,4014.9,NONE,NONE,NONE,1973,NONE,0,-
2026-07-17 12:55:00,4014.3,NONE,NONE,NONE,1976,NONE,0,-
2026-07-17 12:56:00,4014.2,NONE,NONE,NONE,1974,NONE,0,-
2026-07-17 12:57:00,4013.8,NONE,NONE,NONE,1974,NONE,0,-
2026-07-17 12:58:00,4014.5,NONE,NONE,NONE,1993,NONE,0,-
2026-07-17 12:59:00,4014.4,NONE,NONE,NONE,2035,NONE,0,-
2026-07-17 13:00:01,4014.7,NONE,NONE,NONE,2016,NONE,0,-
2026-07-17 13:01:01,4013.6,BEARISH,NONE,NONE,1973,NONE,0,-
2026-07-17 13:02:01,4014.8,NONE,NONE,NONE,1990,NONE,0,-
2026-07-17 13:03:01,4015.5,NONE,NONE,NONE,2009,NONE,0,-
2026-07-17 13:04:01,4016.0,NONE,NONE,NONE,2066,NONE,0,-
2026-07-17 13:05:01,4014.8,NONE,NONE,NONE,2031,NONE,0,-
2026-07-17 13:06:01,4015.0,NONE,NONE,NONE,2058,NONE,0,-
2026-07-17 13:07:01,4015.7,NONE,NONE,NONE,2096,NONE,0,-
2026-07-17 13:08:01,4017.3,NONE,NONE,NONE,2142,NONE,0,CIERRE TIME(25m) mae=1.9
2026-07-17 13:09:01,4017.3,NONE,NONE,NONE,2166,NONE,0,-
2026-07-17 13:10:02,4017.3,NONE,NONE,NONE,2181,NONE,0,-
2026-07-17 13:11:02,4017.2,NONE,NONE,NONE,2201,NONE,0,-
2026-07-17 13:12:02,4016.8,NONE,NONE,NONE,2192,NONE,0,-
2026-07-17 13:13:02,4016.2,NONE,NONE,NONE,2187,NONE,0,-
2026-07-17 13:14:02,4015.5,NONE,NONE,NONE,2152,NONE,0,-
2026-07-17 13:15:02,4015.6,NONE,NONE,NONE,2161,NONE,0,-
2026-07-17 13:16:02,4014.6,NONE,NONE,NONE,2131,NONE,0,-
2026-07-17 13:17:02,4015.7,NONE,NONE,NONE,2134,NONE,0,-
2026-07-17 13:18:02,4017.2,BEARISH,NONE,NONE,2150,NONE,0,-
2026-07-17 13:19:02,4017.4,NONE,NONE,NONE,2208,NONE,0,-
2026-07-17 13:20:02,4016.9,NONE,NONE,NONE,2223,NONE,0,-
2026-07-17 13:21:02,4016.2,NONE,NONE,NONE,2227,NONE,0,-
2026-07-17 13:22:02,4016.2,NONE,NONE,NONE,2237,NONE,0,-
2026-07-17 13:23:02,4017.7,NONE,NONE,NONE,2247,NONE,0,-
2026-07-17 13:24:02,4018.3,NONE,NONE,NONE,2278,NONE,0,-
2026-07-17 13:25:02,4017.3,NONE,NONE,NONE,2300,NONE,0,-
2026-07-17 13:26:02,4017.0,NONE,NONE,NONE,2279,NONE,0,-
2026-07-17 13:27:02,4016.7,NONE,NONE,NONE,2277,NONE,0,-
2026-07-17 13:28:02,4017.1,NONE,NONE,NONE,2280,NONE,0,-
2026-07-17 13:29:02,4018.0,NONE,NONE,NONE,2296,NONE,0,-
2026-07-17 13:30:02,4020.1,NONE,NONE,NONE,2497,NONE,0,-
2026-07-17 13:31:02,4020.7,NONE,NONE,NONE,2533,NONE,0,-
2026-07-17 13:32:02,4019.1,NONE,NONE,NONE,2548,NONE,0,-
2026-07-17 13:33:02,4017.7,NONE,NONE,NONE,2469,NONE,0,-
2026-07-17 13:34:02,4017.2,NONE,NONE,NONE,2483,NONE,0,-
2026-07-17 13:35:02,4018.4,BULLISH,NONE,NONE,2554,NONE,0,-
2026-07-17 13:36:02,4017.2,NONE,NONE,NONE,2549,NONE,0,-
2026-07-17 13:37:02,4017.1,NONE,NONE,NONE,2542,NONE,0,-
2026-07-17 13:38:02,4017.4,NONE,NONE,NONE,2556,NONE,0,-
2026-07-17 13:39:02,4017.7,NONE,NONE,NONE,2565,NONE,0,-
2026-07-17 13:40:02,4016.8,NONE,NONE,NONE,2542,NONE,0,-
2026-07-17 13:41:02,4015.1,NONE,NONE,NONE,2526,NONE,0,-
2026-07-17 13:42:04,4014.1,NONE,NONE,NONE,2477,NONE,0,-
2026-07-17 13:43:02,4013.5,NONE,NONE,NONE,2460,NONE,0,-
2026-07-17 13:44:02,4012.8,NONE,NONE,NONE,2417,NONE,0,-
2026-07-17 13:45:02,4013.3,NONE,NONE,NONE,2376,NONE,0,-
2026-07-17 13:46:02,4012.5,NONE,NONE,NONE,2317,NONE,0,-
2026-07-17 13:47:02,4012.9,NONE,NONE,NONE,2300,NONE,0,-
2026-07-17 13:48:02,4013.4,NONE,NONE,NONE,2328,NONE,0,-
2026-07-17 13:49:02,4013.1,NONE,NONE,NONE,2341,NONE,0,-
2026-07-17 13:50:02,4012.5,NONE,NONE,NONE,2349,NONE,0,-
2026-07-17 13:51:02,4013.3,NONE,NONE,NONE,2351,NONE,0,-
2026-07-17 13:52:02,4013.1,NONE,NONE,NONE,2378,NONE,0,-
2026-07-17 13:53:02,4013.1,NONE,NONE,NONE,2381,NONE,0,-
2026-07-17 13:54:02,4014.3,NONE,NONE,NONE,2391,NONE,0,-
2026-07-17 13:55:02,4015.7,NONE,NONE,NONE,2417,NONE,0,-
2026-07-17 13:56:02,4015.3,NONE,NONE,NONE,2436,NONE,0,-
2026-07-17 13:57:02,4015.5,NONE,NONE,NONE,2434,NONE,0,-
2026-07-17 13:58:02,4016.2,BEARISH,NONE,NONE,2434,NONE,0,-
2026-07-17 13:59:02,4017.0,NONE,SELL,NONE,2493,NONE,0,-
2026-07-17 14:00:02,4016.4,BEARISH,NONE,NONE,2461,NONE,0,-
2026-07-17 14:01:02,4014.3,NONE,NONE,NONE,2107,NONE,0,-
2026-07-17 14:02:02,4013.4,NONE,NONE,NONE,2110,NONE,0,-
2026-07-17 14:03:02,4013.1,NONE,NONE,NONE,2092,NONE,0,-
2026-07-17 14:04:02,4013.3,NONE,NONE,NONE,2074,NONE,0,-
2026-07-17 14:05:02,4013.1,NONE,NONE,NONE,2079,NONE,0,-
2026-07-17 14:06:02,4011.8,NONE,NONE,NONE,2034,NONE,0,-
2026-07-17 14:07:02,4010.4,NONE,NONE,NONE,1934,NONE,0,-
2026-07-17 14:08:02,4010.3,NONE,NONE,NONE,1937,NONE,0,-
2026-07-17 14:09:02,4010.0,NONE,NONE,NONE,1933,NONE,0,-
2026-07-17 14:10:02,4010.2,BULLISH,NONE,NONE,1938,NONE,0,-
2026-07-17 14:11:02,4010.8,BULLISH,NONE,NONE,1962,BUY,1,ABRE BUY
2026-07-17 14:12:02,4010.5,NONE,NONE,NONE,1950,NONE,0,-
2026-07-17 14:13:02,4010.0,BULLISH,NONE,NONE,1940,NONE,0,-
2026-07-17 14:14:02,4009.6,BULLISH,NONE,NONE,1886,BUY,1,-
2026-07-17 14:15:02,4010.6,NONE,BUY,NONE,1865,NONE,0,-
2026-07-17 14:16:02,4011.0,BEARISH,NONE,NONE,1890,NONE,0,-
2026-07-17 14:17:02,4010.4,BEARISH,NONE,NONE,1893,SELL,1,-
2026-07-17 14:18:02,4010.0,NONE,NONE,NONE,1889,NONE,0,-
2026-07-17 14:19:02,4010.6,NONE,NONE,NONE,1895,NONE,0,-
2026-07-17 14:20:02,4010.8,NONE,NONE,NONE,1876,NONE,0,-
2026-07-17 14:21:02,4010.7,NONE,NONE,NONE,1870,NONE,0,-
2026-07-17 14:22:02,4010.1,NONE,NONE,NONE,1872,NONE,0,-
2026-07-17 14:23:02,4009.6,NONE,NONE,NONE,1847,NONE,0,-
2026-07-17 14:24:02,4008.3,NONE,NONE,NONE,1818,NONE,0,-
2026-07-17 14:25:02,4007.3,NONE,NONE,NONE,1736,NONE,0,-
2026-07-17 14:26:02,4008.3,NONE,NONE,NONE,1791,NONE,0,-
2026-07-17 14:27:02,4009.4,NONE,NONE,NONE,1774,NONE,0,-
2026-07-17 14:28:02,4009.4,NONE,NONE,NONE,1783,NONE,0,-
2026-07-17 14:29:02,4010.0,NONE,NONE,NONE,1781,NONE,0,-
2026-07-17 14:30:02,4010.5,NONE,NONE,NONE,1779,NONE,0,-
2026-07-17 14:31:02,4010.0,NONE,SELL,NONE,1822,NONE,0,-
2026-07-17 14:32:02,4011.5,NONE,NONE,NONE,1845,NONE,0,-
2026-07-17 14:33:02,4010.7,NONE,NONE,NONE,1827,NONE,0,-
2026-07-17 14:34:02,4011.4,NONE,NONE,NONE,1842,NONE,0,-
2026-07-17 14:35:02,4010.8,NONE,NONE,NONE,1822,NONE,0,-
2026-07-17 14:36:02,4010.8,NONE,NONE,NONE,1851,NONE,0,CIERRE TIME(25m) mae=3.5
2026-07-17 14:37:02,4012.4,NONE,NONE,NONE,1916,NONE,0,-
2026-07-17 14:38:02,4012.5,NONE,NONE,NONE,1937,NONE,0,-
2026-07-17 14:39:02,4010.9,NONE,NONE,NONE,1864,NONE,0,-
2026-07-17 14:40:01,4011.3,NONE,NONE,NONE,1864,NONE,0,-
2026-07-17 14:41:01,4011.7,NONE,NONE,NONE,1859,NONE,0,-
2026-07-17 14:42:01,4013.1,NONE,NONE,NONE,1882,NONE,0,-
2026-07-17 14:43:02,4013.2,NONE,NONE,NONE,1925,NONE,0,-
2026-07-17 14:44:02,4013.8,NONE,NONE,NONE,1935,NONE,0,-
2026-07-17 14:45:02,4014.6,NONE,NONE,NONE,2010,NONE,0,-
2026-07-17 14:46:01,4015.0,NONE,SELL,NONE,2063,NONE,0,-
2026-07-17 14:47:01,4014.9,NONE,SELL,NONE,2059,NONE,0,-
2026-07-17 14:48:01,4015.7,NONE,NONE,NONE,2057,NONE,0,-
2026-07-17 14:49:02,4014.1,BEARISH,NONE,NONE,2040,NONE,0,-
2026-07-17 14:50:02,4015.3,NONE,NONE,NONE,2028,NONE,0,-
2026-07-17 14:51:02,4015.2,NONE,NONE,NONE,2016,NONE,0,-
2026-07-17 14:52:01,4018.1,NONE,NONE,NONE,2147,NONE,0,-
2026-07-17 14:53:01,4017.1,BEARISH,NONE,NONE,2134,NONE,0,-
2026-07-17 14:54:02,4018.5,BEARISH,NONE,NONE,2133,SELL,1,ABRE SELL
2026-07-17 14:55:02,4019.9,NONE,NONE,NONE,2226,NONE,0,-
2026-07-17 14:56:01,4020.8,NONE,NONE,NONE,2234,NONE,0,-
2026-07-17 14:57:01,4020.9,NONE,NONE,NONE,2212,NONE,0,-
2026-07-17 14:58:02,4020.7,NONE,NONE,NONE,2211,NONE,0,-
2026-07-17 14:59:02,4019.7,NONE,NONE,NONE,2177,NONE,0,-
2026-07-17 15:00:02,4019.9,NONE,NONE,NONE,2242,NONE,0,-
2026-07-17 15:01:02,4018.0,NONE,NONE,NONE,2166,NONE,0,-
2026-07-17 15:02:02,4018.3,NONE,NONE,NONE,2136,NONE,0,-
2026-07-17 15:03:02,4018.7,NONE,NONE,NONE,2147,NONE,0,-
2026-07-17 15:04:02,4017.9,NONE,NONE,NONE,2129,NONE,0,-
2026-07-17 15:05:02,4018.6,NONE,NONE,NONE,2133,NONE,0,-
2026-07-17 15:06:01,4017.7,NONE,NONE,NONE,2121,NONE,0,-
2026-07-17 15:07:02,4017.3,NONE,NONE,NONE,2114,NONE,0,-
2026-07-17 15:08:01,4017.5,NONE,NONE,NONE,2145,NONE,0,-
2026-07-17 15:09:02,4017.8,NONE,NONE,NONE,2141,NONE,0,-
2026-07-17 15:10:02,4018.1,NONE,NONE,NONE,2134,NONE,0,-
2026-07-17 15:11:02,4017.2,NONE,NONE,NONE,2140,NONE,0,-
2026-07-17 15:12:01,4017.0,NONE,NONE,NONE,2145,NONE,0,-
2026-07-17 15:13:01,4017.5,BULLISH,NONE,NONE,2173,NONE,0,-
2026-07-17 15:14:01,4017.2,BULLISH,NONE,NONE,2164,BUY,1,-
2026-07-17 15:15:01,4017.2,NONE,NONE,NONE,2189,NONE,0,-
2026-07-17 15:16:01,4016.8,NONE,NONE,NONE,2223,NONE,0,-
2026-07-17 15:17:01,4016.5,NONE,NONE,NONE,2219,NONE,0,-
2026-07-17 15:18:02,4015.4,BULLISH,NONE,NONE,2244,NONE,0,-
2026-07-17 15:19:01,4014.9,BULLISH,NONE,NONE,2221,BUY,1,-
2026-07-17 15:20:01,4013.8,BULLISH,NONE,NONE,2173,BUY,1,ABRE BUY
2026-07-17 15:21:01,4014.1,BULLISH,NONE,NONE,2180,BUY,1,-
2026-07-17 15:22:01,4015.2,BULLISH,NONE,NONE,2226,BUY,1,-
2026-07-17 15:23:01,4014.5,NONE,NONE,NONE,2217,NONE,0,-
2026-07-17 15:24:01,4014.8,NONE,NONE,NONE,2220,NONE,0,-
2026-07-17 15:25:01,4014.8,NONE,NONE,NONE,2217,NONE,0,-
2026-07-17 15:26:01,4014.2,NONE,NONE,NONE,2213,NONE,0,-
2026-07-17 15:27:01,4014.2,NONE,NONE,NONE,2211,NONE,0,-
2026-07-17 15:28:01,4014.3,NONE,NONE,NONE,2209,NONE,0,-
2026-07-17 15:29:01,4014.6,NONE,NONE,NONE,2208,NONE,0,-
2026-07-17 15:30:01,4015.5,NONE,NONE,NONE,2233,NONE,0,-
2026-07-17 15:31:01,4015.1,NONE,NONE,NONE,2242,NONE,0,-
2026-07-17 15:32:01,4014.6,NONE,NONE,NONE,2249,NONE,0,-
2026-07-17 15:33:01,4013.3,NONE,NONE,NONE,2209,NONE,0,-
2026-07-17 15:34:01,4014.1,NONE,NONE,NONE,2206,NONE,0,-
2026-07-17 15:35:01,4013.9,NONE,NONE,NONE,2207,NONE,0,-
2026-07-17 15:36:01,4014.6,NONE,NONE,NONE,2196,NONE,0,-
2026-07-17 15:37:01,4014.3,NONE,NONE,NONE,2182,NONE,0,-
2026-07-17 15:38:01,4014.9,BEARISH,NONE,NONE,2197,NONE,0,-
2026-07-17 15:39:01,4015.4,NONE,NONE,NONE,2209,NONE,0,-
2026-07-17 15:40:01,4015.1,NONE,NONE,NONE,2192,NONE,0,-
2026-07-17 15:41:01,4016.1,NONE,NONE,NONE,2221,NONE,0,-
2026-07-17 15:42:01,4015.6,NONE,NONE,NONE,2216,NONE,0,-
2026-07-17 15:43:01,4015.9,BEARISH,NONE,NONE,2216,NONE,0,-
2026-07-17 15:44:01,4016.4,NONE,NONE,NONE,2213,NONE,0,-
2026-07-17 15:45:01,4017.7,NONE,NONE,NONE,2221,NONE,0,CIERRE TIME(25m) mae=0.5
2026-07-17 15:46:01,4019.8,NONE,NONE,NONE,2240,NONE,0,-
2026-07-17 15:47:01,4020.2,NONE,NONE,NONE,2251,NONE,0,-
2026-07-17 15:48:02,4019.8,NONE,NONE,NONE,2268,NONE,0,-
2026-07-17 15:49:02,4019.8,NONE,NONE,NONE,2267,NONE,0,-
2026-07-17 15:50:02,4020.3,NONE,NONE,NONE,2277,NONE,0,-
2026-07-17 15:51:02,4021.6,NONE,NONE,NONE,2293,NONE,0,-
2026-07-17 15:52:01,4021.0,NONE,NONE,NONE,2314,NONE,0,-
2026-07-17 15:53:02,4022.7,NONE,NONE,NONE,2341,NONE,0,-
2026-07-17 15:54:02,4022.3,NONE,NONE,NONE,2345,NONE,0,-
2026-07-17 15:55:02,4020.9,NONE,NONE,NONE,2319,NONE,0,-
2026-07-17 15:56:01,4020.6,NONE,NONE,NONE,2314,NONE,0,-
2026-07-17 15:57:02,4022.9,BULLISH,NONE,NONE,2323,NONE,0,-
2026-07-17 15:58:02,4022.0,BULLISH,NONE,NONE,2326,BUY,1,ABRE BUY
2026-07-17 15:59:02,4021.5,NONE,NONE,NONE,2306,NONE,0,CIERRE TIME(1m) mae=0.5
2026-07-19 08:00:02,0.0,NONE,NONE,NONE,0,NONE,0,-
2026-07-19 08:01:02,0.0,NONE,NONE,NONE,0,NONE,0,-
2026-07-19 08:02:02,0.0,NONE,NONE,NONE,0,NONE,0,-
2026-07-19 08:03:02,0.0,NONE,NONE,NONE,0,NONE,0,-
2026-07-19 08:04:02,0.0,NONE,NONE,NONE,0,NONE,0,-
2026-07-19 08:05:02,0.0,NONE,NONE,NONE,0,NONE,0,-
2026-07-19 08:06:02,0.0,NONE,NONE,NONE,0,NONE,0,-
2026-07-19 08:07:02,0.0,NONE,NONE,NONE,0,NONE,0,-
2026-07-19 08:08:02,0.0,NONE,NONE,NONE,0,NONE,0,-
2026-07-19 08:09:02,0.0,NONE,NONE,NONE,0,NONE,0,-
2026-07-19 08:10:02,0.0,NONE,NONE,NONE,0,NONE,0,-
2026-07-19 08:11:02,0.0,NONE,NONE,NONE,0,NONE,0,-
2026-07-19 08:12:02,0.0,NONE,NONE,NONE,0,NONE,0,-
2026-07-19 08:13:02,0.0,NONE,NONE,NONE,0,NONE,0,-
2026-07-19 08:14:02,0.0,NONE,NONE,NONE,0,NONE,0,-
2026-07-19 08:15:02,0.0,NONE,NONE,NONE,0,NONE,0,-
2026-07-19 08:16:02,0.0,NONE,NONE,NONE,0,NONE,0,-
2026-07-19 08:17:02,0.0,NONE,NONE,NONE,0,NONE,0,-
2026-07-19 08:18:02,0.0,NONE,NONE,NONE,0,NONE,0,-
2026-07-19 08:19:02,0.0,NONE,NONE,NONE,0,NONE,0,-
2026-07-19 08:20:02,0.0,NONE,NONE,NONE,0,NONE,0,-
2026-07-19 08:21:02,0.0,NONE,NONE,NONE,0,NONE,0,-
2026-07-19 08:22:02,0.0,NONE,NONE,NONE,0,NONE,0,-
2026-07-19 08:23:02,0.0,NONE,NONE,NONE,0,NONE,0,-
2026-07-19 08:24:02,0.0,NONE,NONE,NONE,0,NONE,0,-
2026-07-19 08:25:02,0.0,NONE,NONE,NONE,0,NONE,0,-
2026-07-19 08:26:02,0.0,NONE,NONE,NONE,0,NONE,0,-
2026-07-19 08:27:02,0.0,NONE,NONE,NONE,0,NONE,0,-
2026-07-19 08:28:02,0.0,NONE,NONE,NONE,0,NONE,0,-
2026-07-19 08:29:02,0.0,NONE,NONE,NONE,0,NONE,0,-
2026-07-19 08:30:02,0.0,NONE,NONE,NONE,0,NONE,0,-
2026-07-19 08:31:02,0.0,NONE,NONE,NONE,0,NONE,0,-
2026-07-19 08:32:02,0.0,NONE,NONE,NONE,0,NONE,0,-
2026-07-19 08:33:02,0.0,NONE,NONE,NONE,0,NONE,0,-
2026-07-19 08:34:02,0.0,NONE,NONE,NONE,0,NONE,0,-
2026-07-19 08:35:02,0.0,NONE,NONE,NONE,0,NONE,0,-
2026-07-19 08:36:02,0.0,NONE,NONE,NONE,0,NONE,0,-
2026-07-19 08:37:02,0.0,NONE,NONE,NONE,0,NONE,0,-
2026-07-19 08:38:02,0.0,NONE,NONE,NONE,0,NONE,0,-
2026-07-19 08:39:02,0.0,NONE,NONE,NONE,0,NONE,0,-
2026-07-19 08:40:02,0.0,NONE,NONE,NONE,0,NONE,0,-
2026-07-19 08:41:02,0.0,NONE,NONE,NONE,0,NONE,0,-
2026-07-19 08:42:02,0.0,NONE,NONE,NONE,0,NONE,0,-
2026-07-19 08:43:02,0.0,NONE,NONE,NONE,0,NONE,0,-
2026-07-19 08:44:02,0.0,NONE,NONE,NONE,0,NONE,0,-
2026-07-19 08:45:02,0.0,NONE,NONE,NONE,0,NONE,0,-
2026-07-19 08:46:02,0.0,NONE,NONE,NONE,0,NONE,0,-
2026-07-19 08:47:02,0.0,NONE,NONE,NONE,0,NONE,0,-
2026-07-19 08:48:02,0.0,NONE,NONE,NONE,0,NONE,0,-
2026-07-19 08:49:02,0.0,NONE,NONE,NONE,0,NONE,0,-
2026-07-19 08:50:02,0.0,NONE,NONE,NONE,0,NONE,0,-
2026-07-19 08:51:02,0.0,NONE,NONE,NONE,0,NONE,0,-
2026-07-19 08:52:02,0.0,NONE,NONE,NONE,0,NONE,0,-
2026-07-19 08:53:02,0.0,NONE,NONE,NONE,0,NONE,0,-
2026-07-19 08:54:02,0.0,NONE,NONE,NONE,0,NONE,0,-
2026-07-19 08:55:02,0.0,NONE,NONE,NONE,0,NONE,0,-
2026-07-19 08:56:02,0.0,NONE,NONE,NONE,0,NONE,0,-
2026-07-19 08:57:02,0.0,NONE,NONE,NONE,0,NONE,0,-
2026-07-19 08:58:02,0.0,NONE,NONE,NONE,0,NONE,0,-
2026-07-19 08:59:02,0.0,NONE,NONE,NONE,0,NONE,0,-
2026-07-19 09:00:02,0.0,NONE,NONE,NONE,0,NONE,0,-
2026-07-19 09:01:02,0.0,NONE,NONE,NONE,0,NONE,0,-
2026-07-19 09:02:02,0.0,NONE,NONE,NONE,0,NONE,0,-
2026-07-19 09:03:02,0.0,NONE,NONE,NONE,0,NONE,0,-
2026-07-19 09:04:02,0.0,NONE,NONE,NONE,0,NONE,0,-
2026-07-19 09:05:02,0.0,NONE,NONE,NONE,0,NONE,0,-
2026-07-19 09:06:02,0.0,NONE,NONE,NONE,0,NONE,0,-
2026-07-19 09:07:02,0.0,NONE,NONE,NONE,0,NONE,0,-
2026-07-19 09:08:02,0.0,NONE,NONE,NONE,0,NONE,0,-
2026-07-19 09:09:02,0.0,NONE,NONE,NONE,0,NONE,0,-
2026-07-19 09:10:02,0.0,NONE,NONE,NONE,0,NONE,0,-
2026-07-19 09:11:02,0.0,NONE,NONE,NONE,0,NONE,0,-
2026-07-19 09:12:02,0.0,NONE,NONE,NONE,0,NONE,0,-
2026-07-19 09:13:02,0.0,NONE,NONE,NONE,0,NONE,0,-
2026-07-19 09:14:02,0.0,NONE,NONE,NONE,0,NONE,0,-
2026-07-19 09:15:02,0.0,NONE,NONE,NONE,0,NONE,0,-
2026-07-19 09:16:02,0.0,NONE,NONE,NONE,0,NONE,0,-
2026-07-19 09:17:02,0.0,NONE,NONE,NONE,0,NONE,0,-
2026-07-19 09:18:02,0.0,NONE,NONE,NONE,0,NONE,0,-
2026-07-19 09:19:02,0.0,NONE,NONE,NONE,0,NONE,0,-
2026-07-19 09:20:02,0.0,NONE,NONE,NONE,0,NONE,0,-
2026-07-19 09:21:02,0.0,NONE,NONE,NONE,0,NONE,0,-
2026-07-19 09:22:02,0.0,NONE,NONE,NONE,0,NONE,0,-
2026-07-19 09:23:02,0.0,NONE,NONE,NONE,0,NONE,0,-
2026-07-19 09:24:02,0.0,NONE,NONE,NONE,0,NONE,0,-
2026-07-19 09:25:02,0.0,NONE,NONE,NONE,0,NONE,0,-
2026-07-19 09:26:02,0.0,NONE,NONE,NONE,0,NONE,0,-
2026-07-19 09:27:02,0.0,NONE,NONE,NONE,0,NONE,0,-
2026-07-19 09:28:02,0.0,NONE,NONE,NONE,0,NONE,0,-
2026-07-19 09:29:02,0.0,NONE,NONE,NONE,0,NONE,0,-
2026-07-19 09:30:02,0.0,NONE,NONE,NONE,0,NONE,0,-
2026-07-19 09:31:02,0.0,NONE,NONE,NONE,0,NONE,0,-
2026-07-19 09:32:02,0.0,NONE,NONE,NONE,0,NONE,0,-
2026-07-19 09:33:02,0.0,NONE,NONE,NONE,0,NONE,0,-
2026-07-19 09:34:02,0.0,NONE,NONE,NONE,0,NONE,0,-
2026-07-19 09:35:02,0.0,NONE,NONE,NONE,0,NONE,0,-
2026-07-19 09:36:02,0.0,NONE,NONE,NONE,0,NONE,0,-
2026-07-19 09:37:02,0.0,NONE,NONE,NONE,0,NONE,0,-
2026-07-19 09:38:02,0.0,NONE,NONE,NONE,0,NONE,0,-
2026-07-19 09:39:02,0.0,NONE,NONE,NONE,0,NONE,0,-
2026-07-19 09:40:02,0.0,NONE,NONE,NONE,0,NONE,0,-
2026-07-19 09:41:02,0.0,NONE,NONE,NONE,0,NONE,0,-
2026-07-19 09:42:02,0.0,NONE,NONE,NONE,0,NONE,0,-
2026-07-19 09:43:02,0.0,NONE,NONE,NONE,0,NONE,0,-
2026-07-19 09:44:02,0.0,NONE,NONE,NONE,0,NONE,0,-
2026-07-19 09:45:02,0.0,NONE,NONE,NONE,0,NONE,0,-
2026-07-19 09:46:02,0.0,NONE,NONE,NONE,0,NONE,0,-
2026-07-19 09:47:02,0.0,NONE,NONE,NONE,0,NONE,0,-
2026-07-19 09:48:02,0.0,NONE,NONE,NONE,0,NONE,0,-
2026-07-19 09:49:02,0.0,NONE,NONE,NONE,0,NONE,0,-
2026-07-19 09:50:02,0.0,NONE,NONE,NONE,0,NONE,0,-
2026-07-19 09:51:02,0.0,NONE,NONE,NONE,0,NONE,0,-
2026-07-19 09:52:02,0.0,NONE,NONE,NONE,0,NONE,0,-
2026-07-19 09:53:02,0.0,NONE,NONE,NONE,0,NONE,0,-
2026-07-19 09:54:02,0.0,NONE,NONE,NONE,0,NONE,0,-
2026-07-19 09:55:02,0.0,NONE,NONE,NONE,0,NONE,0,-
2026-07-19 09:56:02,0.0,NONE,NONE,NONE,0,NONE,0,-
2026-07-19 09:57:02,0.0,NONE,NONE,NONE,0,NONE,0,-
2026-07-19 09:58:02,0.0,NONE,NONE,NONE,0,NONE,0,-
2026-07-19 09:59:02,0.0,NONE,NONE,NONE,0,NONE,0,-
2026-07-19 10:00:02,0.0,NONE,NONE,NONE,0,NONE,0,-
2026-07-19 10:01:02,0.0,NONE,NONE,NONE,0,NONE,0,-
2026-07-19 10:02:02,0.0,NONE,NONE,NONE,0,NONE,0,-
2026-07-19 10:03:02,0.0,NONE,NONE,NONE,0,NONE,0,-
2026-07-19 10:04:02,0.0,NONE,NONE,NONE,0,NONE,0,-
2026-07-19 10:05:02,0.0,NONE,NONE,NONE,0,NONE,0,-
2026-07-19 10:06:02,0.0,NONE,NONE,NONE,0,NONE,0,-
2026-07-19 10:07:02,0.0,NONE,NONE,NONE,0,NONE,0,-
2026-07-19 10:08:02,0.0,NONE,NONE,NONE,0,NONE,0,-
2026-07-19 10:09:02,0.0,NONE,NONE,NONE,0,NONE,0,-
2026-07-19 10:10:02,0.0,NONE,NONE,NONE,0,NONE,0,-
2026-07-19 10:11:02,0.0,NONE,NONE,NONE,0,NONE,0,-
2026-07-19 10:12:02,0.0,NONE,NONE,NONE,0,NONE,0,-
2026-07-19 10:13:02,0.0,NONE,NONE,NONE,0,NONE,0,-
2026-07-19 10:14:02,0.0,NONE,NONE,NONE,0,NONE,0,-
2026-07-19 10:15:02,0.0,NONE,NONE,NONE,0,NONE,0,-
2026-07-19 10:16:02,0.0,NONE,NONE,NONE,0,NONE,0,-
2026-07-19 10:17:02,0.0,NONE,NONE,NONE,0,NONE,0,-
2026-07-19 10:18:02,0.0,NONE,NONE,NONE,0,NONE,0,-
2026-07-19 10:19:02,0.0,NONE,NONE,NONE,0,NONE,0,-
2026-07-19 10:20:02,0.0,NONE,NONE,NONE,0,NONE,0,-
2026-07-19 10:21:02,0.0,NONE,NONE,NONE,0,NONE,0,-
2026-07-19 10:22:02,0.0,NONE,NONE,NONE,0,NONE,0,-
2026-07-19 10:23:02,0.0,NONE,NONE,NONE,0,NONE,0,-
2026-07-19 10:24:02,0.0,NONE,NONE,NONE,0,NONE,0,-
2026-07-19 10:25:02,0.0,NONE,NONE,NONE,0,NONE,0,-
2026-07-19 10:26:02,0.0,NONE,NONE,NONE,0,NONE,0,-
2026-07-19 10:27:02,0.0,NONE,NONE,NONE,0,NONE,0,-
2026-07-19 10:28:02,0.0,NONE,NONE,NONE,0,NONE,0,-
2026-07-19 10:29:02,0.0,NONE,NONE,NONE,0,NONE,0,-
2026-07-19 10:30:02,0.0,NONE,NONE,NONE,0,NONE,0,-
2026-07-19 10:31:02,0.0,NONE,NONE,NONE,0,NONE,0,-
2026-07-19 10:32:02,0.0,NONE,NONE,NONE,0,NONE,0,-
2026-07-19 10:33:02,0.0,NONE,NONE,NONE,0,NONE,0,-
2026-07-19 10:34:02,0.0,NONE,NONE,NONE,0,NONE,0,-
2026-07-19 10:35:02,0.0,NONE,NONE,NONE,0,NONE,0,-
2026-07-19 10:36:02,0.0,NONE,NONE,NONE,0,NONE,0,-
2026-07-19 10:37:02,0.0,NONE,NONE,NONE,0,NONE,0,-
2026-07-19 10:38:02,0.0,NONE,NONE,NONE,0,NONE,0,-
2026-07-19 10:39:02,0.0,NONE,NONE,NONE,0,NONE,0,-
2026-07-19 10:40:02,0.0,NONE,NONE,NONE,0,NONE,0,-
2026-07-19 10:41:02,0.0,NONE,NONE,NONE,0,NONE,0,-
2026-07-19 10:42:02,0.0,NONE,NONE,NONE,0,NONE,0,-
2026-07-19 10:43:02,0.0,NONE,NONE,NONE,0,NONE,0,-
2026-07-19 10:44:02,0.0,NONE,NONE,NONE,0,NONE,0,-
2026-07-19 10:45:02,0.0,NONE,NONE,NONE,0,NONE,0,-
2026-07-19 10:46:02,0.0,NONE,NONE,NONE,0,NONE,0,-
2026-07-19 10:47:02,0.0,NONE,NONE,NONE,0,NONE,0,-
2026-07-19 10:48:02,0.0,NONE,NONE,NONE,0,NONE,0,-
2026-07-19 10:49:02,0.0,NONE,NONE,NONE,0,NONE,0,-
2026-07-19 10:50:02,0.0,NONE,NONE,NONE,0,NONE,0,-
2026-07-19 10:51:02,0.0,NONE,NONE,NONE,0,NONE,0,-
2026-07-19 10:52:02,0.0,NONE,NONE,NONE,0,NONE,0,-
2026-07-19 10:53:02,0.0,NONE,NONE,NONE,0,NONE,0,-
2026-07-19 10:54:02,0.0,NONE,NONE,NONE,0,NONE,0,-
2026-07-19 10:55:02,0.0,NONE,NONE,NONE,0,NONE,0,-
2026-07-19 10:56:02,0.0,NONE,NONE,NONE,0,NONE,0,-
2026-07-19 10:57:02,0.0,NONE,NONE,NONE,0,NONE,0,-
2026-07-19 10:58:02,0.0,NONE,NONE,NONE,0,NONE,0,-
2026-07-19 10:59:02,0.0,NONE,NONE,NONE,0,NONE,0,-
2026-07-19 11:00:02,0.0,NONE,NONE,NONE,0,NONE,0,-
2026-07-19 11:01:02,0.0,NONE,NONE,NONE,0,NONE,0,-
2026-07-19 11:02:02,0.0,NONE,NONE,NONE,0,NONE,0,-
2026-07-19 11:03:02,0.0,NONE,NONE,NONE,0,NONE,0,-
2026-07-19 11:04:02,0.0,NONE,NONE,NONE,0,NONE,0,-
2026-07-19 11:05:02,0.0,NONE,NONE,NONE,0,NONE,0,-
2026-07-19 11:06:02,0.0,NONE,NONE,NONE,0,NONE,0,-
2026-07-19 11:07:02,0.0,NONE,NONE,NONE,0,NONE,0,-
2026-07-19 11:08:02,0.0,NONE,NONE,NONE,0,NONE,0,-
2026-07-19 11:09:02,0.0,NONE,NONE,NONE,0,NONE,0,-
2026-07-19 11:10:02,0.0,NONE,NONE,NONE,0,NONE,0,-
2026-07-19 11:11:02,0.0,NONE,NONE,NONE,0,NONE,0,-
2026-07-19 11:12:02,0.0,NONE,NONE,NONE,0,NONE,0,-
2026-07-19 11:13:02,0.0,NONE,NONE,NONE,0,NONE,0,-
2026-07-19 11:14:02,0.0,NONE,NONE,NONE,0,NONE,0,-
2026-07-19 11:15:02,0.0,NONE,NONE,NONE,0,NONE,0,-
2026-07-19 11:16:02,0.0,NONE,NONE,NONE,0,NONE,0,-
2026-07-19 11:17:02,0.0,NONE,NONE,NONE,0,NONE,0,-
2026-07-19 11:18:02,0.0,NONE,NONE,NONE,0,NONE,0,-
2026-07-19 11:19:02,0.0,NONE,NONE,NONE,0,NONE,0,-
2026-07-19 11:20:02,0.0,NONE,NONE,NONE,0,NONE,0,-
2026-07-19 11:21:02,0.0,NONE,NONE,NONE,0,NONE,0,-
2026-07-19 11:22:02,0.0,NONE,NONE,NONE,0,NONE,0,-
2026-07-19 11:23:02,0.0,NONE,NONE,NONE,0,NONE,0,-
2026-07-19 11:24:02,0.0,NONE,NONE,NONE,0,NONE,0,-
2026-07-19 11:25:02,0.0,NONE,NONE,NONE,0,NONE,0,-
2026-07-19 11:26:02,0.0,NONE,NONE,NONE,0,NONE,0,-
2026-07-19 11:27:02,0.0,NONE,NONE,NONE,0,NONE,0,-
2026-07-19 11:28:02,0.0,NONE,NONE,NONE,0,NONE,0,-
2026-07-19 11:29:02,0.0,NONE,NONE,NONE,0,NONE,0,-
2026-07-19 11:30:02,0.0,NONE,NONE,NONE,0,NONE,0,-
2026-07-19 11:31:02,0.0,NONE,NONE,NONE,0,NONE,0,-
2026-07-19 11:32:02,0.0,NONE,NONE,NONE,0,NONE,0,-
2026-07-19 11:33:02,0.0,NONE,NONE,NONE,0,NONE,0,-
2026-07-19 11:34:02,0.0,NONE,NONE,NONE,0,NONE,0,-
2026-07-19 11:35:02,0.0,NONE,NONE,NONE,0,NONE,0,-
2026-07-19 11:36:02,0.0,NONE,NONE,NONE,0,NONE,0,-
2026-07-19 11:37:02,0.0,NONE,NONE,NONE,0,NONE,0,-
2026-07-19 11:38:02,0.0,NONE,NONE,NONE,0,NONE,0,-
2026-07-19 11:39:02,0.0,NONE,NONE,NONE,0,NONE,0,-
2026-07-19 11:40:02,0.0,NONE,NONE,NONE,0,NONE,0,-
2026-07-19 11:41:02,0.0,NONE,NONE,NONE,0,NONE,0,-
2026-07-19 11:42:02,0.0,NONE,NONE,NONE,0,NONE,0,-
2026-07-19 11:43:03,0.0,NONE,NONE,NONE,0,NONE,0,-
2026-07-19 11:44:02,0.0,NONE,NONE,NONE,0,NONE,0,-
2026-07-19 11:45:02,0.0,NONE,NONE,NONE,0,NONE,0,-
2026-07-19 11:46:02,0.0,NONE,NONE,NONE,0,NONE,0,-
2026-07-19 11:47:02,0.0,NONE,NONE,NONE,0,NONE,0,-
2026-07-19 11:48:02,0.0,NONE,NONE,NONE,0,NONE,0,-
2026-07-19 11:49:02,0.0,NONE,NONE,NONE,0,NONE,0,-
2026-07-19 11:50:03,0.0,NONE,NONE,NONE,0,NONE,0,-
2026-07-19 11:51:02,0.0,NONE,NONE,NONE,0,NONE,0,-
2026-07-19 11:52:02,0.0,NONE,NONE,NONE,0,NONE,0,-
2026-07-19 11:53:02,0.0,NONE,NONE,NONE,0,NONE,0,-
2026-07-19 11:54:02,0.0,NONE,NONE,NONE,0,NONE,0,-
2026-07-19 11:55:03,0.0,NONE,NONE,NONE,0,NONE,0,-
2026-07-19 11:56:02,0.0,NONE,NONE,NONE,0,NONE,0,-
2026-07-19 11:57:02,0.0,NONE,NONE,NONE,0,NONE,0,-
2026-07-19 11:58:02,0.0,NONE,NONE,NONE,0,NONE,0,-
2026-07-19 11:59:02,0.0,NONE,NONE,NONE,0,NONE,0,-
2026-07-19 12:00:03,0.0,NONE,NONE,NONE,0,NONE,0,-
2026-07-19 12:01:02,0.0,NONE,NONE,NONE,0,NONE,0,-
2026-07-19 12:02:02,0.0,NONE,NONE,NONE,0,NONE,0,-
2026-07-19 12:03:02,0.0,NONE,NONE,NONE,0,NONE,0,-
2026-07-19 12:04:02,0.0,NONE,NONE,NONE,0,NONE,0,-
2026-07-19 12:05:02,0.0,NONE,NONE,NONE,0,NONE,0,-
2026-07-19 12:06:03,0.0,NONE,NONE,NONE,0,NONE,0,-
2026-07-19 12:07:02,0.0,NONE,NONE,NONE,0,NONE,0,-
2026-07-19 12:08:02,0.0,NONE,NONE,NONE,0,NONE,0,-
2026-07-19 12:09:02,0.0,NONE,NONE,NONE,0,NONE,0,-
2026-07-19 12:10:02,0.0,NONE,NONE,NONE,0,NONE,0,-
2026-07-19 12:11:02,0.0,NONE,NONE,NONE,0,NONE,0,-
2026-07-19 12:12:02,0.0,NONE,NONE,NONE,0,NONE,0,-
2026-07-19 12:13:02,0.0,NONE,NONE,NONE,0,NONE,0,-
2026-07-19 12:14:02,0.0,NONE,NONE,NONE,0,NONE,0,-
2026-07-19 12:15:02,0.0,NONE,NONE,NONE,0,NONE,0,-
2026-07-19 12:16:02,0.0,NONE,NONE,NONE,0,NONE,0,-
2026-07-19 12:17:02,0.0,NONE,NONE,NONE,0,NONE,0,-
2026-07-19 12:18:02,0.0,NONE,NONE,NONE,0,NONE,0,-
2026-07-19 12:19:02,0.0,NONE,NONE,NONE,0,NONE,0,-
2026-07-19 12:20:02,0.0,NONE,NONE,NONE,0,NONE,0,-
2026-07-19 12:21:02,0.0,NONE,NONE,NONE,0,NONE,0,-
2026-07-19 12:22:02,0.0,NONE,NONE,NONE,0,NONE,0,-
2026-07-19 12:23:02,0.0,NONE,NONE,NONE,0,NONE,0,-
2026-07-19 12:24:02,0.0,NONE,NONE,NONE,0,NONE,0,-
2026-07-19 12:25:02,0.0,NONE,NONE,NONE,0,NONE,0,-
2026-07-19 12:26:02,0.0,NONE,NONE,NONE,0,NONE,0,-
2026-07-19 12:27:02,0.0,NONE,NONE,NONE,0,NONE,0,-
2026-07-19 12:28:02,0.0,NONE,NONE,NONE,0,NONE,0,-
2026-07-19 12:29:02,0.0,NONE,NONE,NONE,0,NONE,0,-
2026-07-19 12:30:03,0.0,NONE,NONE,NONE,0,NONE,0,-
2026-07-19 12:31:02,0.0,NONE,NONE,NONE,0,NONE,0,-
2026-07-19 12:32:02,0.0,NONE,NONE,NONE,0,NONE,0,-
2026-07-19 12:33:02,0.0,NONE,NONE,NONE,0,NONE,0,-
2026-07-19 12:34:02,0.0,NONE,NONE,NONE,0,NONE,0,-
2026-07-19 12:35:02,0.0,NONE,NONE,NONE,0,NONE,0,-
2026-07-19 12:36:02,0.0,NONE,NONE,NONE,0,NONE,0,-
2026-07-19 12:37:02,0.0,NONE,NONE,NONE,0,NONE,0,-
2026-07-19 12:38:03,0.0,NONE,NONE,NONE,0,NONE,0,-
2026-07-19 12:39:02,0.0,NONE,NONE,NONE,0,NONE,0,-
2026-07-19 12:40:02,0.0,NONE,NONE,NONE,0,NONE,0,-
2026-07-19 12:41:02,0.0,NONE,NONE,NONE,0,NONE,0,-
2026-07-19 12:42:02,0.0,NONE,NONE,NONE,0,NONE,0,-
2026-07-19 12:43:02,0.0,NONE,NONE,NONE,0,NONE,0,-
2026-07-19 12:44:02,0.0,NONE,NONE,NONE,0,NONE,0,-
2026-07-19 12:45:02,0.0,NONE,NONE,NONE,0,NONE,0,-
2026-07-19 12:46:02,0.0,NONE,NONE,NONE,0,NONE,0,-
2026-07-19 12:47:02,0.0,NONE,NONE,NONE,0,NONE,0,-
2026-07-19 12:48:02,0.0,NONE,NONE,NONE,0,NONE,0,-
2026-07-19 12:49:02,0.0,NONE,NONE,NONE,0,NONE,0,-
2026-07-19 12:50:02,0.0,NONE,NONE,NONE,0,NONE,0,-
2026-07-19 12:51:02,0.0,NONE,NONE,NONE,0,NONE,0,-
2026-07-19 12:52:02,0.0,NONE,NONE,NONE,0,NONE,0,-
2026-07-19 12:53:02,0.0,NONE,NONE,NONE,0,NONE,0,-
2026-07-19 12:54:02,0.0,NONE,NONE,NONE,0,NONE,0,-
2026-07-19 12:55:02,0.0,NONE,NONE,NONE,0,NONE,0,-
2026-07-19 12:56:02,0.0,NONE,NONE,NONE,0,NONE,0,-
2026-07-19 12:57:02,0.0,NONE,NONE,NONE,0,NONE,0,-
2026-07-19 12:58:02,0.0,NONE,NONE,NONE,0,NONE,0,-
2026-07-19 12:59:02,0.0,NONE,NONE,NONE,0,NONE,0,-
2026-07-19 13:00:03,0.0,NONE,NONE,NONE,0,NONE,0,-
2026-07-19 13:01:02,0.0,NONE,NONE,NONE,0,NONE,0,-
2026-07-19 13:02:02,0.0,NONE,NONE,NONE,0,NONE,0,-
2026-07-19 13:03:02,0.0,NONE,NONE,NONE,0,NONE,0,-
2026-07-19 13:04:02,0.0,NONE,NONE,NONE,0,NONE,0,-
2026-07-19 13:05:02,0.0,NONE,NONE,NONE,0,NONE,0,-
2026-07-19 13:06:02,0.0,NONE,NONE,NONE,0,NONE,0,-
2026-07-19 13:07:02,0.0,NONE,NONE,NONE,0,NONE,0,-
2026-07-19 13:08:02,0.0,NONE,NONE,NONE,0,NONE,0,-
2026-07-19 13:09:02,0.0,NONE,NONE,NONE,0,NONE,0,-
2026-07-19 13:10:02,0.0,NONE,NONE,NONE,0,NONE,0,-
2026-07-19 13:11:02,0.0,NONE,NONE,NONE,0,NONE,0,-
2026-07-19 13:12:02,0.0,NONE,NONE,NONE,0,NONE,0,-
2026-07-19 13:13:02,0.0,NONE,NONE,NONE,0,NONE,0,-
2026-07-19 13:14:02,0.0,NONE,NONE,NONE,0,NONE,0,-
2026-07-19 13:15:02,0.0,NONE,NONE,NONE,0,NONE,0,-
2026-07-19 13:16:02,0.0,NONE,NONE,NONE,0,NONE,0,-
2026-07-19 13:17:02,0.0,NONE,NONE,NONE,0,NONE,0,-
2026-07-19 13:18:02,0.0,NONE,NONE,NONE,0,NONE,0,-
2026-07-19 13:19:02,0.0,NONE,NONE,NONE,0,NONE,0,-
2026-07-19 13:20:02,0.0,NONE,NONE,NONE,0,NONE,0,-
2026-07-19 13:21:02,0.0,NONE,NONE,NONE,0,NONE,0,-
2026-07-19 13:22:02,0.0,NONE,NONE,NONE,0,NONE,0,-
2026-07-19 13:23:02,0.0,NONE,NONE,NONE,0,NONE,0,-
2026-07-19 13:24:02,0.0,NONE,NONE,NONE,0,NONE,0,-
2026-07-19 13:25:02,0.0,NONE,NONE,NONE,0,NONE,0,-
2026-07-19 13:26:02,0.0,NONE,NONE,NONE,0,NONE,0,-
2026-07-19 13:27:02,0.0,NONE,NONE,NONE,0,NONE,0,-
2026-07-19 13:28:02,0.0,NONE,NONE,NONE,0,NONE,0,-
2026-07-19 13:29:02,0.0,NONE,NONE,NONE,0,NONE,0,-
2026-07-19 13:30:02,0.0,NONE,NONE,NONE,0,NONE,0,-
2026-07-19 13:31:02,0.0,NONE,NONE,NONE,0,NONE,0,-
2026-07-19 13:32:02,0.0,NONE,NONE,NONE,0,NONE,0,-
2026-07-19 13:33:02,0.0,NONE,NONE,NONE,0,NONE,0,-
2026-07-19 13:34:02,0.0,NONE,NONE,NONE,0,NONE,0,-
2026-07-19 13:35:02,0.0,NONE,NONE,NONE,0,NONE,0,-
2026-07-19 13:36:02,0.0,NONE,NONE,NONE,0,NONE,0,-
2026-07-19 13:37:02,0.0,NONE,NONE,NONE,0,NONE,0,-
2026-07-19 13:38:02,0.0,NONE,NONE,NONE,0,NONE,0,-
2026-07-19 13:39:02,0.0,NONE,NONE,NONE,0,NONE,0,-
2026-07-19 13:40:02,0.0,NONE,NONE,NONE,0,NONE,0,-
2026-07-19 13:41:02,0.0,NONE,NONE,NONE,0,NONE,0,-
2026-07-19 13:42:02,0.0,NONE,NONE,NONE,0,NONE,0,-
2026-07-19 13:43:02,0.0,NONE,NONE,NONE,0,NONE,0,-
2026-07-19 13:44:02,0.0,NONE,NONE,NONE,0,NONE,0,-
2026-07-19 13:45:02,0.0,NONE,NONE,NONE,0,NONE,0,-
2026-07-19 13:46:02,0.0,NONE,NONE,NONE,0,NONE,0,-
2026-07-19 13:47:02,0.0,NONE,NONE,NONE,0,NONE,0,-
2026-07-19 13:48:02,0.0,NONE,NONE,NONE,0,NONE,0,-
2026-07-19 13:49:02,0.0,NONE,NONE,NONE,0,NONE,0,-
2026-07-19 13:50:02,0.0,NONE,NONE,NONE,0,NONE,0,-
2026-07-19 13:51:02,0.0,NONE,NONE,NONE,0,NONE,0,-
2026-07-19 13:52:02,0.0,NONE,NONE,NONE,0,NONE,0,-
2026-07-19 13:53:02,0.0,NONE,NONE,NONE,0,NONE,0,-
2026-07-19 13:54:02,0.0,NONE,NONE,NONE,0,NONE,0,-
2026-07-19 13:55:02,0.0,NONE,NONE,NONE,0,NONE,0,-
2026-07-19 13:56:02,0.0,NONE,NONE,NONE,0,NONE,0,-
2026-07-19 13:57:02,0.0,NONE,NONE,NONE,0,NONE,0,-
2026-07-19 13:58:02,0.0,NONE,NONE,NONE,0,NONE,0,-
2026-07-19 13:59:02,0.0,NONE,NONE,NONE,0,NONE,0,-
2026-07-19 14:00:02,0.0,NONE,NONE,NONE,0,NONE,0,-
2026-07-19 14:01:02,0.0,NONE,NONE,NONE,0,NONE,0,-
2026-07-19 14:02:02,0.0,NONE,NONE,NONE,0,NONE,0,-
2026-07-19 14:03:02,0.0,NONE,NONE,NONE,0,NONE,0,-
2026-07-19 14:04:02,0.0,NONE,NONE,NONE,0,NONE,0,-
2026-07-19 14:05:02,0.0,NONE,NONE,NONE,0,NONE,0,-
2026-07-19 14:06:02,0.0,NONE,NONE,NONE,0,NONE,0,-
2026-07-19 14:07:02,0.0,NONE,NONE,NONE,0,NONE,0,-
2026-07-19 14:08:02,0.0,NONE,NONE,NONE,0,NONE,0,-
2026-07-19 14:09:02,0.0,NONE,NONE,NONE,0,NONE,0,-
2026-07-19 14:10:02,0.0,NONE,NONE,NONE,0,NONE,0,-
2026-07-19 14:11:02,0.0,NONE,NONE,NONE,0,NONE,0,-
2026-07-19 14:12:02,0.0,NONE,NONE,NONE,0,NONE,0,-
2026-07-19 14:13:02,0.0,NONE,NONE,NONE,0,NONE,0,-
2026-07-19 14:14:02,0.0,NONE,NONE,NONE,0,NONE,0,-
2026-07-19 14:15:02,0.0,NONE,NONE,NONE,0,NONE,0,-
2026-07-19 14:16:02,0.0,NONE,NONE,NONE,0,NONE,0,-
2026-07-19 14:17:02,0.0,NONE,NONE,NONE,0,NONE,0,-
2026-07-19 14:18:02,0.0,NONE,NONE,NONE,0,NONE,0,-
2026-07-19 14:19:02,0.0,NONE,NONE,NONE,0,NONE,0,-
2026-07-19 14:20:02,0.0,NONE,NONE,NONE,0,NONE,0,-
2026-07-19 14:21:02,0.0,NONE,NONE,NONE,0,NONE,0,-
2026-07-19 14:22:02,0.0,NONE,NONE,NONE,0,NONE,0,-
2026-07-19 14:23:02,0.0,NONE,NONE,NONE,0,NONE,0,-
2026-07-19 14:24:02,0.0,NONE,NONE,NONE,0,NONE,0,-
2026-07-19 14:25:02,0.0,NONE,NONE,NONE,0,NONE,0,-
2026-07-19 14:26:02,0.0,NONE,NONE,NONE,0,NONE,0,-
2026-07-19 14:27:02,0.0,NONE,NONE,NONE,0,NONE,0,-
2026-07-19 14:28:02,0.0,NONE,NONE,NONE,0,NONE,0,-
2026-07-19 14:29:02,0.0,NONE,NONE,NONE,0,NONE,0,-
2026-07-19 14:30:02,0.0,NONE,NONE,NONE,0,NONE,0,-
2026-07-19 14:31:02,0.0,NONE,NONE,NONE,0,NONE,0,-
2026-07-19 14:32:02,0.0,NONE,NONE,NONE,0,NONE,0,-
2026-07-19 14:33:02,0.0,NONE,NONE,NONE,0,NONE,0,-
2026-07-19 14:34:02,0.0,NONE,NONE,NONE,0,NONE,0,-
2026-07-19 14:35:03,0.0,NONE,NONE,NONE,0,NONE,0,-
2026-07-19 14:36:02,0.0,NONE,NONE,NONE,0,NONE,0,-
2026-07-19 14:37:02,0.0,NONE,NONE,NONE,0,NONE,0,-
2026-07-19 14:38:02,0.0,NONE,NONE,NONE,0,NONE,0,-
2026-07-19 14:39:02,0.0,NONE,NONE,NONE,0,NONE,0,-
2026-07-19 14:40:02,0.0,NONE,NONE,NONE,0,NONE,0,-
2026-07-19 14:41:02,0.0,NONE,NONE,NONE,0,NONE,0,-
2026-07-19 14:42:02,0.0,NONE,NONE,NONE,0,NONE,0,-
2026-07-19 14:43:02,0.0,NONE,NONE,NONE,0,NONE,0,-
2026-07-19 14:44:02,0.0,NONE,NONE,NONE,0,NONE,0,-
2026-07-19 14:45:02,0.0,NONE,NONE,NONE,0,NONE,0,-
2026-07-19 14:46:02,0.0,NONE,NONE,NONE,0,NONE,0,-
2026-07-19 14:47:02,0.0,NONE,NONE,NONE,0,NONE,0,-
2026-07-19 14:48:02,0.0,NONE,NONE,NONE,0,NONE,0,-
2026-07-19 14:49:02,0.0,NONE,NONE,NONE,0,NONE,0,-
2026-07-19 14:50:02,0.0,NONE,NONE,NONE,0,NONE,0,-
2026-07-19 14:51:02,0.0,NONE,NONE,NONE,0,NONE,0,-
2026-07-19 14:52:02,0.0,NONE,NONE,NONE,0,NONE,0,-
2026-07-19 14:53:02,0.0,NONE,NONE,NONE,0,NONE,0,-
2026-07-19 14:54:02,0.0,NONE,NONE,NONE,0,NONE,0,-
2026-07-19 14:55:02,0.0,NONE,NONE,NONE,0,NONE,0,-
2026-07-19 14:56:02,0.0,NONE,NONE,NONE,0,NONE,0,-
2026-07-19 14:57:02,0.0,NONE,NONE,NONE,0,NONE,0,-
2026-07-19 14:58:02,0.0,NONE,NONE,NONE,0,NONE,0,-
2026-07-19 14:59:02,0.0,NONE,NONE,NONE,0,NONE,0,-
2026-07-19 15:00:02,0.0,NONE,NONE,NONE,0,NONE,0,-
2026-07-19 15:01:02,0.0,NONE,NONE,NONE,0,NONE,0,-
2026-07-19 15:02:02,0.0,NONE,NONE,NONE,0,NONE,0,-
2026-07-19 15:03:02,0.0,NONE,NONE,NONE,0,NONE,0,-
2026-07-19 15:04:02,0.0,NONE,NONE,NONE,0,NONE,0,-
2026-07-19 15:05:02,0.0,NONE,NONE,NONE,0,NONE,0,-
2026-07-19 15:06:02,0.0,NONE,NONE,NONE,0,NONE,0,-
2026-07-19 15:07:02,0.0,NONE,NONE,NONE,0,NONE,0,-
2026-07-19 15:08:02,0.0,NONE,NONE,NONE,0,NONE,0,-
2026-07-19 15:09:02,0.0,NONE,NONE,NONE,0,NONE,0,-
2026-07-19 15:10:02,0.0,NONE,NONE,NONE,0,NONE,0,-
2026-07-19 15:11:02,0.0,NONE,NONE,NONE,0,NONE,0,-
2026-07-19 15:12:02,0.0,NONE,NONE,NONE,0,NONE,0,-
2026-07-19 15:13:02,0.0,NONE,NONE,NONE,0,NONE,0,-
2026-07-19 15:14:02,0.0,NONE,NONE,NONE,0,NONE,0,-
2026-07-19 15:15:02,0.0,NONE,NONE,NONE,0,NONE,0,-
2026-07-19 15:16:02,0.0,NONE,NONE,NONE,0,NONE,0,-
2026-07-19 15:17:02,0.0,NONE,NONE,NONE,0,NONE,0,-
2026-07-19 15:18:02,0.0,NONE,NONE,NONE,0,NONE,0,-
2026-07-19 15:19:02,0.0,NONE,NONE,NONE,0,NONE,0,-
2026-07-19 15:20:02,0.0,NONE,NONE,NONE,0,NONE,0,-
2026-07-19 15:21:02,0.0,NONE,NONE,NONE,0,NONE,0,-
2026-07-19 15:22:02,0.0,NONE,NONE,NONE,0,NONE,0,-
2026-07-19 15:23:02,0.0,NONE,NONE,NONE,0,NONE,0,-
2026-07-19 15:24:02,0.0,NONE,NONE,NONE,0,NONE,0,-
2026-07-19 15:25:02,0.0,NONE,NONE,NONE,0,NONE,0,-
2026-07-19 15:26:02,0.0,NONE,NONE,NONE,0,NONE,0,-
2026-07-19 15:27:02,0.0,NONE,NONE,NONE,0,NONE,0,-
2026-07-19 15:28:02,0.0,NONE,NONE,NONE,0,NONE,0,-
2026-07-19 15:29:02,0.0,NONE,NONE,NONE,0,NONE,0,-
2026-07-19 15:30:03,0.0,NONE,NONE,NONE,0,NONE,0,-
2026-07-19 15:31:02,0.0,NONE,NONE,NONE,0,NONE,0,-
2026-07-19 15:32:02,0.0,NONE,NONE,NONE,0,NONE,0,-
2026-07-19 15:33:02,0.0,NONE,NONE,NONE,0,NONE,0,-
2026-07-19 15:34:02,0.0,NONE,NONE,NONE,0,NONE,0,-
2026-07-19 15:35:02,0.0,NONE,NONE,NONE,0,NONE,0,-
2026-07-19 15:36:02,0.0,NONE,NONE,NONE,0,NONE,0,-
2026-07-19 15:37:02,0.0,NONE,NONE,NONE,0,NONE,0,-
2026-07-19 15:38:02,0.0,NONE,NONE,NONE,0,NONE,0,-
2026-07-19 15:39:02,0.0,NONE,NONE,NONE,0,NONE,0,-
2026-07-19 15:40:02,0.0,NONE,NONE,NONE,0,NONE,0,-
2026-07-19 15:41:02,0.0,NONE,NONE,NONE,0,NONE,0,-
2026-07-19 15:42:02,0.0,NONE,NONE,NONE,0,NONE,0,-
2026-07-19 15:43:02,0.0,NONE,NONE,NONE,0,NONE,0,-
2026-07-19 15:44:02,0.0,NONE,NONE,NONE,0,NONE,0,-
2026-07-19 15:45:02,0.0,NONE,NONE,NONE,0,NONE,0,-
2026-07-19 15:46:02,0.0,NONE,NONE,NONE,0,NONE,0,-
2026-07-19 15:47:02,0.0,NONE,NONE,NONE,0,NONE,0,-
2026-07-19 15:48:02,0.0,NONE,NONE,NONE,0,NONE,0,-
2026-07-19 15:49:02,0.0,NONE,NONE,NONE,0,NONE,0,-
2026-07-19 15:50:02,0.0,NONE,NONE,NONE,0,NONE,0,-
2026-07-19 15:51:02,0.0,NONE,NONE,NONE,0,NONE,0,-
2026-07-19 15:52:02,0.0,NONE,NONE,NONE,0,NONE,0,-
2026-07-19 15:53:02,0.0,NONE,NONE,NONE,0,NONE,0,-
2026-07-19 15:54:02,0.0,NONE,NONE,NONE,0,NONE,0,-
2026-07-19 15:55:03,0.0,NONE,NONE,NONE,0,NONE,0,-
2026-07-19 15:56:02,0.0,NONE,NONE,NONE,0,NONE,0,-
2026-07-19 15:57:02,0.0,NONE,NONE,NONE,0,NONE,0,-
2026-07-19 15:58:02,0.0,NONE,NONE,NONE,0,NONE,0,-
2026-07-19 15:59:02,0.0,NONE,NONE,NONE,0,NONE,0,-
2026-07-20 08:00:02,4012.6,NONE,NONE,NONE,1299,NONE,0,-
2026-07-20 08:01:02,4015.8,BULLISH,NONE,NONE,1407,NONE,0,-
2026-07-20 08:02:02,4015.3,NONE,NONE,NONE,1440,NONE,0,-
2026-07-20 08:03:02,4015.3,NONE,NONE,NONE,1489,NONE,0,-
2026-07-20 08:04:02,4015.3,NONE,NONE,NONE,1474,NONE,0,-
2026-07-20 08:05:02,4016.6,NONE,NONE,NONE,1529,NONE,0,-
2026-07-20 08:06:02,4015.8,NONE,NONE,NONE,1518,NONE,0,-
2026-07-20 08:07:02,4013.8,BULLISH,NONE,NONE,1461,NONE,0,-
2026-07-20 08:08:02,4014.0,NONE,NONE,NONE,1443,NONE,0,-
2026-07-20 08:09:02,4013.4,NONE,NONE,NONE,1455,NONE,0,-
2026-07-20 08:10:02,4012.5,NONE,NONE,NONE,1448,NONE,0,-
2026-07-20 08:11:02,4012.4,NONE,NONE,NONE,1407,NONE,0,-
2026-07-20 08:12:02,4012.8,NONE,NONE,NONE,1424,NONE,0,-
2026-07-20 08:13:02,4014.5,BEARISH,NONE,NONE,1451,NONE,0,-
2026-07-20 08:14:02,4012.8,NONE,NONE,NONE,1455,NONE,0,-
2026-07-20 08:15:02,4012.5,NONE,NONE,NONE,1438,NONE,0,-
2026-07-20 08:16:02,4012.8,NONE,BUY,NONE,1371,NONE,0,-
2026-07-20 08:17:02,4014.9,BEARISH,NONE,NONE,1411,NONE,0,-
2026-07-20 08:18:02,4013.5,NONE,NONE,NONE,1399,NONE,0,-
2026-07-20 08:19:02,4013.2,NONE,NONE,NONE,1367,NONE,0,-
2026-07-20 08:20:02,4014.3,NONE,NONE,NONE,1393,NONE,0,-
2026-07-20 08:21:02,4015.7,NONE,NONE,NONE,1418,NONE,0,-
2026-07-20 08:22:02,4014.9,BEARISH,NONE,NONE,1406,NONE,0,-
2026-07-20 08:23:02,4013.9,NONE,NONE,NONE,1417,NONE,0,-
2026-07-20 08:24:02,4015.1,NONE,NONE,NONE,1409,NONE,0,-
2026-07-20 08:25:02,4016.0,NONE,NONE,NONE,1443,NONE,0,-
2026-07-20 08:26:02,4015.8,NONE,NONE,NONE,1488,NONE,0,-
2026-07-20 08:27:02,4014.6,NONE,NONE,NONE,1509,NONE,0,-
2026-07-20 08:28:02,4013.5,NONE,NONE,NONE,1506,NONE,0,-
2026-07-20 08:29:02,4014.3,NONE,NONE,NONE,1518,NONE,0,-
2026-07-20 08:30:02,4012.5,NONE,NONE,NONE,21,NONE,0,-
2026-07-20 08:31:02,4014.7,NONE,NONE,NONE,67,NONE,0,-
2026-07-20 08:32:02,4017.9,NONE,NONE,NONE,276,NONE,0,-
2026-07-20 08:33:02,4017.4,NONE,NONE,NONE,283,NONE,0,-
2026-07-20 08:34:02,4017.4,NONE,NONE,NONE,297,NONE,0,-
2026-07-20 08:35:02,4016.2,NONE,NONE,NONE,286,NONE,0,-
2026-07-20 08:36:02,4015.1,NONE,NONE,NONE,160,NONE,0,-
2026-07-20 08:37:02,4014.8,NONE,NONE,NONE,185,NONE,0,-
2026-07-20 08:38:02,4016.0,NONE,NONE,NONE,166,NONE,0,-
2026-07-20 08:39:02,4016.8,NONE,NONE,NONE,175,NONE,0,-
2026-07-20 08:40:02,4018.1,NONE,NONE,NONE,180,NONE,0,-
2026-07-20 08:41:02,4020.9,NONE,NONE,NONE,315,NONE,0,-
2026-07-20 08:42:02,4019.2,NONE,NONE,NONE,391,NONE,0,-
2026-07-20 08:43:02,4019.3,NONE,NONE,NONE,403,NONE,0,-
2026-07-20 08:44:02,4016.7,NONE,NONE,NONE,459,NONE,0,-
2026-07-20 08:45:02,4017.3,NONE,NONE,NONE,478,NONE,0,-
2026-07-20 08:46:02,4014.7,BULLISH,NONE,NONE,329,NONE,0,-
2026-07-20 08:47:02,4015.2,NONE,NONE,NONE,328,NONE,0,-
2026-07-20 08:48:02,4015.4,NONE,NONE,NONE,328,NONE,0,-
2026-07-20 08:49:02,4013.5,NONE,NONE,NONE,197,NONE,0,-
2026-07-20 08:50:02,4017.0,NONE,NONE,NONE,293,NONE,0,-
2026-07-20 08:51:02,4013.7,NONE,NONE,NONE,177,NONE,0,-
2026-07-20 08:52:02,4015.1,NONE,NONE,NONE,133,NONE,0,-
2026-07-20 08:53:02,4014.2,NONE,NONE,NONE,139,NONE,0,-
2026-07-20 08:54:02,4012.9,NONE,NONE,NONE,57,NONE,0,-
2026-07-20 08:55:02,4014.0,NONE,NONE,NONE,108,NONE,0,-
2026-07-20 08:56:02,4013.3,NONE,NONE,NONE,82,NONE,0,-
2026-07-20 08:57:02,4013.5,NONE,NONE,NONE,117,NONE,0,-
2026-07-20 08:58:02,4013.7,NONE,NONE,NONE,118,NONE,0,-
2026-07-20 08:59:02,4010.5,NONE,NONE,NONE,-76,NONE,0,-
2026-07-20 09:00:02,4010.4,NONE,NONE,NONE,-147,NONE,0,-
2026-07-20 09:01:02,4008.9,NONE,NONE,NONE,-237,NONE,0,-
2026-07-20 09:02:02,4009.5,NONE,NONE,NONE,-256,NONE,0,-
2026-07-20 09:03:02,4007.1,NONE,NONE,NONE,-571,NONE,0,-
2026-07-20 09:04:02,4007.7,NONE,NONE,NONE,-503,NONE,0,-
2026-07-20 09:05:02,4007.3,NONE,NONE,NONE,-530,NONE,0,-
2026-07-20 09:06:02,4007.5,NONE,NONE,NONE,-499,NONE,0,-
2026-07-20 09:07:02,4008.3,NONE,NONE,NONE,-567,NONE,0,-
2026-07-20 09:08:02,4008.1,NONE,NONE,NONE,-469,NONE,0,-
2026-07-20 09:09:02,4007.5,NONE,NONE,NONE,-494,NONE,0,-
2026-07-20 09:10:02,4004.9,NONE,NONE,NONE,-562,NONE,0,-
2026-07-20 09:11:02,4004.7,NONE,NONE,NONE,-664,NONE,0,-
2026-07-20 09:12:02,4003.4,NONE,NONE,NONE,-716,NONE,0,-
2026-07-20 09:13:02,4004.8,NONE,NONE,NONE,-650,NONE,0,-
2026-07-20 09:14:02,4005.0,NONE,NONE,NONE,-597,NONE,0,-
2026-07-20 09:15:02,4002.5,NONE,NONE,NONE,-637,NONE,0,-
2026-07-20 09:16:02,4004.5,NONE,NONE,NONE,-610,NONE,0,-
2026-07-20 09:17:02,4004.4,NONE,NONE,NONE,-617,NONE,0,-
2026-07-20 09:18:02,4005.3,NONE,NONE,NONE,-580,NONE,0,-
2026-07-20 09:19:02,4005.5,NONE,NONE,NONE,-586,NONE,0,-
2026-07-20 09:20:02,4005.7,NONE,NONE,NONE,-558,NONE,0,-
2026-07-20 09:21:02,4003.2,NONE,NONE,NONE,-593,NONE,0,-
2026-07-20 09:22:02,4003.7,BULLISH,NONE,NONE,-588,NONE,0,-
2026-07-20 09:23:02,4004.3,NONE,NONE,NONE,-527,NONE,0,-
2026-07-20 09:24:02,4006.7,NONE,NONE,NONE,-531,NONE,0,-
2026-07-20 09:25:02,4006.6,NONE,NONE,NONE,-533,NONE,0,-
2026-07-20 09:26:02,4007.9,NONE,NONE,NONE,-365,NONE,0,-
2026-07-20 09:27:02,4010.0,BEARISH,NONE,NONE,-382,NONE,0,-
2026-07-20 09:28:02,4008.8,BEARISH,NONE,NONE,-354,SELL,1,ABRE SELL
2026-07-20 09:29:02,4009.2,NONE,NONE,NONE,-320,NONE,0,-
2026-07-20 09:30:02,4010.7,NONE,NONE,NONE,-284,NONE,0,-
2026-07-20 09:31:02,4012.3,NONE,NONE,NONE,-210,NONE,0,-
2026-07-20 09:32:02,4011.6,NONE,NONE,NONE,-230,NONE,0,-
2026-07-20 09:33:02,4011.5,NONE,NONE,NONE,-222,NONE,0,-
2026-07-20 09:34:02,4012.3,NONE,NONE,NONE,-187,NONE,0,-
2026-07-20 09:35:02,4012.4,NONE,NONE,NONE,-124,NONE,0,-
2026-07-20 09:36:02,4012.8,NONE,NONE,NONE,-170,NONE,0,-
2026-07-20 09:37:02,4011.5,NONE,NONE,NONE,-214,NONE,0,-
2026-07-20 09:38:02,4013.0,NONE,NONE,NONE,-213,NONE,0,-
2026-07-20 09:39:02,4013.2,BEARISH,NONE,NONE,-195,NONE,0,-
2026-07-20 09:40:02,4013.7,BEARISH,NONE,NONE,-169,SELL,1,-
2026-07-20 09:41:02,4013.9,NONE,NONE,NONE,-87,NONE,0,-
2026-07-20 09:42:02,4013.8,NONE,NONE,NONE,-80,NONE,0,-
2026-07-20 09:43:02,4013.2,NONE,NONE,NONE,-111,NONE,0,-
2026-07-20 09:44:02,4011.9,BULLISH,NONE,NONE,-91,NONE,0,-
2026-07-20 09:45:02,4011.4,BULLISH,NONE,NONE,-112,BUY,1,-
2026-07-20 09:46:02,4014.1,BULLISH,BUY,NONE,-92,BUY,1,-
2026-07-20 09:47:02,4017.0,NONE,NONE,NONE,231,NONE,0,CIERRE SL mae=8.2
2026-07-20 09:48:02,4016.6,NONE,NONE,NONE,226,NONE,0,-
2026-07-20 09:49:02,4015.9,NONE,NONE,NONE,203,NONE,0,-
2026-07-20 09:50:02,4016.8,BEARISH,NONE,NONE,200,NONE,0,-
2026-07-20 09:51:02,4016.7,NONE,NONE,NONE,196,NONE,0,-
2026-07-20 09:52:02,4015.2,NONE,NONE,NONE,111,NONE,0,-
2026-07-20 09:53:02,4013.8,NONE,NONE,NONE,50,NONE,0,-
2026-07-20 09:54:02,4014.9,NONE,NONE,NONE,80,NONE,0,-
2026-07-20 09:55:02,4012.0,BULLISH,NONE,NONE,49,NONE,0,-
2026-07-20 09:56:02,4011.7,NONE,NONE,NONE,3,NONE,0,-
2026-07-20 09:57:02,4011.0,NONE,NONE,NONE,-41,NONE,0,-
2026-07-20 09:58:02,4011.9,NONE,NONE,NONE,-69,NONE,0,-
2026-07-20 09:59:02,4009.6,NONE,NONE,NONE,-65,NONE,0,-
2026-07-20 10:00:02,4011.4,NONE,NONE,NONE,-157,NONE,0,-
2026-07-20 10:01:02,4011.5,NONE,NONE,NONE,-202,NONE,0,-
2026-07-20 10:02:02,4013.7,BEARISH,NONE,NONE,-47,NONE,0,-
2026-07-20 10:03:02,4014.7,NONE,NONE,NONE,12,NONE,0,-
2026-07-20 10:04:02,4014.3,NONE,NONE,NONE,22,NONE,0,-
2026-07-20 10:05:02,4013.7,NONE,NONE,NONE,-10,NONE,0,-
2026-07-20 10:06:02,4011.6,NONE,NONE,NONE,-37,NONE,0,-
2026-07-20 10:07:02,4012.8,NONE,NONE,NONE,-40,NONE,0,-
2026-07-20 10:08:02,4013.2,NONE,NONE,NONE,-64,NONE,0,-
2026-07-20 10:09:02,4016.8,NONE,NONE,NONE,31,NONE,0,-
2026-07-20 10:10:02,4021.7,NONE,NONE,NONE,568,NONE,0,-
2026-07-20 10:11:02,4019.6,NONE,NONE,NONE,512,NONE,0,-
2026-07-20 10:12:02,4018.0,NONE,NONE,NONE,515,NONE,0,-
2026-07-20 10:13:02,4018.2,NONE,NONE,NONE,562,NONE,0,-
2026-07-20 10:14:02,4019.4,NONE,NONE,NONE,589,NONE,0,-
2026-07-20 10:15:02,4018.7,NONE,NONE,NONE,621,NONE,0,-
2026-07-20 10:16:02,4017.9,NONE,NONE,NONE,618,NONE,0,-
2026-07-20 10:17:02,4018.0,NONE,NONE,NONE,593,NONE,0,-
2026-07-20 10:18:02,4016.5,NONE,NONE,NONE,441,NONE,0,-
2026-07-20 10:19:02,4016.7,NONE,NONE,NONE,469,NONE,0,-
2026-07-20 10:20:02,4016.6,NONE,NONE,NONE,456,NONE,0,-
2026-07-20 10:21:02,4015.6,NONE,NONE,NONE,440,NONE,0,-
2026-07-20 10:22:02,4017.1,NONE,NONE,NONE,468,NONE,0,-
2026-07-20 10:23:02,4017.6,NONE,NONE,NONE,499,NONE,0,-
2026-07-20 10:24:02,4017.7,NONE,NONE,NONE,509,NONE,0,-
2026-07-20 10:25:02,4019.6,BEARISH,NONE,NONE,512,NONE,0,-
2026-07-20 10:26:02,4020.5,NONE,NONE,NONE,546,NONE,0,-
2026-07-20 10:27:02,4020.1,NONE,NONE,NONE,566,NONE,0,-
2026-07-20 10:28:02,4019.9,NONE,NONE,NONE,562,NONE,0,-
2026-07-20 10:29:02,4020.0,NONE,NONE,NONE,599,NONE,0,-
2026-07-20 10:30:02,4020.9,NONE,NONE,NONE,648,NONE,0,-
2026-07-20 10:31:02,4020.3,NONE,SELL,NONE,699,NONE,0,-
2026-07-20 10:32:02,4019.3,BULLISH,NONE,NONE,613,NONE,0,-
2026-07-20 10:33:02,4019.4,NONE,NONE,NONE,600,NONE,0,-
2026-07-20 10:34:02,4017.7,NONE,NONE,NONE,551,NONE,0,-
2026-07-20 10:35:02,4017.9,NONE,NONE,NONE,513,NONE,0,-
2026-07-20 10:36:02,4018.0,NONE,NONE,NONE,518,NONE,0,-
2026-07-20 10:37:02,4018.1,NONE,NONE,NONE,531,NONE,0,-
2026-07-20 10:38:02,4016.3,BULLISH,NONE,NONE,537,NONE,0,-
2026-07-20 10:39:02,4015.7,NONE,NONE,NONE,404,NONE,0,-
2026-07-20 10:40:02,4015.3,NONE,NONE,NONE,410,NONE,0,-
2026-07-20 10:41:02,4014.7,NONE,NONE,NONE,408,NONE,0,-
2026-07-20 10:42:02,4014.6,NONE,NONE,NONE,406,NONE,0,-
2026-07-20 10:43:02,4015.4,NONE,NONE,NONE,408,NONE,0,-
2026-07-20 10:44:02,4015.6,NONE,NONE,NONE,417,NONE,0,-
2026-07-20 10:45:02,4017.3,NONE,NONE,NONE,481,NONE,0,-
2026-07-20 10:46:02,4017.0,NONE,NONE,NONE,478,NONE,0,-
2026-07-20 10:47:02,4019.3,NONE,NONE,NONE,531,NONE,0,-
2026-07-20 10:48:02,4018.3,BEARISH,NONE,NONE,518,NONE,0,-
2026-07-20 10:49:02,4017.5,NONE,NONE,NONE,521,NONE,0,-
2026-07-20 10:50:02,4019.1,NONE,NONE,NONE,578,NONE,0,-
2026-07-20 10:51:02,4019.6,NONE,NONE,NONE,598,NONE,0,-
2026-07-20 10:52:02,4020.1,BEARISH,NONE,NONE,590,NONE,0,-
2026-07-20 10:53:02,4019.3,NONE,NONE,NONE,593,NONE,0,-
2026-07-20 10:54:02,4020.0,NONE,NONE,NONE,608,NONE,0,-
2026-07-20 10:55:02,4018.8,NONE,NONE,NONE,613,NONE,0,-
2026-07-20 10:56:02,4019.3,NONE,NONE,NONE,608,NONE,0,-
2026-07-20 10:57:02,4019.2,NONE,NONE,NONE,606,NONE,0,-
2026-07-20 10:58:02,4017.3,NONE,NONE,NONE,518,NONE,0,-
2026-07-20 10:59:02,4017.6,NONE,NONE,NONE,526,NONE,0,-
2026-07-20 11:00:02,4015.8,NONE,NONE,NONE,479,NONE,0,-
2026-07-20 11:01:02,4016.8,NONE,NONE,NONE,444,NONE,0,-
2026-07-20 11:02:02,4017.3,NONE,NONE,NONE,481,NONE,0,-
2026-07-20 11:03:02,4018.8,NONE,NONE,NONE,517,NONE,0,-
2026-07-20 11:04:02,4019.9,NONE,NONE,NONE,555,NONE,0,-
2026-07-20 11:05:02,4019.9,NONE,NONE,NONE,567,NONE,0,-
2026-07-20 11:06:02,4021.2,NONE,NONE,NONE,656,NONE,0,-
2026-07-20 11:07:02,4022.1,NONE,NONE,NONE,692,NONE,0,-
2026-07-20 11:08:02,4022.4,BEARISH,NONE,NONE,663,NONE,0,-
2026-07-20 11:09:02,4021.7,BEARISH,NONE,NONE,628,SELL,1,ABRE SELL
2026-07-20 11:10:02,4022.1,NONE,NONE,NONE,654,NONE,0,-
2026-07-20 11:11:02,4021.5,NONE,NONE,NONE,644,NONE,0,-
2026-07-20 11:12:02,4020.6,BULLISH,NONE,NONE,633,NONE,0,-
2026-07-20 11:13:02,4020.2,NONE,NONE,NONE,614,NONE,0,-
2026-07-20 11:14:02,4018.1,NONE,NONE,NONE,600,NONE,0,-
2026-07-20 11:15:02,4018.1,NONE,BUY,NONE,557,NONE,0,-
2026-07-20 11:16:02,4016.7,NONE,NONE,NONE,529,NONE,0,-
2026-07-20 11:17:02,4017.5,NONE,NONE,NONE,519,NONE,0,-
2026-07-20 11:18:02,4018.9,NONE,NONE,NONE,534,NONE,0,-
2026-07-20 11:19:02,4018.1,NONE,NONE,NONE,537,NONE,0,-
2026-07-20 11:20:02,4017.0,NONE,NONE,NONE,525,NONE,0,-
2026-07-20 11:21:02,4016.8,NONE,NONE,NONE,540,NONE,0,-
2026-07-20 11:22:02,4017.0,NONE,NONE,NONE,541,NONE,0,-
2026-07-20 11:23:02,4016.4,NONE,NONE,NONE,516,NONE,0,-
2026-07-20 11:24:02,4016.5,NONE,NONE,NONE,538,NONE,0,-
2026-07-20 11:25:02,4016.4,NONE,NONE,NONE,532,NONE,0,-
2026-07-20 11:26:03,4016.6,NONE,NONE,NONE,514,NONE,0,-
2026-07-20 11:27:02,4016.5,NONE,NONE,NONE,506,NONE,0,-
2026-07-20 11:28:02,4016.6,NONE,NONE,NONE,552,NONE,0,-
2026-07-20 11:29:02,4016.4,NONE,NONE,NONE,548,NONE,0,-
2026-07-20 11:30:03,4017.2,NONE,NONE,NONE,556,NONE,0,-
2026-07-20 11:31:02,4014.9,NONE,NONE,NONE,444,NONE,0,-
2026-07-20 11:32:02,4015.6,NONE,NONE,NONE,467,NONE,0,-
2026-07-20 11:33:02,4016.1,NONE,NONE,NONE,469,NONE,0,-
2026-07-20 11:34:02,4014.6,NONE,NONE,NONE,432,NONE,0,CIERRE TIME(25m) mae=0.4
2026-07-20 11:35:02,4013.7,NONE,NONE,NONE,279,NONE,0,-
2026-07-20 11:36:02,4014.6,NONE,NONE,NONE,254,NONE,0,-
2026-07-20 11:37:02,4014.9,NONE,NONE,NONE,253,NONE,0,-
2026-07-20 11:38:02,4015.6,NONE,NONE,NONE,266,NONE,0,-
2026-07-20 11:39:02,4015.8,NONE,NONE,NONE,297,NONE,0,-
2026-07-20 11:40:02,4016.2,NONE,NONE,NONE,342,NONE,0,-
2026-07-20 11:41:02,4016.4,NONE,NONE,NONE,319,NONE,0,-
2026-07-20 11:42:02,4009.6,NONE,NONE,NONE,-541,NONE,0,-
2026-07-20 11:43:02,4012.5,NONE,NONE,NONE,-541,NONE,0,-
2026-07-20 11:44:02,4012.7,NONE,NONE,NONE,-568,NONE,0,-
2026-07-20 11:45:02,4013.6,NONE,NONE,NONE,-524,NONE,0,-
2026-07-20 11:46:02,4012.5,NONE,NONE,NONE,-585,NONE,0,-
2026-07-20 11:47:02,4013.9,NONE,NONE,NONE,-581,NONE,0,-
2026-07-20 11:48:02,4012.6,BEARISH,NONE,NONE,-556,NONE,0,-
2026-07-20 11:49:02,4013.2,NONE,NONE,NONE,-545,NONE,0,-
2026-07-20 11:50:03,4013.1,NONE,NONE,NONE,-581,NONE,0,-
2026-07-20 11:51:02,4013.0,NONE,NONE,NONE,-607,NONE,0,-
2026-07-20 11:52:02,4011.6,NONE,NONE,NONE,-645,NONE,0,-
2026-07-20 11:53:02,4012.5,NONE,NONE,NONE,-635,NONE,0,-
2026-07-20 11:54:02,4013.0,NONE,NONE,NONE,-641,NONE,0,-
2026-07-20 11:55:02,4012.0,NONE,NONE,NONE,-634,NONE,0,-
2026-07-20 11:56:02,4012.8,NONE,NONE,NONE,-654,NONE,0,-
2026-07-20 11:57:02,4012.1,NONE,NONE,NONE,-695,NONE,0,-
2026-07-20 11:58:02,4013.3,BEARISH,NONE,NONE,-678,NONE,0,-
2026-07-20 11:59:02,4013.3,BEARISH,SELL,NONE,-654,SELL,1,ABRE SELL
2026-07-20 12:00:03,4013.7,NONE,NONE,NONE,-645,NONE,0,-
2026-07-20 12:01:02,4015.8,NONE,NONE,NONE,-490,NONE,0,-
2026-07-20 12:02:02,4015.2,NONE,NONE,NONE,-579,NONE,0,-
2026-07-20 12:03:02,4016.3,NONE,NONE,NONE,-556,NONE,0,-
2026-07-20 12:04:02,4015.8,BEARISH,NONE,NONE,-539,NONE,0,-
2026-07-20 12:05:02,4015.2,NONE,NONE,NONE,-559,NONE,0,-
2026-07-20 12:06:02,4014.9,NONE,NONE,NONE,-562,NONE,0,-
2026-07-20 12:07:02,4015.4,NONE,NONE,NONE,-543,NONE,0,-
2026-07-20 12:08:02,4014.7,NONE,NONE,NONE,-574,NONE,0,-
2026-07-20 12:09:02,4015.0,NONE,NONE,NONE,-573,NONE,0,-
2026-07-20 12:10:02,4015.8,NONE,NONE,NONE,-534,NONE,0,-
2026-07-20 12:11:02,4015.7,BEARISH,NONE,NONE,-555,NONE,0,-
2026-07-20 12:12:02,4015.4,BEARISH,NONE,NONE,-560,SELL,1,-
2026-07-20 12:13:02,4014.9,BULLISH,NONE,NONE,-548,NONE,0,-
2026-07-20 12:14:02,4014.9,NONE,NONE,NONE,-539,NONE,0,-
2026-07-20 12:15:02,4013.9,BULLISH,BUY,NONE,-559,NONE,0,-
2026-07-20 12:16:02,4013.7,NONE,NONE,NONE,-596,NONE,0,-
2026-07-20 12:17:02,4014.8,NONE,NONE,NONE,-577,NONE,0,-
2026-07-20 12:18:02,4015.0,NONE,NONE,NONE,-629,NONE,0,-
2026-07-20 12:19:02,4015.6,NONE,NONE,NONE,-606,NONE,0,-
2026-07-20 12:20:02,4014.4,BEARISH,NONE,NONE,-620,NONE,0,-
2026-07-20 12:21:02,4014.6,NONE,NONE,NONE,-616,NONE,0,-
2026-07-20 12:22:02,4016.0,BEARISH,NONE,NONE,-592,NONE,0,-
2026-07-20 12:23:02,4016.1,NONE,SELL,NONE,-532,NONE,0,-
2026-07-20 12:24:02,4014.7,NONE,NONE,NONE,-559,NONE,0,CIERRE TIME(25m) mae=3.0
2026-07-20 12:25:02,4015.2,NONE,NONE,NONE,-549,NONE,0,-
2026-07-20 12:26:02,4016.2,NONE,NONE,NONE,-551,NONE,0,-
2026-07-20 12:27:02,4016.8,NONE,NONE,NONE,-538,NONE,0,-
2026-07-20 12:28:02,4016.7,NONE,NONE,NONE,-544,NONE,0,-
2026-07-20 12:29:02,4015.6,NONE,NONE,NONE,-540,NONE,0,-
2026-07-20 12:30:03,4016.1,NONE,NONE,NONE,-483,NONE,0,-
2026-07-20 12:31:02,4015.4,NONE,NONE,NONE,-492,NONE,0,-
2026-07-20 12:32:02,4015.1,NONE,NONE,NONE,-493,NONE,0,-
2026-07-20 12:33:02,4015.9,NONE,NONE,NONE,-483,NONE,0,-
2026-07-20 12:34:02,4016.2,NONE,NONE,NONE,-488,NONE,0,-
2026-07-20 12:35:02,4016.0,NONE,NONE,NONE,-482,NONE,0,-
2026-07-20 12:36:02,4016.5,NONE,NONE,NONE,-473,NONE,0,-
2026-07-20 12:37:02,4016.6,NONE,NONE,NONE,-473,NONE,0,-
2026-07-20 12:38:02,4015.8,NONE,NONE,NONE,-491,NONE,0,-
2026-07-20 12:39:02,4016.1,NONE,NONE,NONE,-489,NONE,0,-
2026-07-20 12:40:02,4014.3,NONE,NONE,NONE,-533,NONE,0,-
2026-07-20 12:41:02,4013.8,NONE,NONE,NONE,-532,NONE,0,-
2026-07-20 12:42:02,4013.9,NONE,BUY,NONE,-552,NONE,0,-
2026-07-20 12:43:02,4014.1,NONE,NONE,NONE,-542,NONE,0,-
2026-07-20 12:44:02,4012.9,NONE,NONE,NONE,-620,NONE,0,-
2026-07-20 12:45:02,4011.9,NONE,NONE,NONE,-679,NONE,0,-
2026-07-20 12:46:02,4011.5,NONE,NONE,NONE,-735,NONE,0,-
2026-07-20 12:47:02,4011.3,NONE,NONE,NONE,-746,NONE,0,-
2026-07-20 12:48:02,4011.1,BULLISH,NONE,NONE,-739,NONE,0,-
2026-07-20 12:49:02,4011.5,NONE,NONE,NONE,-741,NONE,0,-
2026-07-20 12:50:03,4009.6,NONE,NONE,NONE,-758,NONE,0,-
2026-07-20 12:51:02,4008.3,NONE,NONE,NONE,-802,NONE,0,-
2026-07-20 12:52:02,4008.2,NONE,NONE,NONE,-849,NONE,0,-
2026-07-20 12:53:02,4008.3,NONE,NONE,NONE,-855,NONE,0,-
2026-07-20 12:54:02,4009.3,NONE,NONE,NONE,-860,NONE,0,-
2026-07-20 12:55:02,4008.8,NONE,NONE,NONE,-879,NONE,0,-
2026-07-20 12:56:02,4009.2,NONE,NONE,NONE,-864,NONE,0,-
2026-07-20 12:57:02,4008.8,NONE,NONE,NONE,-878,NONE,0,-
2026-07-20 12:58:02,4008.6,NONE,NONE,NONE,-889,NONE,0,-
2026-07-20 12:59:02,4008.1,NONE,NONE,NONE,-917,NONE,0,-
2026-07-20 13:00:02,4009.6,NONE,NONE,NONE,-925,NONE,0,-
2026-07-20 13:01:02,4012.2,NONE,NONE,NONE,-801,NONE,0,-
2026-07-20 13:02:02,4012.8,BEARISH,NONE,NONE,-811,NONE,0,-
2026-07-20 13:03:02,4011.7,NONE,NONE,NONE,-821,NONE,0,-
2026-07-20 13:04:02,4011.6,NONE,NONE,NONE,-800,NONE,0,-
2026-07-20 13:05:02,4011.7,NONE,NONE,NONE,-790,NONE,0,-
2026-07-20 13:06:02,4012.3,NONE,NONE,NONE,-772,NONE,0,-
2026-07-20 13:07:02,4012.3,NONE,NONE,NONE,-763,NONE,0,-
2026-07-20 13:08:02,4012.3,NONE,NONE,NONE,-763,NONE,0,-
2026-07-20 13:09:02,4012.3,NONE,NONE,NONE,-763,NONE,0,-
2026-07-20 13:10:02,4012.3,NONE,NONE,NONE,-763,NONE,0,-
2026-07-20 13:11:02,4012.3,NONE,NONE,NONE,-763,NONE,0,-
2026-07-20 13:12:02,4012.3,NONE,NONE,NONE,-763,NONE,0,-
2026-07-20 13:13:02,4013.3,BEARISH,NONE,NONE,-772,NONE,0,-
2026-07-20 13:14:02,4013.2,BEARISH,NONE,NONE,-784,SELL,1,ABRE SELL
2026-07-20 13:15:02,4013.3,BEARISH,NONE,NONE,-806,SELL,1,-
2026-07-20 13:16:02,4014.3,BEARISH,NONE,NONE,-819,SELL,1,-
2026-07-20 13:17:02,4014.5,BEARISH,NONE,NONE,-815,SELL,1,-
2026-07-20 13:18:02,4016.0,NONE,NONE,NONE,-763,NONE,0,-
2026-07-20 13:19:02,4014.1,NONE,NONE,NONE,-805,NONE,0,-
2026-07-20 13:20:02,4012.7,NONE,SELL,NONE,-822,NONE,0,-
2026-07-20 13:21:02,4012.4,NONE,NONE,NONE,-816,NONE,0,-
2026-07-20 13:22:02,4011.8,NONE,NONE,NONE,-890,NONE,0,-
2026-07-20 13:23:02,4008.8,NONE,NONE,NONE,-1038,NONE,0,-
2026-07-20 13:24:02,4009.6,BULLISH,NONE,NONE,-1005,NONE,0,-
2026-07-20 13:25:02,4009.1,NONE,NONE,NONE,-1038,NONE,0,-
2026-07-20 13:26:02,4011.2,NONE,NONE,NONE,-1037,NONE,0,-
2026-07-20 13:27:02,4010.6,NONE,NONE,NONE,-1056,NONE,0,-
2026-07-20 13:28:02,4010.6,NONE,NONE,NONE,-1060,NONE,0,-
2026-07-20 13:29:02,4011.1,NONE,NONE,NONE,-1064,NONE,0,-
2026-07-20 13:30:03,4010.7,BEARISH,NONE,NONE,-1074,NONE,0,-
2026-07-20 13:31:02,4010.5,NONE,NONE,NONE,-1067,NONE,0,-
2026-07-20 13:32:02,4010.1,BULLISH,NONE,NONE,-1070,NONE,0,-
2026-07-20 13:33:03,4010.5,NONE,NONE,NONE,-1046,NONE,0,-
2026-07-20 13:34:03,4009.3,NONE,NONE,NONE,-1094,NONE,0,-
2026-07-20 13:35:03,4009.4,NONE,NONE,NONE,-1159,NONE,0,-
2026-07-20 13:36:03,4010.2,NONE,NONE,NONE,-1182,NONE,0,-
2026-07-20 13:37:02,4010.8,BEARISH,NONE,NONE,-1139,NONE,0,-
2026-07-20 13:38:02,4010.4,BEARISH,NONE,NONE,-1157,SELL,1,-
2026-07-20 13:39:02,4010.6,NONE,NONE,NONE,-1153,NONE,0,CIERRE TIME(25m) mae=2.8
2026-07-20 13:40:02,4010.6,NONE,NONE,NONE,-1157,NONE,0,-
2026-07-20 13:41:02,4010.2,NONE,NONE,NONE,-1160,NONE,0,-
2026-07-20 13:42:02,4010.9,NONE,NONE,NONE,-1172,NONE,0,-
2026-07-20 13:43:02,4011.0,BEARISH,NONE,NONE,-1184,NONE,0,-
2026-07-20 13:44:02,4011.2,BEARISH,NONE,NONE,-1185,SELL,1,ABRE SELL
2026-07-20 13:45:02,4010.7,BEARISH,SELL,NONE,-1191,SELL,1,-
2026-07-20 13:46:02,4011.3,NONE,NONE,NONE,-1204,NONE,0,-
2026-07-20 13:47:02,4012.3,NONE,NONE,NONE,-1174,NONE,0,-
2026-07-20 13:48:02,4012.5,NONE,NONE,NONE,-1155,NONE,0,-
2026-07-20 13:49:02,4012.2,NONE,NONE,NONE,-1156,NONE,0,-
2026-07-20 13:50:02,4012.0,NONE,NONE,NONE,-1179,NONE,0,-
2026-07-20 13:51:02,4012.7,NONE,NONE,NONE,-1177,NONE,0,-
2026-07-20 13:52:02,4011.6,NONE,NONE,NONE,-1161,NONE,0,-
2026-07-20 13:53:02,4011.4,NONE,NONE,NONE,-1187,NONE,0,-
2026-07-20 13:54:02,4011.9,NONE,NONE,NONE,-1176,NONE,0,-
2026-07-20 13:55:02,4011.9,NONE,NONE,NONE,-1151,NONE,0,-
2026-07-20 13:56:02,4010.9,BULLISH,NONE,NONE,-1170,NONE,0,-
2026-07-20 13:57:02,4010.9,BULLISH,NONE,NONE,-1179,BUY,1,-
2026-07-20 13:58:02,4011.4,BULLISH,NONE,NONE,-1180,BUY,1,-
2026-07-20 13:59:02,4011.3,NONE,NONE,NONE,-1199,NONE,0,-
2026-07-20 14:00:03,4012.0,NONE,NONE,NONE,-1186,NONE,0,-
2026-07-20 14:01:02,4012.5,NONE,NONE,NONE,-1185,NONE,0,-
2026-07-20 14:02:02,4012.1,NONE,NONE,NONE,-1186,NONE,0,-
2026-07-20 14:03:02,4011.3,NONE,NONE,NONE,-1186,NONE,0,-
2026-07-20 14:04:02,4010.2,NONE,NONE,NONE,-1234,NONE,0,-
2026-07-20 14:05:02,4010.6,NONE,NONE,NONE,-1219,NONE,0,-
2026-07-20 14:06:02,4009.4,BULLISH,NONE,NONE,-1217,NONE,0,-
2026-07-20 14:07:02,4010.0,BULLISH,NONE,NONE,-1213,BUY,1,-
2026-07-20 14:08:02,4010.0,NONE,NONE,NONE,-1217,NONE,0,-
2026-07-20 14:09:02,4010.0,NONE,NONE,NONE,-1214,NONE,0,CIERRE TIME(25m) mae=1.5
2026-07-20 14:10:02,4011.2,NONE,NONE,NONE,-1204,NONE,0,-
2026-07-20 14:11:02,4011.5,NONE,NONE,NONE,-1194,NONE,0,-
2026-07-20 14:12:02,4010.1,NONE,NONE,NONE,-1201,NONE,0,-
2026-07-20 14:13:02,4010.2,NONE,NONE,NONE,-1205,NONE,0,-
2026-07-20 14:14:02,4008.8,BULLISH,NONE,NONE,-1211,NONE,0,-
2026-07-20 14:15:02,4009.1,BULLISH,NONE,NONE,-1208,BUY,1,ABRE BUY
2026-07-20 14:16:02,4011.1,NONE,NONE,NONE,-1151,NONE,0,-
2026-07-20 14:17:02,4011.1,NONE,NONE,NONE,-1139,NONE,0,-
2026-07-20 14:18:02,4010.5,NONE,NONE,NONE,-1136,NONE,0,-
2026-07-20 14:19:02,4011.7,NONE,NONE,NONE,-1122,NONE,0,-
2026-07-20 14:20:02,4012.5,NONE,NONE,NONE,-1064,NONE,0,-
2026-07-20 14:21:02,4014.2,NONE,NONE,NONE,-1027,NONE,0,-
2026-07-20 14:22:02,4014.2,NONE,NONE,NONE,-994,NONE,0,-
2026-07-20 14:23:02,4014.3,NONE,NONE,NONE,-1003,NONE,0,-
2026-07-20 14:24:02,4013.3,NONE,NONE,NONE,-1011,NONE,0,-
2026-07-20 14:25:02,4012.4,NONE,NONE,NONE,-1008,NONE,0,-
2026-07-20 14:26:02,4012.5,BULLISH,NONE,NONE,-1003,NONE,0,-
2026-07-20 14:27:02,4012.1,BULLISH,NONE,NONE,-1005,BUY,1,-
2026-07-20 14:28:02,4012.0,NONE,NONE,NONE,-1013,NONE,0,-
2026-07-20 14:29:02,4011.9,NONE,NONE,NONE,-1040,NONE,0,-
2026-07-20 14:30:03,4018.0,BULLISH,NONE,NONE,-675,NONE,0,-
2026-07-20 14:31:02,4016.6,NONE,NONE,NONE,-614,NONE,0,-
2026-07-20 14:32:02,4018.9,NONE,NONE,NONE,-569,NONE,0,CIERRE TP mae=0
2026-07-20 14:33:02,4019.1,NONE,NONE,NONE,-554,NONE,0,-
2026-07-20 14:34:02,4019.0,NONE,NONE,NONE,-575,NONE,0,-
2026-07-20 14:35:02,4018.1,NONE,NONE,NONE,-610,NONE,0,-
2026-07-20 14:36:02,4017.1,NONE,NONE,NONE,-609,NONE,0,-
2026-07-20 14:37:02,4015.2,NONE,NONE,NONE,-650,NONE,0,-
2026-07-20 14:38:02,4015.1,BULLISH,NONE,NONE,-628,NONE,0,-
2026-07-20 14:39:02,4015.5,NONE,NONE,NONE,-626,NONE,0,-
2026-07-20 14:40:02,4015.2,NONE,NONE,NONE,-641,NONE,0,-
2026-07-20 14:41:02,4014.3,NONE,NONE,NONE,-640,NONE,0,-
2026-07-20 14:42:02,4014.6,NONE,NONE,NONE,-632,NONE,0,-
2026-07-20 14:43:02,4014.0,NONE,NONE,NONE,-622,NONE,0,-
2026-07-20 14:44:02,4012.2,NONE,NONE,NONE,-714,NONE,0,-
2026-07-20 14:45:02,4010.0,NONE,NONE,NONE,-788,NONE,0,-
2026-07-20 14:46:02,4010.2,NONE,NONE,NONE,-779,NONE,0,-
2026-07-20 14:47:02,4012.8,NONE,NONE,NONE,-729,NONE,0,-
2026-07-20 14:48:02,4012.6,NONE,NONE,NONE,-738,NONE,0,-
2026-07-20 14:49:03,4012.0,NONE,NONE,NONE,-725,NONE,0,-
2026-07-20 14:50:02,4012.5,NONE,NONE,NONE,-729,NONE,0,-
2026-07-20 14:51:02,4013.2,NONE,NONE,NONE,-693,NONE,0,-
2026-07-20 14:52:02,4013.4,NONE,NONE,NONE,-710,NONE,0,-
2026-07-20 14:53:02,4012.7,NONE,NONE,NONE,-744,NONE,0,-
2026-07-20 14:54:02,4013.1,NONE,NONE,NONE,-722,NONE,0,-
2026-07-20 14:55:02,4012.7,NONE,NONE,NONE,-708,NONE,0,-
2026-07-20 14:56:02,4011.1,NONE,NONE,NONE,-753,NONE,0,-
2026-07-20 14:57:02,4012.0,NONE,NONE,NONE,-735,NONE,0,-
2026-07-20 14:58:02,4010.5,NONE,NONE,NONE,-763,NONE,0,-
2026-07-20 14:59:02,4011.2,NONE,NONE,NONE,-766,NONE,0,-
2026-07-20 15:00:03,4011.0,NONE,NONE,NONE,-793,NONE,0,-
2026-07-20 15:01:02,4012.4,NONE,NONE,NONE,-790,NONE,0,-
2026-07-20 15:02:02,4012.5,NONE,NONE,NONE,-811,NONE,0,-
2026-07-20 15:03:03,4011.8,BEARISH,NONE,NONE,-823,NONE,0,-
2026-07-20 15:04:02,4012.2,BEARISH,NONE,NONE,-850,SELL,1,ABRE SELL
2026-07-20 15:05:02,4012.1,NONE,NONE,NONE,-871,NONE,0,-
2026-07-20 15:06:02,4012.2,NONE,NONE,NONE,-853,NONE,0,-
2026-07-20 15:07:02,4011.3,NONE,NONE,NONE,-857,NONE,0,-
2026-07-20 15:08:02,4010.3,BULLISH,NONE,NONE,-864,NONE,0,-
2026-07-20 15:09:02,4010.2,NONE,NONE,NONE,-877,NONE,0,-
2026-07-20 15:10:02,4009.9,NONE,NONE,NONE,-890,NONE,0,-
2026-07-20 15:11:02,4010.4,NONE,NONE,NONE,-887,NONE,0,-
2026-07-20 15:12:02,4010.2,NONE,NONE,NONE,-899,NONE,0,-
2026-07-20 15:13:02,4010.2,NONE,NONE,NONE,-899,NONE,0,-
2026-07-20 15:14:02,4011.1,NONE,NONE,NONE,-882,NONE,0,-
2026-07-20 15:15:02,4011.8,NONE,NONE,NONE,-876,NONE,0,-
2026-07-20 15:16:02,4011.3,NONE,NONE,NONE,-866,NONE,0,-
2026-07-20 15:17:02,4011.6,NONE,NONE,NONE,-865,NONE,0,-
2026-07-20 15:18:02,4011.7,NONE,NONE,NONE,-866,NONE,0,-
2026-07-20 15:19:02,4011.1,NONE,NONE,NONE,-868,NONE,0,-
2026-07-20 15:20:02,4011.2,NONE,NONE,NONE,-867,NONE,0,-
2026-07-20 15:21:02,4012.1,NONE,NONE,NONE,-851,NONE,0,-
2026-07-20 15:22:02,4012.6,NONE,NONE,NONE,-827,NONE,0,-
2026-07-20 15:23:02,4012.0,NONE,NONE,NONE,-814,NONE,0,-
2026-07-20 15:24:02,4012.6,NONE,SELL,NONE,-786,NONE,0,-
2026-07-20 15:25:02,4012.5,NONE,SELL,NONE,-790,NONE,0,-
2026-07-20 15:26:02,4012.3,NONE,NONE,NONE,-800,NONE,0,-
2026-07-20 15:27:02,4012.6,NONE,NONE,NONE,-789,NONE,0,-
2026-07-20 15:28:02,4012.6,NONE,NONE,NONE,-750,NONE,0,-
2026-07-20 15:29:02,4012.9,NONE,NONE,NONE,-756,NONE,0,CIERRE TIME(25m) mae=0.7
2026-07-20 15:30:02,4012.6,NONE,NONE,NONE,-781,NONE,0,-
2026-07-20 15:31:02,4013.1,NONE,NONE,NONE,-775,NONE,0,-
2026-07-20 15:32:02,4011.9,NONE,NONE,NONE,-823,NONE,0,-
2026-07-20 15:33:02,4012.6,NONE,NONE,NONE,-823,NONE,0,-
2026-07-20 15:34:02,4013.0,NONE,NONE,NONE,-826,NONE,0,-
2026-07-20 15:35:02,4013.0,NONE,NONE,NONE,-832,NONE,0,-
2026-07-20 15:36:02,4012.9,BEARISH,NONE,NONE,-797,NONE,0,-
2026-07-20 15:37:02,4012.5,BEARISH,NONE,NONE,-809,SELL,1,ABRE SELL
2026-07-20 15:38:02,4012.5,NONE,NONE,NONE,-806,NONE,0,-
2026-07-20 15:39:02,4012.9,NONE,NONE,NONE,-806,NONE,0,-
2026-07-20 15:40:02,4013.1,NONE,NONE,NONE,-809,NONE,0,-
2026-07-20 15:41:02,4013.3,NONE,NONE,NONE,-807,NONE,0,-
2026-07-20 15:42:02,4013.0,BEARISH,NONE,NONE,-806,NONE,0,-
2026-07-20 15:43:02,4013.0,NONE,NONE,NONE,-816,NONE,0,-
2026-07-20 15:44:02,4012.3,NONE,NONE,NONE,-835,NONE,0,-
2026-07-20 15:45:02,4012.7,BULLISH,NONE,NONE,-850,NONE,0,-
2026-07-20 15:46:02,4012.5,BULLISH,NONE,NONE,-894,BUY,1,-
2026-07-20 15:47:03,4012.1,NONE,NONE,NONE,-915,NONE,0,-
2026-07-20 15:48:02,4011.8,NONE,NONE,NONE,-920,NONE,0,-
2026-07-20 15:49:02,4012.0,NONE,NONE,NONE,-917,NONE,0,-
2026-07-20 15:50:02,4011.8,NONE,NONE,NONE,-924,NONE,0,-
2026-07-20 15:51:02,4011.8,NONE,NONE,NONE,-932,NONE,0,-
2026-07-20 15:52:02,4011.8,NONE,NONE,NONE,-933,NONE,0,-
2026-07-20 15:53:02,4011.6,NONE,NONE,NONE,-938,NONE,0,-
2026-07-20 15:54:02,4012.6,BEARISH,NONE,NONE,-920,NONE,0,-
2026-07-20 15:55:02,4012.3,NONE,NONE,NONE,-910,NONE,0,CIERRE TIME(18m) mae=0.8
2026-07-20 15:56:02,4012.2,NONE,NONE,NONE,-918,NONE,0,-
2026-07-20 15:57:02,4012.2,NONE,NONE,NONE,-912,NONE,0,-
2026-07-20 15:58:02,4012.9,NONE,NONE,NONE,-912,NONE,0,-
2026-07-20 15:59:02,4011.0,BEARISH,NONE,NONE,-1072,NONE,0,-
2026-07-21 08:00:04,4061.0,NONE,NONE,NONE,1944,NONE,0,-
2026-07-21 08:01:04,4062.9,NONE,NONE,NONE,2000,NONE,0,-
2026-07-21 08:02:04,4063.3,NONE,NONE,NONE,2028,NONE,0,-
2026-07-21 08:03:03,4064.1,BEARISH,NONE,NONE,2028,NONE,0,-
2026-07-21 08:04:03,4062.0,BEARISH,NONE,NONE,1953,SELL,1,ABRE SELL
2026-07-21 08:05:04,4062.1,NONE,NONE,NONE,1928,NONE,0,-
2026-07-21 08:06:03,4062.7,NONE,NONE,NONE,1945,NONE,0,-
2026-07-21 08:07:03,4063.5,NONE,NONE,NONE,1938,NONE,0,-
2026-07-21 08:08:03,4063.6,NONE,NONE,NONE,1978,NONE,0,-
2026-07-21 08:09:03,4063.9,NONE,NONE,NONE,1973,NONE,0,-
2026-07-21 08:10:04,4061.8,NONE,NONE,NONE,1958,NONE,0,-
2026-07-21 08:11:03,4062.2,NONE,NONE,NONE,1938,NONE,0,-
2026-07-21 08:12:03,4062.0,NONE,NONE,NONE,1971,NONE,0,-
2026-07-21 08:13:03,4061.8,NONE,NONE,NONE,1962,NONE,0,-
2026-07-21 08:14:03,4061.9,BULLISH,NONE,NONE,1961,NONE,0,-
2026-07-21 08:15:04,4063.4,NONE,NONE,NONE,1995,NONE,0,-
2026-07-21 08:16:03,4063.6,NONE,SELL,NONE,2093,NONE,0,-
2026-07-21 08:17:03,4061.1,NONE,NONE,NONE,2059,NONE,0,-
2026-07-21 08:18:03,4059.8,BULLISH,NONE,NONE,1965,NONE,0,-
2026-07-21 08:19:03,4060.4,NONE,NONE,NONE,1997,NONE,0,-
2026-07-21 08:20:04,4060.6,NONE,NONE,NONE,1997,NONE,0,-
2026-07-21 08:21:03,4059.2,NONE,NONE,NONE,1977,NONE,0,-
2026-07-21 08:22:03,4060.6,BULLISH,BUY,NONE,2055,NONE,0,-
2026-07-21 08:23:03,4059.9,NONE,NONE,NONE,2077,NONE,0,-
2026-07-21 08:24:03,4058.5,NONE,NONE,NONE,2096,NONE,0,-
2026-07-21 08:25:04,4057.9,NONE,NONE,NONE,1988,NONE,0,-
2026-07-21 08:26:03,4058.0,NONE,NONE,NONE,2033,NONE,0,-
2026-07-21 08:27:03,4057.0,NONE,NONE,NONE,2017,NONE,0,-
2026-07-21 08:28:03,4057.5,BULLISH,NONE,NONE,2029,NONE,0,-
2026-07-21 08:29:03,4055.5,NONE,NONE,NONE,1923,NONE,0,CIERRE TIME(25m) mae=1.9
2026-07-21 08:30:05,4056.1,NONE,NONE,NONE,19,NONE,0,-
2026-07-21 08:31:04,4055.5,NONE,NONE,NONE,-28,NONE,0,-
2026-07-21 08:32:03,4052.5,NONE,NONE,NONE,-193,NONE,0,-
2026-07-21 08:33:03,4059.3,NONE,NONE,NONE,-37,NONE,0,-
2026-07-21 08:34:03,4058.2,NONE,NONE,NONE,16,NONE,0,-
2026-07-21 08:35:04,4060.0,NONE,NONE,NONE,52,NONE,0,-
2026-07-21 08:36:04,4060.8,NONE,NONE,NONE,61,NONE,0,-
2026-07-21 08:37:03,4058.6,NONE,NONE,NONE,27,NONE,0,-
2026-07-21 08:38:03,4056.4,NONE,NONE,NONE,-31,NONE,0,-
2026-07-21 08:39:03,4057.6,NONE,NONE,NONE,-35,NONE,0,-
2026-07-21 08:40:04,4057.6,NONE,NONE,NONE,-47,NONE,0,-
2026-07-21 08:41:03,4055.5,NONE,NONE,NONE,-90,NONE,0,-
2026-07-21 08:42:03,4054.4,NONE,NONE,NONE,-144,NONE,0,-
2026-07-21 08:43:03,4052.3,NONE,NONE,NONE,-218,NONE,0,-
2026-07-21 08:44:03,4050.5,NONE,NONE,NONE,-397,NONE,0,-
2026-07-21 08:45:04,4051.1,NONE,NONE,NONE,-513,NONE,0,-
2026-07-21 08:46:03,4049.6,NONE,NONE,NONE,-567,NONE,0,-
2026-07-21 08:47:03,4050.7,NONE,NONE,NONE,-556,NONE,0,-
2026-07-21 08:48:03,4049.3,NONE,NONE,NONE,-542,NONE,0,-
2026-07-21 08:49:03,4053.0,NONE,NONE,NONE,-406,NONE,0,-
2026-07-21 08:50:04,4053.7,NONE,NONE,NONE,-357,NONE,0,-
2026-07-21 08:51:03,4053.5,BEARISH,NONE,NONE,-348,NONE,0,-
2026-07-21 08:52:03,4050.7,NONE,NONE,NONE,-404,NONE,0,-
2026-07-21 08:53:03,4053.5,NONE,NONE,NONE,-401,NONE,0,-
2026-07-21 08:54:03,4055.7,NONE,NONE,NONE,-340,NONE,0,-
2026-07-21 08:55:04,4056.0,NONE,NONE,NONE,-287,NONE,0,-
2026-07-21 08:56:03,4055.4,NONE,NONE,NONE,-248,NONE,0,-
2026-07-21 08:57:03,4054.5,NONE,NONE,NONE,-294,NONE,0,-
2026-07-21 08:58:04,4054.9,NONE,NONE,NONE,-331,NONE,0,-
2026-07-21 08:59:03,4056.6,NONE,NONE,NONE,-290,NONE,0,-
2026-07-21 09:00:04,4057.5,BEARISH,NONE,NONE,-229,NONE,0,-
2026-07-21 09:01:04,4057.1,NONE,NONE,NONE,-230,NONE,0,-
2026-07-21 09:02:03,4057.9,NONE,BUY,NONE,-322,NONE,0,-
2026-07-21 09:03:03,4058.2,NONE,NONE,NONE,-336,NONE,0,-
2026-07-21 09:04:03,4059.5,NONE,NONE,NONE,-215,NONE,0,-
2026-07-21 09:05:04,4060.3,NONE,NONE,NONE,-155,NONE,0,-
2026-07-21 09:06:03,4062.3,NONE,NONE,NONE,-13,NONE,0,-
2026-07-21 09:07:03,4063.0,NONE,NONE,NONE,167,NONE,0,-
2026-07-21 09:08:03,4060.0,NONE,NONE,NONE,106,NONE,0,-
2026-07-21 09:09:04,4059.4,NONE,NONE,NONE,47,NONE,0,-
2026-07-21 09:10:04,4059.3,NONE,NONE,NONE,59,NONE,0,-
2026-07-21 09:11:04,4064.4,NONE,NONE,NONE,216,NONE,0,-
2026-07-21 09:12:04,4064.8,NONE,NONE,NONE,283,NONE,0,-
2026-07-21 09:13:04,4066.8,NONE,NONE,NONE,628,NONE,0,-
2026-07-21 09:14:04,4068.7,NONE,NONE,NONE,615,NONE,0,-
2026-07-21 09:15:04,4068.2,NONE,NONE,NONE,601,NONE,0,-
2026-07-21 09:16:04,4068.5,BEARISH,NONE,NONE,588,NONE,0,-
2026-07-21 09:17:04,4066.7,NONE,NONE,NONE,438,NONE,0,-
2026-07-21 09:18:04,4068.8,NONE,NONE,NONE,472,NONE,0,-
2026-07-21 09:19:04,4071.6,BEARISH,NONE,NONE,624,NONE,0,-
2026-07-21 09:20:04,4068.1,NONE,NONE,NONE,541,NONE,0,-
2026-07-21 09:21:04,4067.3,NONE,NONE,NONE,530,NONE,0,-
2026-07-21 09:22:04,4068.0,NONE,NONE,NONE,579,NONE,0,-
2026-07-21 09:23:04,4067.7,NONE,NONE,NONE,390,NONE,0,-
2026-07-21 09:24:04,4069.4,NONE,NONE,NONE,390,NONE,0,-
2026-07-21 09:25:04,4069.0,NONE,NONE,NONE,382,NONE,0,-
2026-07-21 09:26:04,4072.0,BEARISH,NONE,NONE,542,NONE,0,-
2026-07-21 09:27:04,4072.2,NONE,NONE,NONE,526,NONE,0,-
2026-07-21 09:28:04,4071.4,NONE,NONE,NONE,619,NONE,0,-
2026-07-21 09:29:03,4072.3,NONE,NONE,NONE,590,NONE,0,-
2026-07-21 09:30:05,4075.4,NONE,NONE,NONE,781,NONE,0,-
2026-07-21 09:31:04,4077.3,NONE,NONE,NONE,921,NONE,0,-
2026-07-21 09:32:03,4076.0,NONE,NONE,NONE,845,NONE,0,-
2026-07-21 09:33:05,4075.0,NONE,NONE,NONE,782,NONE,0,-
2026-07-21 09:34:04,4073.6,NONE,NONE,NONE,687,NONE,0,-
2026-07-21 09:35:04,4072.0,NONE,NONE,NONE,531,NONE,0,-
2026-07-21 09:36:04,4069.8,NONE,NONE,NONE,412,NONE,0,-
2026-07-21 09:37:04,4069.1,NONE,NONE,NONE,403,NONE,0,-
2026-07-21 09:38:04,4068.9,NONE,NONE,NONE,346,NONE,0,-
2026-07-21 09:39:04,4067.5,NONE,NONE,NONE,232,NONE,0,-
2026-07-21 09:40:04,4069.3,NONE,NONE,NONE,275,NONE,0,-
2026-07-21 09:41:04,4069.0,NONE,NONE,NONE,265,NONE,0,-
2026-07-21 09:42:04,4068.1,NONE,NONE,NONE,180,NONE,0,-
2026-07-21 09:43:04,4070.7,NONE,NONE,NONE,221,NONE,0,-
2026-07-21 09:44:03,4071.3,BEARISH,NONE,NONE,269,NONE,0,-
2026-07-21 09:45:04,4072.3,NONE,NONE,NONE,334,NONE,0,-
2026-07-21 09:46:04,4072.0,NONE,NONE,NONE,344,NONE,0,-
2026-07-21 09:47:04,4071.7,NONE,NONE,NONE,313,NONE,0,-
2026-07-21 09:48:04,4073.1,NONE,NONE,NONE,258,NONE,0,-
2026-07-21 09:49:04,4073.2,NONE,NONE,NONE,375,NONE,0,-
2026-07-21 09:50:04,4074.2,NONE,NONE,NONE,411,NONE,0,-
2026-07-21 09:51:04,4073.7,NONE,NONE,NONE,344,NONE,0,-
2026-07-21 09:52:03,4072.8,NONE,NONE,NONE,344,NONE,0,-
2026-07-21 09:53:03,4074.4,NONE,NONE,NONE,382,NONE,0,-
2026-07-21 09:54:03,4071.9,NONE,NONE,NONE,286,NONE,0,-
2026-07-21 09:54:18,4072.1,NONE,NONE,NONE,282,NONE,0,-
2026-07-21 09:55:04,4073.5,NONE,NONE,NONE,267,NONE,0,-
2026-07-21 09:56:05,4073.8,NONE,NONE,NONE,296,NONE,0,-
2026-07-21 09:57:04,4074.0,NONE,SELL,NONE,616,NONE,0,-
2026-07-21 09:58:05,4074.7,NONE,NONE,NONE,625,NONE,0,-
2026-07-21 09:59:04,4071.7,NONE,NONE,NONE,537,NONE,0,-
2026-07-21 10:00:04,4073.5,NONE,NONE,NONE,584,NONE,0,-
2026-07-21 10:01:03,4074.4,NONE,NONE,NONE,634,NONE,0,-
2026-07-21 10:02:03,4072.3,NONE,NONE,NONE,640,NONE,0,-
2026-07-21 10:03:03,4073.2,NONE,NONE,NONE,618,NONE,0,-
2026-07-21 10:04:03,4073.5,NONE,NONE,NONE,605,NONE,0,-
2026-07-21 10:05:04,4071.6,NONE,NONE,NONE,608,NONE,0,-
2026-07-21 10:06:03,4071.7,NONE,NONE,NONE,500,NONE,0,-
2026-07-21 10:07:03,4071.1,NONE,NONE,NONE,443,NONE,0,-
2026-07-21 10:08:03,4071.4,NONE,NONE,NONE,402,NONE,0,-
2026-07-21 10:09:03,4072.2,NONE,NONE,NONE,422,NONE,0,-
2026-07-21 10:10:04,4074.9,BEARISH,NONE,NONE,562,NONE,0,-
2026-07-21 10:11:03,4077.5,NONE,NONE,NONE,700,NONE,0,-
2026-07-21 10:12:03,4076.1,NONE,NONE,NONE,662,NONE,0,-
2026-07-21 10:13:03,4076.6,NONE,NONE,NONE,670,NONE,0,-
2026-07-21 10:14:03,4076.1,NONE,NONE,NONE,658,NONE,0,-
2026-07-21 10:15:04,4078.5,NONE,NONE,NONE,712,NONE,0,-
2026-07-21 10:16:03,4080.7,NONE,NONE,NONE,927,NONE,0,-
2026-07-21 10:17:03,4080.3,NONE,NONE,NONE,927,NONE,0,-
2026-07-21 10:18:03,4082.3,NONE,NONE,NONE,1043,NONE,0,-
2026-07-21 10:19:03,4081.3,NONE,NONE,NONE,1064,NONE,0,-
2026-07-21 10:20:05,4080.9,NONE,NONE,NONE,1023,NONE,0,-
2026-07-21 10:21:03,4082.4,BEARISH,NONE,NONE,991,NONE,0,-
2026-07-21 10:22:03,4081.5,BEARISH,NONE,NONE,975,SELL,1,ABRE SELL
2026-07-21 10:23:03,4081.3,NONE,NONE,NONE,960,NONE,0,-
2026-07-21 10:24:03,4080.8,NONE,NONE,NONE,975,NONE,0,-
2026-07-21 10:25:04,4082.1,NONE,NONE,NONE,1015,NONE,0,-
2026-07-21 10:26:03,4081.6,NONE,NONE,NONE,969,NONE,0,-
2026-07-21 10:27:03,4081.3,NONE,NONE,NONE,974,NONE,0,-
2026-07-21 10:28:03,4081.8,NONE,NONE,NONE,976,NONE,0,-
2026-07-21 10:29:03,4081.7,NONE,NONE,NONE,984,NONE,0,-
2026-07-21 10:30:05,4081.1,NONE,NONE,NONE,971,NONE,0,-
2026-07-21 10:31:03,4081.9,NONE,NONE,NONE,982,NONE,0,-
2026-07-21 10:32:03,4082.6,NONE,NONE,NONE,1023,NONE,0,-
2026-07-21 10:33:03,4086.1,NONE,NONE,NONE,1324,NONE,0,-
2026-07-21 10:34:03,4082.6,NONE,SELL,NONE,1283,NONE,0,-
2026-07-21 10:35:04,4085.0,NONE,NONE,NONE,1336,NONE,0,-
2026-07-21 10:36:03,4083.7,NONE,NONE,NONE,1335,NONE,0,-
2026-07-21 10:37:03,4087.1,NONE,NONE,NONE,1409,NONE,0,-
2026-07-21 10:38:03,4086.1,NONE,NONE,NONE,1479,NONE,0,-
2026-07-21 10:39:03,4085.9,NONE,NONE,NONE,1476,NONE,0,-
2026-07-21 10:40:04,4084.7,NONE,NONE,NONE,1422,NONE,0,-
2026-07-21 10:41:03,4083.8,BULLISH,NONE,NONE,1383,NONE,0,-
2026-07-21 10:42:03,4082.1,NONE,NONE,NONE,1295,NONE,0,-
2026-07-21 10:43:03,4082.4,NONE,NONE,NONE,1265,NONE,0,-
2026-07-21 10:44:03,4082.1,NONE,NONE,NONE,1252,NONE,0,-
2026-07-21 10:45:04,4080.1,NONE,NONE,NONE,1146,NONE,0,-
2026-07-21 10:46:03,4079.1,NONE,NONE,NONE,1086,NONE,0,-
2026-07-21 10:47:04,4079.7,NONE,NONE,NONE,1091,NONE,0,CIERRE TIME(25m) mae=5.6
2026-07-21 10:48:03,4079.2,NONE,NONE,NONE,1046,NONE,0,-
2026-07-21 10:49:03,4078.3,NONE,NONE,NONE,974,NONE,0,-
2026-07-21 10:50:04,4079.0,NONE,NONE,NONE,889,NONE,0,-
2026-07-21 10:51:03,4079.4,NONE,NONE,NONE,908,NONE,0,-
2026-07-21 10:52:04,4079.6,NONE,NONE,NONE,956,NONE,0,-
2026-07-21 10:53:03,4080.6,NONE,NONE,NONE,1047,NONE,0,-
2026-07-21 10:55:01,4081.0,NONE,NONE,NONE,1050,NONE,0,-
2026-07-21 10:55:04,4080.8,NONE,NONE,NONE,1053,NONE,0,-
2026-07-21 10:57:17,4079.9,NONE,NONE,NONE,972,NONE,0,-
2026-07-21 10:57:19,4079.9,NONE,NONE,NONE,972,NONE,0,-
2026-07-21 10:58:07,4079.5,NONE,NONE,NONE,962,NONE,0,-
2026-07-21 11:06:03,4081.0,NONE,NONE,NONE,-3,NONE,0,-
2026-07-21 11:07:03,4081.6,NONE,NONE,NONE,24,NONE,0,-
2026-07-21 11:08:03,4081.9,NONE,NONE,NONE,34,NONE,0,-
2026-07-21 11:09:03,4081.8,NONE,NONE,NONE,51,NONE,0,-
2026-07-21 11:10:03,4081.2,NONE,NONE,NONE,60,NONE,0,-
2026-07-21 11:11:03,4080.9,BULLISH,NONE,NONE,58,NONE,0,-
2026-07-21 11:12:03,4081.5,NONE,NONE,NONE,72,NONE,0,-
2026-07-21 11:13:03,4081.8,NONE,NONE,NONE,81,NONE,0,-
2026-07-21 11:14:03,4082.9,NONE,NONE,NONE,123,NONE,0,-
2026-07-21 11:15:03,4082.8,NONE,NONE,NONE,119,NONE,0,-
2026-07-21 11:16:03,4082.4,NONE,NONE,NONE,135,NONE,0,-
2026-07-21 11:17:03,4082.0,NONE,NONE,NONE,125,NONE,0,-
2026-07-21 11:18:03,4082.4,NONE,NONE,NONE,94,NONE,0,-
2026-07-21 11:19:03,4082.1,NONE,NONE,NONE,100,NONE,0,-
2026-07-21 11:20:03,4081.9,NONE,NONE,NONE,60,NONE,0,-
2026-07-21 11:21:03,4080.4,NONE,NONE,NONE,1,NONE,0,-
2026-07-21 11:22:03,4081.9,NONE,NONE,NONE,8,NONE,0,-
2026-07-21 11:23:03,4081.1,NONE,NONE,NONE,-4,NONE,0,-
2026-07-21 11:24:03,4080.8,NONE,NONE,NONE,-6,NONE,0,-
2026-07-21 11:25:03,4081.9,NONE,NONE,NONE,6,NONE,0,-
2026-07-21 11:26:03,4081.0,NONE,NONE,NONE,10,NONE,0,-
2026-07-21 11:27:03,4079.5,NONE,NONE,NONE,-73,NONE,0,-
2026-07-21 11:28:03,4079.0,NONE,BUY,NONE,-151,NONE,0,-
2026-07-21 11:29:03,4079.1,NONE,NONE,NONE,-159,NONE,0,-
2026-07-21 11:30:04,4079.2,NONE,NONE,NONE,-154,NONE,0,-
2026-07-21 11:31:03,4080.0,NONE,NONE,NONE,-149,NONE,0,-
2026-07-21 11:32:03,4079.8,NONE,NONE,NONE,-134,NONE,0,-
2026-07-21 11:33:03,4079.8,NONE,NONE,NONE,-127,NONE,0,-
2026-07-21 11:34:03,4080.2,BEARISH,NONE,NONE,-125,NONE,0,-
2026-07-21 11:35:03,4080.4,NONE,NONE,NONE,-105,NONE,0,-
2026-07-21 11:36:03,4079.9,NONE,NONE,NONE,-100,NONE,0,-
2026-07-21 11:37:03,4077.1,NONE,NONE,NONE,-289,NONE,0,-
2026-07-21 11:38:03,4077.2,NONE,BUY,NONE,-380,NONE,0,-
2026-07-21 11:39:03,4077.8,NONE,NONE,NONE,-378,NONE,0,-
2026-07-21 11:40:03,4078.4,NONE,NONE,NONE,-358,NONE,0,-
2026-07-21 11:41:03,4079.0,NONE,NONE,NONE,-340,NONE,0,-
2026-07-21 11:42:03,4077.4,NONE,NONE,NONE,-417,NONE,0,-
2026-07-21 11:43:03,4077.0,NONE,NONE,NONE,-452,NONE,0,-
2026-07-21 11:44:03,4076.2,BULLISH,NONE,NONE,-441,NONE,0,-
2026-07-21 11:45:03,4076.6,NONE,NONE,NONE,-447,NONE,0,-
2026-07-21 11:46:03,4076.3,BULLISH,NONE,NONE,-425,NONE,0,-
2026-07-21 11:47:03,4075.7,NONE,NONE,NONE,-468,NONE,0,-
2026-07-21 11:48:03,4074.9,NONE,BUY,NONE,-569,NONE,0,-
2026-07-21 11:49:04,4076.2,NONE,NONE,NONE,-519,NONE,0,-
2026-07-21 11:50:04,4076.4,NONE,NONE,NONE,-491,NONE,0,-
2026-07-21 11:51:04,4076.6,BEARISH,NONE,NONE,-438,NONE,0,-
2026-07-21 11:52:04,4077.3,NONE,NONE,NONE,-484,NONE,0,-
2026-07-21 11:53:03,4077.3,BEARISH,NONE,NONE,-457,NONE,0,-
2026-07-21 11:54:03,4076.8,NONE,NONE,NONE,-466,NONE,0,-
2026-07-21 11:55:04,4077.4,NONE,NONE,NONE,-469,NONE,0,-
2026-07-21 11:56:03,4076.2,NONE,NONE,NONE,-494,NONE,0,-
2026-07-21 11:57:03,4076.1,NONE,NONE,NONE,-504,NONE,0,-
2026-07-21 11:58:03,4075.9,NONE,NONE,NONE,-523,NONE,0,-
2026-07-21 11:59:03,4075.7,NONE,NONE,NONE,-557,NONE,0,-
2026-07-21 12:00:05,4076.1,NONE,NONE,NONE,-575,NONE,0,-
2026-07-21 12:01:04,4075.2,NONE,NONE,NONE,-568,NONE,0,-
2026-07-21 12:02:03,4075.6,NONE,NONE,NONE,-553,NONE,0,-
2026-07-21 12:03:03,4074.3,NONE,NONE,NONE,-574,NONE,0,-
2026-07-21 12:04:03,4074.1,NONE,NONE,NONE,-634,NONE,0,-
2026-07-21 12:05:04,4074.4,NONE,NONE,NONE,-608,NONE,0,-
2026-07-21 12:06:03,4076.1,NONE,NONE,NONE,-509,NONE,0,-
2026-07-21 12:07:03,4075.4,NONE,NONE,NONE,-522,NONE,0,-
2026-07-21 12:08:03,4075.1,NONE,NONE,NONE,-541,NONE,0,-
2026-07-21 12:09:03,4076.2,NONE,NONE,NONE,-479,NONE,0,-
2026-07-21 12:10:04,4076.1,NONE,NONE,NONE,-463,NONE,0,-
2026-07-21 12:11:03,4075.6,NONE,NONE,NONE,-459,NONE,0,-
2026-07-21 12:12:03,4075.4,BULLISH,NONE,NONE,-475,NONE,0,-
2026-07-21 12:13:03,4075.3,BULLISH,NONE,NONE,-463,BUY,1,ABRE BUY
2026-07-21 12:14:03,4075.6,NONE,NONE,NONE,-472,NONE,0,-
2026-07-21 12:15:04,4075.1,BEARISH,NONE,NONE,-465,NONE,0,-
2026-07-21 12:16:03,4074.7,NONE,NONE,NONE,-461,NONE,0,-
2026-07-21 12:17:03,4073.9,NONE,NONE,NONE,-521,NONE,0,-
2026-07-21 12:18:03,4073.8,NONE,NONE,NONE,-541,NONE,0,-
2026-07-21 12:19:04,4074.3,NONE,NONE,NONE,-529,NONE,0,-
2026-07-21 12:20:04,4073.5,NONE,NONE,NONE,-548,NONE,0,-
2026-07-21 12:21:03,4075.1,BULLISH,NONE,NONE,-499,NONE,0,-
2026-07-21 12:22:04,4075.6,NONE,NONE,NONE,-471,NONE,0,-
2026-07-21 12:23:03,4075.1,NONE,NONE,NONE,-457,NONE,0,-
2026-07-21 12:24:03,4075.9,NONE,NONE,NONE,-458,NONE,0,-
2026-07-21 12:25:04,4075.8,NONE,NONE,NONE,-449,NONE,0,-
2026-07-21 12:26:03,4076.2,BEARISH,NONE,NONE,-465,NONE,0,-
2026-07-21 12:27:03,4075.7,BEARISH,NONE,NONE,-463,SELL,1,-
2026-07-21 12:28:03,4075.7,NONE,NONE,NONE,-458,NONE,0,-
2026-07-21 12:29:03,4076.9,NONE,NONE,NONE,-458,NONE,0,-
2026-07-21 12:30:05,4076.1,NONE,NONE,NONE,-401,NONE,0,-
2026-07-21 12:31:04,4075.3,NONE,NONE,NONE,-383,NONE,0,-
2026-07-21 12:32:03,4075.5,BULLISH,NONE,NONE,-384,NONE,0,-
2026-07-21 12:33:03,4075.2,NONE,NONE,NONE,-375,NONE,0,-
2026-07-21 12:34:03,4074.4,BULLISH,NONE,NONE,-405,NONE,0,-
2026-07-21 12:35:04,4074.7,NONE,NONE,NONE,-412,NONE,0,-
2026-07-21 12:36:03,4074.2,BULLISH,NONE,NONE,-400,NONE,0,-
2026-07-21 12:37:03,4074.0,NONE,NONE,NONE,-412,NONE,0,-
2026-07-21 12:38:03,4074.1,NONE,NONE,NONE,-402,NONE,0,CIERRE TIME(25m) mae=1.8
2026-07-21 12:39:03,4074.4,NONE,NONE,NONE,-396,NONE,0,-
2026-07-21 12:40:04,4073.6,NONE,NONE,NONE,-395,NONE,0,-
2026-07-21 12:41:03,4072.0,NONE,NONE,NONE,-511,NONE,0,-
2026-07-21 12:42:03,4071.8,NONE,NONE,NONE,-520,NONE,0,-
2026-07-21 12:43:03,4071.3,BULLISH,NONE,NONE,-494,NONE,0,-
2026-07-21 12:44:04,4072.5,NONE,NONE,NONE,-467,NONE,0,-
2026-07-21 12:45:04,4072.4,NONE,NONE,NONE,-423,NONE,0,-
2026-07-21 12:46:03,4071.4,NONE,NONE,NONE,-457,NONE,0,-
2026-07-21 12:47:03,4071.6,NONE,NONE,NONE,-458,NONE,0,-
2026-07-21 12:48:03,4071.6,NONE,NONE,NONE,-456,NONE,0,-
2026-07-21 12:49:03,4072.1,NONE,NONE,NONE,-457,NONE,0,-
2026-07-21 12:50:04,4071.2,NONE,NONE,NONE,-500,NONE,0,-
2026-07-21 12:51:03,4071.5,NONE,NONE,NONE,-524,NONE,0,-
2026-07-21 12:52:03,4071.4,NONE,NONE,NONE,-532,NONE,0,-
2026-07-21 12:53:03,4071.7,NONE,NONE,NONE,-509,NONE,0,-
2026-07-21 12:54:03,4072.2,NONE,NONE,NONE,-491,NONE,0,-
2026-07-21 12:55:04,4072.0,NONE,NONE,NONE,-493,NONE,0,-
2026-07-21 12:56:03,4072.5,NONE,NONE,NONE,-472,NONE,0,-
2026-07-21 12:57:03,4071.6,NONE,NONE,NONE,-508,NONE,0,-
2026-07-21 12:58:03,4071.7,NONE,NONE,NONE,-511,NONE,0,-
2026-07-21 12:59:03,4072.0,NONE,NONE,NONE,-539,NONE,0,-
2026-07-21 13:00:05,4072.9,BEARISH,NONE,NONE,-481,NONE,0,-
2026-07-21 13:01:04,4072.8,BEARISH,NONE,NONE,-519,SELL,1,ABRE SELL
2026-07-21 13:02:03,4072.6,BEARISH,NONE,NONE,-496,SELL,1,-
2026-07-21 13:03:04,4072.6,BEARISH,NONE,NONE,-496,SELL,1,-
2026-07-21 13:04:03,4072.6,BEARISH,NONE,NONE,-496,SELL,1,-
2026-07-21 13:05:04,4072.6,BEARISH,NONE,NONE,-496,SELL,1,-
2026-07-21 13:06:03,4072.6,BEARISH,NONE,NONE,-496,SELL,1,-
2026-07-21 13:07:03,4072.6,BEARISH,NONE,NONE,-496,SELL,1,-
2026-07-21 13:08:03,4074.3,NONE,NONE,NONE,-484,NONE,0,-
2026-07-21 13:09:03,4074.9,NONE,SELL,NONE,-413,NONE,0,-
2026-07-21 13:10:04,4076.1,NONE,NONE,NONE,-326,NONE,0,-
2026-07-21 13:11:03,4075.7,NONE,NONE,NONE,-313,NONE,0,-
2026-07-21 13:12:03,4076.4,NONE,NONE,NONE,-288,NONE,0,-
2026-07-21 13:13:03,4076.0,NONE,NONE,NONE,-275,NONE,0,-
2026-07-21 13:14:03,4075.9,NONE,NONE,NONE,-280,NONE,0,-
2026-07-21 13:15:04,4075.7,NONE,NONE,NONE,-257,NONE,0,-
2026-07-21 13:16:03,4076.3,BULLISH,NONE,NONE,-261,NONE,0,-
2026-07-21 13:17:03,4076.0,NONE,NONE,NONE,-258,NONE,0,-
2026-07-21 13:18:03,4078.1,NONE,NONE,NONE,-149,NONE,0,-
2026-07-21 13:19:03,4077.7,NONE,NONE,NONE,-154,NONE,0,-
2026-07-21 13:20:04,4077.6,NONE,NONE,NONE,-157,NONE,0,-
2026-07-21 13:21:03,4077.8,NONE,BUY,NONE,-183,NONE,0,-
2026-07-21 13:22:03,4077.8,NONE,NONE,NONE,-131,NONE,0,-
2026-07-21 13:23:03,4081.7,NONE,NONE,NONE,48,NONE,0,CIERRE SL mae=8.9
2026-07-21 13:24:03,4083.7,NONE,NONE,NONE,188,NONE,0,-
2026-07-21 13:25:04,4086.1,NONE,NONE,NONE,281,NONE,0,-
2026-07-21 13:26:03,4090.2,NONE,NONE,NONE,715,NONE,0,-
2026-07-21 13:27:03,4090.0,NONE,NONE,NONE,726,NONE,0,-
2026-07-21 13:28:03,4089.0,NONE,SELL,NONE,729,NONE,0,-
2026-07-21 13:29:03,4089.0,NONE,NONE,NONE,751,NONE,0,-
2026-07-21 13:30:05,4088.5,NONE,NONE,NONE,753,NONE,0,-
2026-07-21 13:31:03,4087.1,NONE,NONE,NONE,726,NONE,0,-
2026-07-21 13:32:03,4086.8,NONE,NONE,NONE,660,NONE,0,-
2026-07-21 13:33:03,4089.2,NONE,NONE,NONE,739,NONE,0,-
2026-07-21 13:34:03,4089.8,NONE,NONE,NONE,763,NONE,0,-
2026-07-21 13:35:04,4089.1,BEARISH,NONE,NONE,734,NONE,0,-
2026-07-21 13:36:03,4088.0,NONE,NONE,NONE,770,NONE,0,-
2026-07-21 13:37:03,4087.4,NONE,NONE,NONE,746,NONE,0,-
2026-07-21 13:38:03,4086.5,NONE,NONE,NONE,656,NONE,0,-
2026-07-21 13:39:03,4086.8,NONE,NONE,NONE,640,NONE,0,-
2026-07-21 13:40:04,4087.4,NONE,NONE,NONE,645,NONE,0,-
2026-07-21 13:41:03,4087.1,NONE,NONE,NONE,606,NONE,0,-
2026-07-21 13:42:04,4087.2,NONE,NONE,NONE,608,NONE,0,-
2026-07-21 13:43:03,4087.6,NONE,NONE,NONE,624,NONE,0,-
2026-07-21 13:44:03,4088.4,NONE,NONE,NONE,654,NONE,0,-
2026-07-21 13:45:04,4087.1,NONE,NONE,NONE,637,NONE,0,-
2026-07-21 13:46:03,4086.9,NONE,NONE,NONE,631,NONE,0,-
2026-07-21 13:47:03,4086.6,BULLISH,NONE,NONE,626,NONE,0,-
2026-07-21 13:48:03,4085.1,NONE,NONE,NONE,491,NONE,0,-
2026-07-21 13:49:03,4085.3,NONE,BUY,NONE,449,NONE,0,-
2026-07-21 13:50:04,4085.5,NONE,BUY,NONE,449,NONE,0,-
2026-07-21 13:51:03,4084.9,NONE,NONE,NONE,420,NONE,0,-
2026-07-21 13:52:03,4084.5,NONE,NONE,NONE,378,NONE,0,-
2026-07-21 13:53:03,4085.6,BULLISH,NONE,NONE,533,NONE,0,-
2026-07-21 13:54:03,4085.7,NONE,NONE,NONE,552,NONE,0,-
2026-07-21 13:55:04,4086.1,NONE,NONE,NONE,618,NONE,0,-
2026-07-21 13:56:03,4088.3,NONE,NONE,NONE,758,NONE,0,-
2026-07-21 13:57:03,4087.6,NONE,NONE,NONE,757,NONE,0,-
2026-07-21 13:58:03,4086.8,NONE,NONE,NONE,756,NONE,0,-
2026-07-21 13:59:03,4086.3,NONE,NONE,NONE,739,NONE,0,-
2026-07-21 14:00:05,4087.5,NONE,NONE,NONE,760,NONE,0,-
2026-07-21 14:01:04,4087.5,NONE,NONE,NONE,826,NONE,0,-
2026-07-21 14:02:03,4088.0,NONE,NONE,NONE,803,NONE,0,-
2026-07-21 14:03:03,4089.3,BEARISH,NONE,NONE,823,NONE,0,-
2026-07-21 14:04:03,4089.8,NONE,NONE,NONE,843,NONE,0,-
2026-07-21 14:05:04,4088.6,NONE,NONE,NONE,865,NONE,0,-
2026-07-21 14:06:03,4088.3,NONE,NONE,NONE,814,NONE,0,-
2026-07-21 14:07:03,4088.6,NONE,NONE,NONE,835,NONE,0,-
2026-07-21 14:08:03,4087.5,BULLISH,NONE,NONE,823,NONE,0,-
2026-07-21 14:09:03,4087.2,NONE,NONE,NONE,793,NONE,0,-
2026-07-21 14:10:04,4086.0,NONE,NONE,NONE,718,NONE,0,-
2026-07-21 14:11:03,4085.1,NONE,NONE,NONE,645,NONE,0,-
2026-07-21 14:12:03,4085.6,NONE,NONE,NONE,661,NONE,0,-
2026-07-21 14:13:03,4085.3,NONE,NONE,NONE,676,NONE,0,-
2026-07-21 14:14:03,4085.6,NONE,NONE,NONE,697,NONE,0,-
2026-07-21 14:15:04,4086.0,NONE,NONE,NONE,679,NONE,0,-
2026-07-21 14:16:03,4086.0,NONE,NONE,NONE,692,NONE,0,-
2026-07-21 14:17:03,4086.8,NONE,NONE,NONE,702,NONE,0,-
2026-07-21 14:18:03,4087.0,NONE,NONE,NONE,709,NONE,0,-
2026-07-21 14:19:03,4087.9,NONE,NONE,NONE,783,NONE,0,-
2026-07-21 14:20:04,4088.3,NONE,NONE,NONE,780,NONE,0,-
2026-07-21 14:21:03,4088.4,NONE,NONE,NONE,772,NONE,0,-
2026-07-21 14:22:03,4087.7,NONE,NONE,NONE,748,NONE,0,-
2026-07-21 14:23:03,4088.0,NONE,NONE,NONE,767,NONE,0,-
2026-07-21 14:24:03,4088.5,NONE,NONE,NONE,755,NONE,0,-
2026-07-21 14:25:04,4088.4,BEARISH,NONE,NONE,756,NONE,0,-
2026-07-21 14:26:03,4088.4,NONE,NONE,NONE,767,NONE,0,-
2026-07-21 14:27:03,4089.2,NONE,NONE,NONE,787,NONE,0,-
2026-07-21 14:28:03,4088.9,NONE,NONE,NONE,807,NONE,0,-
2026-07-21 14:29:03,4089.4,NONE,NONE,NONE,841,NONE,0,-
2026-07-21 14:30:05,4089.6,NONE,NONE,NONE,841,NONE,0,-
2026-07-21 14:31:04,4088.7,NONE,NONE,NONE,850,NONE,0,-
2026-07-21 14:32:03,4088.3,BULLISH,NONE,NONE,811,NONE,0,-
2026-07-21 14:33:04,4087.8,NONE,NONE,NONE,812,NONE,0,-
2026-07-21 14:34:03,4088.4,NONE,NONE,NONE,796,NONE,0,-
2026-07-21 14:35:04,4087.9,NONE,NONE,NONE,785,NONE,0,-
2026-07-21 14:36:03,4087.2,NONE,NONE,NONE,742,NONE,0,-
2026-07-21 14:37:03,4087.1,NONE,NONE,NONE,726,NONE,0,-
2026-07-21 14:38:03,4087.0,NONE,NONE,NONE,769,NONE,0,-
2026-07-21 14:39:03,4086.7,NONE,NONE,NONE,757,NONE,0,-
2026-07-21 14:40:04,4086.5,NONE,NONE,NONE,759,NONE,0,-
2026-07-21 14:41:03,4087.6,NONE,NONE,NONE,791,NONE,0,-
2026-07-21 14:42:03,4088.3,NONE,NONE,NONE,821,NONE,0,-
2026-07-21 14:43:03,4087.7,NONE,NONE,NONE,826,NONE,0,-
2026-07-21 14:44:03,4087.8,NONE,NONE,NONE,807,NONE,0,-
2026-07-21 14:45:04,4087.5,NONE,NONE,NONE,815,NONE,0,-
2026-07-21 14:46:03,4087.0,NONE,NONE,NONE,809,NONE,0,-
2026-07-21 14:47:03,4087.5,BULLISH,NONE,NONE,843,NONE,0,-
2026-07-21 14:48:03,4088.1,NONE,NONE,NONE,867,NONE,0,-
2026-07-21 14:49:03,4088.4,NONE,NONE,NONE,893,NONE,0,-
2026-07-21 14:50:04,4088.7,NONE,NONE,NONE,884,NONE,0,-
2026-07-21 14:51:03,4088.9,NONE,NONE,NONE,895,NONE,0,-
2026-07-21 14:52:03,4088.8,NONE,NONE,NONE,894,NONE,0,-
2026-07-21 14:53:03,4088.2,BEARISH,NONE,NONE,875,NONE,0,-
2026-07-21 14:54:03,4087.9,BEARISH,NONE,NONE,811,SELL,1,ABRE SELL
2026-07-21 14:55:04,4088.6,NONE,NONE,NONE,810,NONE,0,-
2026-07-21 14:56:04,4088.1,NONE,NONE,NONE,829,NONE,0,-
2026-07-21 14:57:03,4087.9,NONE,NONE,NONE,836,NONE,0,-
2026-07-21 14:58:03,4089.1,NONE,NONE,NONE,857,NONE,0,-
2026-07-21 14:59:03,4089.2,NONE,NONE,NONE,853,NONE,0,-
2026-07-21 15:00:05,4089.0,NONE,NONE,NONE,971,NONE,0,-
2026-07-21 15:01:04,4088.4,NONE,NONE,NONE,919,NONE,0,-
2026-07-21 15:02:03,4088.8,NONE,NONE,NONE,931,NONE,0,-
2026-07-21 15:03:03,4088.8,NONE,NONE,NONE,970,NONE,0,-
2026-07-21 15:04:03,4088.8,NONE,NONE,NONE,1014,NONE,0,-
2026-07-21 15:05:04,4088.8,NONE,NONE,NONE,1024,NONE,0,-
2026-07-21 15:06:03,4088.3,NONE,NONE,NONE,1018,NONE,0,-
2026-07-21 15:07:03,4089.9,NONE,NONE,NONE,1052,NONE,0,-
2026-07-21 15:08:03,4090.0,NONE,NONE,NONE,1045,NONE,0,-
2026-07-21 15:09:03,4089.8,NONE,NONE,NONE,1042,NONE,0,-
2026-07-21 15:10:04,4089.0,NONE,NONE,NONE,1010,NONE,0,-
2026-07-21 15:11:03,4089.5,NONE,NONE,NONE,1092,NONE,0,-
2026-07-21 15:12:03,4089.0,NONE,NONE,NONE,1088,NONE,0,-
2026-07-21 15:13:03,4088.3,NONE,NONE,NONE,999,NONE,0,-
2026-07-21 15:14:03,4088.4,NONE,NONE,NONE,994,NONE,0,-
2026-07-21 15:15:04,4088.6,NONE,NONE,NONE,1007,NONE,0,-
2026-07-21 15:16:03,4087.9,NONE,NONE,NONE,987,NONE,0,-
2026-07-21 15:17:03,4088.3,NONE,NONE,NONE,998,NONE,0,-
2026-07-21 15:18:03,4088.5,NONE,NONE,NONE,1016,NONE,0,-
2026-07-21 15:19:03,4088.4,NONE,NONE,NONE,1014,NONE,0,CIERRE TIME(25m) mae=2.1
2026-07-21 15:20:04,4088.2,NONE,NONE,NONE,1009,NONE,0,-
2026-07-21 15:21:03,4086.8,NONE,NONE,NONE,976,NONE,0,-
2026-07-21 15:22:03,4087.1,NONE,NONE,NONE,984,NONE,0,-
2026-07-21 15:23:03,4086.8,NONE,NONE,NONE,960,NONE,0,-
2026-07-21 15:24:03,4087.2,NONE,NONE,NONE,970,NONE,0,-
2026-07-21 15:25:04,4087.3,NONE,NONE,NONE,975,NONE,0,-
2026-07-21 15:26:03,4087.3,NONE,NONE,NONE,986,NONE,0,-
2026-07-21 15:27:04,4086.9,NONE,NONE,NONE,966,NONE,0,-
2026-07-21 15:28:03,4087.0,NONE,NONE,NONE,962,NONE,0,-
2026-07-21 15:29:03,4086.7,NONE,NONE,NONE,961,NONE,0,-
2026-07-21 15:30:05,4087.3,NONE,NONE,NONE,977,NONE,0,-
2026-07-21 15:31:04,4088.0,NONE,NONE,NONE,996,NONE,0,-
2026-07-21 15:32:03,4088.4,NONE,NONE,NONE,1009,NONE,0,-
2026-07-21 15:33:03,4089.1,NONE,NONE,NONE,1024,NONE,0,-
2026-07-21 15:34:03,4088.2,NONE,NONE,NONE,1040,NONE,0,-
2026-07-21 15:35:04,4087.7,NONE,NONE,NONE,1021,NONE,0,-
2026-07-21 15:36:03,4087.3,BULLISH,NONE,NONE,1000,NONE,0,-
2026-07-21 15:37:03,4087.6,NONE,NONE,NONE,1000,NONE,0,-
2026-07-21 15:38:03,4087.2,NONE,NONE,NONE,983,NONE,0,-
2026-07-21 15:39:03,4086.9,NONE,NONE,NONE,993,NONE,0,-
2026-07-21 15:40:04,4086.4,BULLISH,NONE,NONE,997,NONE,0,-
2026-07-21 15:41:03,4086.0,NONE,BUY,NONE,957,NONE,0,-
2026-07-21 15:42:03,4085.6,NONE,BUY,NONE,907,NONE,0,-
2026-07-21 15:43:03,4085.7,NONE,NONE,NONE,897,NONE,0,-
2026-07-21 15:44:03,4085.3,NONE,BUY,NONE,833,NONE,0,-
2026-07-21 15:45:04,4084.9,NONE,NONE,NONE,761,NONE,0,-
2026-07-21 15:46:03,4083.9,NONE,NONE,NONE,690,NONE,0,-
2026-07-21 15:47:03,4083.8,NONE,NONE,NONE,685,NONE,0,-
2026-07-21 15:48:03,4083.6,NONE,NONE,NONE,672,NONE,0,-
2026-07-21 15:49:03,4083.4,NONE,NONE,NONE,680,NONE,0,-
2026-07-21 15:50:04,4082.4,NONE,NONE,NONE,656,NONE,0,-
2026-07-21 15:51:03,4082.2,NONE,NONE,NONE,640,NONE,0,-
2026-07-21 15:52:03,4082.6,NONE,NONE,NONE,645,NONE,0,-
2026-07-21 15:53:03,4082.8,NONE,NONE,NONE,651,NONE,0,-
2026-07-21 15:54:03,4082.7,NONE,NONE,NONE,678,NONE,0,-
2026-07-21 15:55:04,4081.3,NONE,NONE,NONE,611,NONE,0,-
2026-07-21 15:56:03,4081.3,NONE,NONE,NONE,592,NONE,0,-
2026-07-21 15:57:03,4082.1,NONE,NONE,NONE,572,NONE,0,-
2026-07-21 15:58:03,4082.3,NONE,NONE,NONE,579,NONE,0,-
2026-07-21 15:59:03,4081.9,NONE,NONE,NONE,579,NONE,0,-
2026-07-22 08:00:03,4117.4,NONE,NONE,NONE,-1325,NONE,0,-
2026-07-22 08:01:03,4122.9,NONE,NONE,NONE,-1307,NONE,0,-
2026-07-22 08:02:03,4121.2,NONE,NONE,NONE,-1254,NONE,0,-
2026-07-22 08:03:03,4123.3,NONE,NONE,NONE,-1214,NONE,0,-
2026-07-22 08:04:03,4122.4,NONE,NONE,NONE,-1210,NONE,0,-
2026-07-22 08:05:04,4123.3,NONE,NONE,NONE,-1203,NONE,0,-
2026-07-22 08:06:03,4123.0,NONE,NONE,NONE,-1227,NONE,0,-
2026-07-22 08:07:03,4123.1,NONE,NONE,NONE,-1203,NONE,0,-
2026-07-22 08:08:03,4122.1,NONE,NONE,NONE,-1221,NONE,0,-
2026-07-22 08:09:03,4123.6,NONE,NONE,NONE,-1191,NONE,0,-
2026-07-22 08:10:04,4125.6,NONE,NONE,NONE,-1114,NONE,0,-
2026-07-22 08:11:03,4128.0,NONE,NONE,NONE,-960,NONE,0,-
2026-07-22 08:12:03,4127.4,NONE,NONE,NONE,-1042,NONE,0,-
2026-07-22 08:13:03,4127.7,NONE,NONE,NONE,-1110,NONE,0,-
2026-07-22 08:14:03,4128.1,NONE,NONE,NONE,-1092,NONE,0,-
2026-07-22 08:15:04,4129.6,NONE,NONE,NONE,-1030,NONE,0,-
2026-07-22 08:16:03,4130.2,NONE,NONE,NONE,-1005,NONE,0,-
2026-07-22 08:17:03,4130.3,NONE,NONE,NONE,-976,NONE,0,-
2026-07-22 08:18:03,4130.2,NONE,NONE,NONE,-966,NONE,0,-
2026-07-22 08:19:03,4131.9,BEARISH,NONE,NONE,-979,NONE,0,-
2026-07-22 08:20:04,4135.3,NONE,NONE,NONE,-744,NONE,0,-
2026-07-22 08:21:03,4133.5,BEARISH,NONE,NONE,-850,NONE,0,-
2026-07-22 08:22:03,4135.7,NONE,NONE,NONE,-811,NONE,0,-
2026-07-22 08:23:03,4136.4,BEARISH,NONE,NONE,-768,NONE,0,-
2026-07-22 08:24:03,4138.5,NONE,NONE,NONE,-662,NONE,0,-
2026-07-22 08:25:04,4138.3,NONE,NONE,NONE,-676,NONE,0,-
2026-07-22 08:26:03,4137.4,NONE,NONE,NONE,-741,NONE,0,-
2026-07-22 08:27:03,4137.7,BEARISH,NONE,NONE,-728,NONE,0,-
2026-07-22 08:28:03,4138.7,NONE,NONE,NONE,-701,NONE,0,-
2026-07-22 08:29:03,4136.5,BEARISH,SELL,NONE,-688,NONE,0,-
2026-07-22 08:30:05,4138.1,BEARISH,SELL,NONE,6,SELL,1,ABRE SELL
2026-07-22 08:31:03,4142.4,BEARISH,NONE,NONE,474,SELL,1,-
2026-07-22 08:32:03,4145.7,BEARISH,NONE,NONE,840,SELL,1,ABRE SELL
2026-07-22 08:33:03,4147.9,BEARISH,NONE,NONE,842,SELL,1,-
2026-07-22 08:34:03,4148.3,BEARISH,NONE,NONE,1266,SELL,1,ABRE SELL
2026-07-22 08:35:04,4147.1,BEARISH,NONE,NONE,1227,SELL,1,-
2026-07-22 08:36:03,4146.2,NONE,NONE,NONE,1147,NONE,0,-
2026-07-22 08:37:03,4147.0,NONE,NONE,NONE,1276,NONE,0,-
2026-07-22 08:38:03,4146.9,NONE,NONE,NONE,1241,NONE,0,-
2026-07-22 08:39:03,4145.6,NONE,NONE,NONE,1239,NONE,0,-
2026-07-22 08:40:04,4150.3,NONE,NONE,NONE,1308,NONE,0,-
2026-07-22 08:41:03,4147.3,NONE,NONE,NONE,1270,NONE,0,-
2026-07-22 08:42:03,4148.0,NONE,NONE,NONE,1245,NONE,0,-
2026-07-22 08:43:03,4146.7,NONE,NONE,NONE,1228,NONE,0,-
2026-07-22 08:44:03,4150.7,NONE,NONE,NONE,1379,NONE,0,-
2026-07-22 08:45:04,4148.2,BEARISH,NONE,NONE,1244,NONE,0,-
2026-07-22 08:46:03,4151.4,BEARISH,NONE,NONE,1343,SELL,1,-
2026-07-22 08:47:03,4151.1,NONE,SELL,NONE,1473,NONE,0,-
2026-07-22 08:48:03,4151.4,NONE,NONE,NONE,1399,NONE,0,-
2026-07-22 08:49:03,4154.2,NONE,NONE,NONE,1645,NONE,0,CIERRE SL mae=8.1
2026-07-22 08:50:04,4151.7,NONE,NONE,NONE,1528,NONE,0,-
2026-07-22 08:51:03,4151.7,NONE,NONE,NONE,1548,NONE,0,-
2026-07-22 08:52:03,4149.9,BULLISH,NONE,NONE,1465,NONE,0,-
2026-07-22 08:53:03,4153.0,NONE,NONE,NONE,1600,NONE,0,-
2026-07-22 08:54:03,4150.7,NONE,NONE,NONE,1624,NONE,0,-
2026-07-22 08:55:04,4150.9,NONE,NONE,NONE,1571,NONE,0,-
2026-07-22 08:56:03,4150.2,NONE,NONE,NONE,1563,NONE,0,-
2026-07-22 08:57:03,4152.0,NONE,NONE,NONE,1609,NONE,0,-
2026-07-22 08:58:03,4155.0,NONE,NONE,NONE,1742,NONE,0,-
2026-07-22 08:59:03,4158.1,NONE,NONE,NONE,1957,NONE,0,-
2026-07-22 09:00:05,4158.8,NONE,NONE,NONE,2044,NONE,0,-
2026-07-22 09:01:03,4161.4,NONE,NONE,NONE,2176,NONE,0,-
2026-07-22 09:02:03,4166.2,NONE,NONE,NONE,2413,NONE,0,-
2026-07-22 09:03:03,4165.0,NONE,NONE,NONE,2400,NONE,0,-
2026-07-22 09:04:03,4166.5,NONE,NONE,NONE,2369,NONE,0,-
2026-07-22 09:05:04,4162.4,BEARISH,NONE,NONE,2330,NONE,0,-
2026-07-22 09:06:03,4160.1,NONE,NONE,NONE,2197,NONE,0,-
2026-07-22 09:07:03,4160.6,NONE,NONE,NONE,2105,NONE,0,-
2026-07-22 09:08:03,4162.1,NONE,NONE,NONE,2208,NONE,0,-
2026-07-22 09:09:03,4162.2,NONE,NONE,NONE,2122,NONE,0,-
2026-07-22 09:10:04,4162.1,NONE,NONE,NONE,2198,NONE,0,-
2026-07-22 09:11:03,4162.0,NONE,NONE,NONE,2135,NONE,0,-
2026-07-22 09:12:03,4163.0,NONE,NONE,NONE,2224,NONE,0,-
2026-07-22 09:13:03,4161.9,NONE,NONE,NONE,2158,NONE,0,-
2026-07-22 09:14:03,4162.9,NONE,NONE,NONE,2154,NONE,0,-
2026-07-22 09:15:04,4161.6,NONE,NONE,NONE,2159,NONE,0,-
2026-07-22 09:16:03,4157.7,NONE,NONE,NONE,1880,NONE,0,-
2026-07-22 09:17:03,4157.6,NONE,NONE,NONE,1813,NONE,0,-
2026-07-22 09:18:03,4157.3,NONE,NONE,NONE,1705,NONE,0,-
2026-07-22 09:19:04,4155.6,NONE,NONE,NONE,1577,NONE,0,-
2026-07-22 09:20:04,4153.8,NONE,NONE,NONE,1535,NONE,0,-
2026-07-22 09:21:03,4157.0,NONE,NONE,NONE,1687,NONE,0,-
2026-07-22 09:22:03,4155.9,NONE,NONE,NONE,1727,NONE,0,-
2026-07-22 09:23:03,4156.7,NONE,NONE,NONE,1726,NONE,0,-
2026-07-22 09:24:04,4154.6,NONE,NONE,NONE,1647,NONE,0,-
2026-07-22 09:25:04,4155.0,NONE,NONE,NONE,1651,NONE,0,-
2026-07-22 09:26:03,4153.3,NONE,NONE,NONE,1623,NONE,0,-
2026-07-22 09:27:03,4150.6,NONE,NONE,NONE,1591,NONE,0,-
2026-07-22 09:28:03,4151.2,NONE,NONE,NONE,1649,NONE,0,-
2026-07-22 09:29:03,4150.6,NONE,NONE,NONE,1622,NONE,0,-
2026-07-22 09:30:05,4151.4,NONE,NONE,NONE,1599,NONE,0,-
2026-07-22 09:31:03,4152.3,NONE,NONE,NONE,1677,NONE,0,-
2026-07-22 09:32:03,4155.7,NONE,NONE,NONE,1864,NONE,0,-
2026-07-22 09:33:03,4156.6,NONE,NONE,NONE,1940,NONE,0,-
2026-07-22 09:34:03,4153.8,NONE,NONE,NONE,1838,NONE,0,-
2026-07-22 09:35:04,4155.4,NONE,NONE,NONE,1906,NONE,0,-
2026-07-22 09:36:04,4155.7,NONE,NONE,NONE,1890,NONE,0,-
2026-07-22 09:37:03,4155.4,NONE,NONE,NONE,1902,NONE,0,-
2026-07-22 09:38:04,4155.8,NONE,NONE,NONE,1940,NONE,0,-
2026-07-22 09:39:04,4156.2,NONE,NONE,NONE,1992,NONE,0,-
2026-07-22 09:40:04,4156.7,NONE,NONE,NONE,1983,NONE,0,-
2026-07-22 09:41:04,4156.2,NONE,NONE,NONE,2057,NONE,0,-
2026-07-22 09:42:03,4152.7,BULLISH,NONE,NONE,1933,NONE,0,-
2026-07-22 09:43:03,4156.8,BULLISH,NONE,NONE,2008,BUY,1,ABRE BUY
2026-07-22 09:44:03,4156.5,NONE,NONE,NONE,1979,NONE,0,-
2026-07-22 09:45:04,4155.8,NONE,NONE,NONE,1923,NONE,0,-
2026-07-22 09:46:04,4156.8,NONE,NONE,NONE,1948,NONE,0,-
2026-07-22 09:47:03,4155.4,NONE,NONE,NONE,1940,NONE,0,-
2026-07-22 09:48:03,4153.5,NONE,NONE,NONE,1883,NONE,0,-
2026-07-22 09:49:03,4154.5,NONE,NONE,NONE,1870,NONE,0,-
2026-07-22 09:50:04,4153.1,NONE,NONE,NONE,1799,NONE,0,CIERRE SL mae=6.4
2026-07-22 09:51:03,4151.9,NONE,NONE,NONE,1751,NONE,0,-
2026-07-22 09:52:03,4152.4,NONE,NONE,NONE,1742,NONE,0,-
2026-07-22 09:53:03,4152.6,NONE,NONE,NONE,1775,NONE,0,-
2026-07-22 09:54:03,4152.2,NONE,NONE,NONE,1757,NONE,0,-
2026-07-22 09:55:04,4152.5,NONE,NONE,NONE,1764,NONE,0,-
2026-07-22 09:56:03,4150.3,NONE,NONE,NONE,1615,NONE,0,-
2026-07-22 09:57:03,4150.4,NONE,NONE,NONE,1642,NONE,0,-
2026-07-22 09:58:03,4153.3,NONE,NONE,NONE,1701,NONE,0,-
2026-07-22 09:59:03,4154.7,NONE,NONE,NONE,1841,NONE,0,-
2026-07-22 10:00:05,4153.5,NONE,NONE,NONE,1850,NONE,0,-
2026-07-22 10:01:03,4157.0,NONE,NONE,NONE,2001,NONE,0,-
2026-07-22 10:02:03,4156.3,BEARISH,NONE,NONE,1996,NONE,0,-
2026-07-22 10:03:04,4157.6,NONE,NONE,NONE,2037,NONE,0,-
2026-07-22 10:04:03,4158.5,NONE,NONE,NONE,2118,NONE,0,-
2026-07-22 10:05:04,4159.6,NONE,NONE,NONE,2191,NONE,0,-
2026-07-22 10:06:03,4159.5,NONE,NONE,NONE,2219,NONE,0,-
2026-07-22 10:07:03,4159.4,NONE,NONE,NONE,2213,NONE,0,-
2026-07-22 10:08:03,4160.4,NONE,NONE,NONE,2335,NONE,0,-
2026-07-22 10:09:04,4160.1,NONE,NONE,NONE,2323,NONE,0,-
2026-07-22 10:10:05,4159.1,NONE,NONE,NONE,2259,NONE,0,-
2026-07-22 10:11:03,4160.0,NONE,NONE,NONE,2248,NONE,0,-
2026-07-22 10:12:03,4161.5,NONE,NONE,NONE,2365,NONE,0,-
2026-07-22 10:13:03,4161.9,NONE,NONE,NONE,2396,NONE,0,-
2026-07-22 10:14:03,4162.5,BEARISH,NONE,NONE,2400,NONE,0,-
2026-07-22 10:15:04,4162.6,NONE,NONE,NONE,2432,NONE,0,-
2026-07-22 10:16:03,4160.8,NONE,NONE,NONE,2251,NONE,0,-
2026-07-22 10:17:03,4160.8,NONE,NONE,NONE,2238,NONE,0,-
2026-07-22 10:18:03,4158.2,NONE,NONE,NONE,2131,NONE,0,-
2026-07-22 10:19:03,4159.0,NONE,NONE,NONE,2163,NONE,0,-
2026-07-22 10:20:04,4160.1,NONE,NONE,NONE,2189,NONE,0,-
2026-07-22 10:21:03,4161.9,NONE,NONE,NONE,2230,NONE,0,-
2026-07-22 10:22:03,4161.1,NONE,NONE,NONE,2306,NONE,0,-
2026-07-22 10:23:03,4162.5,NONE,NONE,NONE,2325,NONE,0,-
2026-07-22 10:24:03,4166.2,NONE,NONE,NONE,2514,NONE,0,-
2026-07-22 10:25:04,4164.8,BEARISH,NONE,NONE,2428,NONE,0,-
2026-07-22 10:26:03,4164.2,NONE,NONE,NONE,2397,NONE,0,-
2026-07-22 10:27:03,4164.4,NONE,NONE,NONE,2430,NONE,0,-
2026-07-22 10:28:03,4163.4,NONE,NONE,NONE,2403,NONE,0,-
2026-07-22 10:29:03,4162.4,NONE,NONE,NONE,2362,NONE,0,-
2026-07-22 10:30:05,4161.9,NONE,NONE,NONE,2348,NONE,0,-
2026-07-22 10:31:03,4163.0,BULLISH,NONE,NONE,2353,NONE,0,-
2026-07-22 10:32:03,4162.3,NONE,NONE,NONE,2373,NONE,0,-
2026-07-22 10:33:03,4163.5,NONE,NONE,NONE,2402,NONE,0,-
2026-07-22 10:34:03,4162.7,NONE,NONE,NONE,2363,NONE,0,-
2026-07-22 10:35:04,4162.2,NONE,NONE,NONE,2368,NONE,0,-
2026-07-22 10:36:03,4163.1,NONE,NONE,NONE,2382,NONE,0,-
2026-07-22 10:37:03,4163.7,NONE,NONE,NONE,2413,NONE,0,-
2026-07-22 10:38:04,4162.9,NONE,NONE,NONE,2394,NONE,0,-
2026-07-22 10:39:03,4161.3,NONE,NONE,NONE,2343,NONE,0,-
2026-07-22 10:40:04,4162.6,NONE,NONE,NONE,2367,NONE,0,-
2026-07-22 10:41:03,4164.8,BEARISH,NONE,NONE,2366,NONE,0,-
2026-07-22 10:42:03,4164.7,NONE,NONE,NONE,2458,NONE,0,-
2026-07-22 10:43:03,4165.7,NONE,NONE,NONE,2455,NONE,0,-
2026-07-22 10:44:03,4164.9,NONE,NONE,NONE,2461,NONE,0,-
2026-07-22 10:45:04,4165.0,NONE,NONE,NONE,2456,NONE,0,-
2026-07-22 10:46:03,4165.4,NONE,NONE,NONE,2467,NONE,0,-
2026-07-22 10:47:03,4164.0,NONE,NONE,NONE,2350,NONE,0,-
2026-07-22 10:48:03,4164.8,NONE,NONE,NONE,2313,NONE,0,-
2026-07-22 10:49:03,4166.0,BEARISH,NONE,NONE,2311,NONE,0,-
2026-07-22 10:50:04,4169.7,NONE,NONE,NONE,2710,NONE,0,-
2026-07-22 10:51:03,4169.1,NONE,NONE,NONE,2682,NONE,0,-
2026-07-22 10:52:03,4169.8,NONE,NONE,NONE,2756,NONE,0,-
2026-07-22 10:53:03,4170.1,NONE,NONE,NONE,2842,NONE,0,-
2026-07-22 10:54:03,4170.2,NONE,NONE,NONE,2820,NONE,0,-
2026-07-22 10:55:04,4167.4,NONE,NONE,NONE,2678,NONE,0,-
2026-07-22 10:56:03,4167.2,NONE,NONE,NONE,2559,NONE,0,-
2026-07-22 10:57:03,4164.5,NONE,NONE,NONE,2420,NONE,0,-
2026-07-22 10:58:03,4164.8,NONE,NONE,NONE,2414,NONE,0,-
2026-07-22 10:59:03,4164.4,NONE,NONE,NONE,2443,NONE,0,-
2026-07-22 11:00:05,4164.0,NONE,NONE,NONE,2377,NONE,0,-
2026-07-22 11:01:03,4163.3,NONE,NONE,NONE,2316,NONE,0,-
2026-07-22 11:02:03,4162.5,NONE,NONE,NONE,2266,NONE,0,-
2026-07-22 11:03:03,4161.4,NONE,NONE,NONE,2203,NONE,0,-
2026-07-22 11:04:03,4162.9,NONE,NONE,NONE,2311,NONE,0,-
2026-07-22 11:05:04,4162.1,NONE,NONE,NONE,2328,NONE,0,-
2026-07-22 11:06:03,4163.3,NONE,NONE,NONE,2364,NONE,0,-
2026-07-22 11:07:03,4163.7,NONE,NONE,NONE,2398,NONE,0,-
2026-07-22 11:08:03,4163.2,NONE,NONE,NONE,2386,NONE,0,-
2026-07-22 11:09:03,4162.3,NONE,NONE,NONE,2331,NONE,0,-
2026-07-22 11:10:04,4161.6,NONE,NONE,NONE,2300,NONE,0,-
2026-07-22 11:11:03,4160.3,NONE,NONE,NONE,2088,NONE,0,-
2026-07-22 11:12:03,4159.7,NONE,NONE,NONE,2081,NONE,0,-
2026-07-22 11:13:03,4159.1,NONE,NONE,NONE,2071,NONE,0,-
2026-07-22 11:14:03,4159.9,BULLISH,NONE,NONE,2101,NONE,0,-
2026-07-22 11:15:04,4159.7,NONE,NONE,NONE,2032,NONE,0,-
2026-07-22 11:16:03,4159.7,NONE,NONE,NONE,2037,NONE,0,-
2026-07-22 11:17:03,4158.1,NONE,NONE,NONE,1967,NONE,0,-
2026-07-22 11:18:03,4158.4,NONE,NONE,NONE,1901,NONE,0,-
2026-07-22 11:19:03,4159.8,NONE,NONE,NONE,1971,NONE,0,-
2026-07-22 11:20:04,4159.8,BEARISH,NONE,NONE,1974,NONE,0,-
2026-07-22 11:21:03,4159.4,BEARISH,NONE,NONE,1979,SELL,1,ABRE SELL
2026-07-22 11:22:03,4159.1,NONE,NONE,NONE,1939,NONE,0,-
2026-07-22 11:23:03,4158.0,NONE,NONE,NONE,1892,NONE,0,-
2026-07-22 11:24:03,4158.0,NONE,NONE,NONE,1882,NONE,0,-
2026-07-22 11:25:04,4157.5,BULLISH,NONE,NONE,1865,NONE,0,-
2026-07-22 11:26:03,4155.7,NONE,NONE,NONE,1745,NONE,0,-
2026-07-22 11:27:03,4154.6,NONE,NONE,NONE,1705,NONE,0,-
2026-07-22 11:28:03,4155.5,NONE,NONE,NONE,1709,NONE,0,-
2026-07-22 11:29:03,4154.3,NONE,NONE,NONE,1631,NONE,0,-
2026-07-22 11:30:05,4154.4,NONE,NONE,NONE,1674,NONE,0,-
2026-07-22 11:31:03,4155.4,NONE,NONE,NONE,1705,NONE,0,-
2026-07-22 11:32:03,4153.8,NONE,NONE,NONE,1628,NONE,0,-
2026-07-22 11:33:04,4153.3,NONE,NONE,NONE,1598,NONE,0,-
2026-07-22 11:34:03,4152.7,NONE,NONE,NONE,1466,NONE,0,-
2026-07-22 11:35:04,4151.9,BULLISH,NONE,NONE,1468,NONE,0,-
2026-07-22 11:36:03,4151.6,NONE,NONE,NONE,1423,NONE,0,-
2026-07-22 11:37:03,4150.9,NONE,NONE,NONE,1312,NONE,0,CIERRE TP mae=0.7
2026-07-22 11:38:03,4152.6,BULLISH,NONE,NONE,1406,NONE,0,-
2026-07-22 11:39:03,4152.8,NONE,NONE,NONE,1330,NONE,0,-
2026-07-22 11:40:04,4154.2,BEARISH,NONE,NONE,1390,NONE,0,-
2026-07-22 11:41:03,4155.6,NONE,NONE,NONE,1453,NONE,0,-
2026-07-22 11:42:03,4156.0,NONE,NONE,NONE,1482,NONE,0,-
2026-07-22 11:43:03,4155.3,NONE,NONE,NONE,1409,NONE,0,-
2026-07-22 11:44:03,4153.6,NONE,NONE,NONE,1320,NONE,0,-
2026-07-22 11:45:04,4153.1,NONE,NONE,NONE,1265,NONE,0,-
2026-07-22 11:46:03,4151.8,NONE,NONE,NONE,1287,NONE,0,-
2026-07-22 11:47:04,4152.6,NONE,NONE,NONE,1284,NONE,0,-
2026-07-22 11:48:03,4152.2,NONE,NONE,NONE,1269,NONE,0,-
2026-07-22 11:49:03,4152.3,NONE,NONE,NONE,1194,NONE,0,-
2026-07-22 11:50:04,4153.1,NONE,NONE,NONE,1203,NONE,0,-
2026-07-23 02:00:01,4121.5,NONE,NONE,NONE,-1251,NONE,0,-
2026-07-23 02:01:02,4120.0,BULLISH,NONE,NONE,-1248,NONE,0,-
2026-07-23 02:02:02,4117.2,NONE,NONE,NONE,-1333,NONE,0,-
2026-07-23 02:03:02,4118.7,NONE,NONE,NONE,-1306,NONE,0,-
2026-07-23 02:04:02,4118.6,NONE,NONE,NONE,-1289,NONE,0,-
2026-07-23 02:05:02,4118.2,NONE,NONE,NONE,-1294,NONE,0,-
2026-07-23 02:06:02,4118.2,NONE,NONE,NONE,-1287,NONE,0,-
2026-07-23 02:07:02,4116.0,BULLISH,NONE,NONE,-1320,NONE,0,-
2026-07-23 02:08:02,4114.8,NONE,NONE,NONE,-1364,NONE,0,-
2026-07-23 02:09:02,4114.7,NONE,NONE,NONE,-1358,NONE,0,-
2026-07-23 02:10:02,4113.3,NONE,NONE,NONE,-1452,NONE,0,-
2026-07-23 02:11:02,4110.0,NONE,NONE,NONE,-1620,NONE,0,-
2026-07-23 02:12:02,4108.5,NONE,NONE,NONE,-1686,NONE,0,-
2026-07-23 02:13:02,4106.2,NONE,NONE,NONE,-1802,NONE,0,-
2026-07-23 02:14:02,4107.4,NONE,NONE,NONE,-1769,NONE,0,-
2026-07-23 02:15:02,4110.2,NONE,NONE,NONE,-1670,NONE,0,-
2026-07-23 02:16:02,4111.2,NONE,NONE,NONE,-1689,NONE,0,-
2026-07-23 02:17:02,4114.2,NONE,NONE,NONE,-1624,NONE,0,-
2026-07-23 02:18:02,4112.9,BEARISH,NONE,NONE,-1684,NONE,0,-
2026-07-23 02:19:02,4111.2,NONE,NONE,NONE,-1701,NONE,0,-
2026-07-23 02:20:02,4112.2,NONE,NONE,NONE,-1689,NONE,0,-
2026-07-23 02:21:02,4112.4,NONE,NONE,NONE,-1687,NONE,0,-
2026-07-23 02:22:02,4111.5,NONE,NONE,NONE,-1713,NONE,0,-
2026-07-23 02:23:02,4111.2,NONE,NONE,NONE,-1676,NONE,0,-
2026-07-23 02:24:02,4111.5,BULLISH,NONE,NONE,-1703,NONE,0,-
2026-07-23 02:25:02,4108.1,NONE,NONE,NONE,-1771,NONE,0,-
2026-07-23 02:26:02,4111.8,BULLISH,NONE,NONE,-1747,NONE,0,-
2026-07-23 02:27:02,4112.6,NONE,NONE,NONE,-1714,NONE,0,-
2026-07-23 02:28:02,4112.9,BEARISH,NONE,NONE,-1695,NONE,0,-
2026-07-23 02:29:02,4110.8,NONE,NONE,NONE,-1691,NONE,0,-
2026-07-23 02:30:02,4111.2,NONE,NONE,NONE,-1672,NONE,0,-
2026-07-23 02:31:02,4107.0,NONE,NONE,NONE,-1736,NONE,0,-
2026-07-23 02:32:02,4106.0,BULLISH,NONE,NONE,-1682,NONE,0,-
2026-07-23 02:33:02,4106.1,BULLISH,NONE,NONE,-1698,BUY,1,ABRE BUY
2026-07-23 02:34:02,4109.0,NONE,NONE,NONE,-1686,NONE,0,-
2026-07-23 02:35:02,4107.8,NONE,NONE,NONE,-1679,NONE,0,-
2026-07-23 02:36:02,4105.7,NONE,NONE,NONE,-1705,NONE,0,-
2026-07-23 02:37:02,4107.6,NONE,NONE,NONE,-1682,NONE,0,-
2026-07-23 02:38:02,4106.1,NONE,NONE,NONE,-1671,NONE,0,-
2026-07-23 02:39:02,4104.4,NONE,NONE,NONE,-1740,NONE,0,-
2026-07-23 02:40:02,4103.5,NONE,NONE,NONE,-1758,NONE,0,-
2026-07-23 02:41:02,4104.1,NONE,NONE,NONE,-1747,NONE,0,-
2026-07-23 02:42:02,4102.7,NONE,NONE,NONE,-1742,NONE,0,-
2026-07-23 02:43:02,4097.2,NONE,NONE,NONE,-1993,NONE,0,CIERRE SL mae=9.2
2026-07-23 02:44:02,4099.2,BULLISH,NONE,NONE,-1981,NONE,0,-
2026-07-23 02:45:02,4098.2,BULLISH,NONE,NONE,-1949,BUY,1,ABRE BUY
2026-07-23 02:46:02,4097.9,NONE,NONE,NONE,-1883,NONE,0,-
2026-07-23 02:47:02,4097.1,NONE,NONE,NONE,-1889,NONE,0,-
2026-07-23 02:48:02,4095.0,BULLISH,NONE,NONE,-1893,NONE,0,-
2026-07-23 02:49:02,4098.3,NONE,NONE,NONE,-1852,NONE,0,-
2026-07-23 02:50:02,4095.5,NONE,NONE,NONE,-1862,NONE,0,-
2026-07-23 02:51:02,4097.1,NONE,NONE,NONE,-1853,NONE,0,-
2026-07-23 02:52:02,4096.9,NONE,NONE,NONE,-1823,NONE,0,-
2026-07-23 02:53:02,4095.8,NONE,NONE,NONE,-1787,NONE,0,-
2026-07-23 02:54:02,4094.5,BULLISH,NONE,NONE,-1833,NONE,0,-
2026-07-23 02:55:02,4096.8,NONE,NONE,NONE,-1791,NONE,0,-
2026-07-23 02:56:02,4098.6,NONE,NONE,NONE,-1708,NONE,0,-
2026-07-23 02:57:02,4098.6,NONE,NONE,NONE,-1661,NONE,0,-
2026-07-23 02:58:02,4097.4,NONE,NONE,NONE,-1640,NONE,0,-
2026-07-23 02:59:02,4096.7,NONE,NONE,NONE,-1644,NONE,0,-
2026-07-23 03:00:02,4098.1,NONE,NONE,NONE,-1639,NONE,0,-
2026-07-23 03:01:02,4095.9,BEARISH,NONE,NONE,-1725,NONE,0,-
2026-07-23 03:02:02,4094.4,NONE,NONE,NONE,-1746,NONE,0,-
2026-07-23 03:03:02,4094.5,NONE,NONE,NONE,-1706,NONE,0,-
2026-07-23 03:04:02,4096.1,NONE,NONE,NONE,-1635,NONE,0,-
2026-07-23 03:05:02,4095.7,NONE,NONE,NONE,-1657,NONE,0,-
2026-07-23 03:06:02,4096.5,NONE,NONE,NONE,-1637,NONE,0,-
2026-07-23 03:07:02,4096.1,NONE,NONE,NONE,-1656,NONE,0,-
2026-07-23 03:08:02,4098.6,NONE,NONE,NONE,-1619,NONE,0,-
2026-07-23 03:09:02,4097.6,NONE,NONE,NONE,-1627,NONE,0,-
2026-07-23 03:10:02,4099.0,NONE,NONE,NONE,-1629,NONE,0,CIERRE TIME(25m) mae=5.3
2026-07-23 03:11:02,4098.0,NONE,SELL,NONE,-1545,NONE,0,-
2026-07-23 03:12:02,4098.1,NONE,NONE,NONE,-1566,NONE,0,-
2026-07-23 03:13:02,4097.5,NONE,NONE,NONE,-1547,NONE,0,-
2026-07-23 03:14:02,4096.4,BULLISH,NONE,NONE,-1553,NONE,0,-
2026-07-23 03:15:02,4094.6,NONE,BUY,NONE,-1657,NONE,0,-
2026-07-23 03:16:02,4094.7,NONE,NONE,NONE,-1646,NONE,0,-
2026-07-23 03:17:02,4094.9,NONE,NONE,NONE,-1643,NONE,0,-
2026-07-23 03:18:01,4095.0,NONE,NONE,NONE,-1662,NONE,0,-
2026-07-23 03:19:02,4094.0,NONE,NONE,NONE,-1695,NONE,0,-
2026-07-23 03:20:02,4093.1,BULLISH,NONE,NONE,-1686,NONE,0,-
2026-07-23 03:21:02,4093.4,NONE,NONE,NONE,-1679,NONE,0,-
2026-07-23 03:22:01,4091.6,NONE,NONE,NONE,-1761,NONE,0,-
2026-07-23 03:23:02,4093.8,NONE,NONE,NONE,-1703,NONE,0,-
2026-07-23 03:24:02,4092.7,NONE,NONE,NONE,-1714,NONE,0,-
2026-07-23 03:25:02,4093.2,NONE,NONE,NONE,-1700,NONE,0,-
2026-07-23 03:26:01,4093.1,NONE,NONE,NONE,-1689,NONE,0,-
2026-07-23 03:27:01,4093.8,NONE,NONE,NONE,-1693,NONE,0,-
2026-07-23 03:28:01,4093.8,NONE,NONE,NONE,-1668,NONE,0,-
2026-07-23 03:29:02,4092.9,NONE,NONE,NONE,-1656,NONE,0,-
2026-07-23 03:30:02,4094.4,NONE,NONE,NONE,-1633,NONE,0,-
2026-07-23 03:31:02,4093.6,NONE,NONE,NONE,-1679,NONE,0,-
2026-07-23 03:32:01,4093.9,NONE,NONE,NONE,-1681,NONE,0,-
2026-07-23 03:33:01,4093.4,NONE,NONE,NONE,-1657,NONE,0,-
2026-07-23 03:34:02,4094.7,NONE,NONE,NONE,-1687,NONE,0,-
2026-07-23 03:35:02,4095.8,NONE,NONE,NONE,-1598,NONE,0,-
2026-07-23 03:36:02,4095.2,NONE,NONE,NONE,-1572,NONE,0,-
2026-07-23 03:37:02,4095.8,NONE,NONE,NONE,-1543,NONE,0,-
2026-07-23 03:38:01,4094.8,NONE,NONE,NONE,-1527,NONE,0,-
2026-07-23 03:39:02,4094.6,NONE,NONE,NONE,-1523,NONE,0,-
2026-07-23 03:40:02,4094.9,NONE,NONE,NONE,-1491,NONE,0,-
2026-07-23 03:41:02,4094.4,NONE,NONE,NONE,-1464,NONE,0,-
2026-07-23 03:42:02,4092.0,BULLISH,NONE,NONE,-1483,NONE,0,-
2026-07-23 03:43:02,4093.2,BULLISH,NONE,NONE,-1490,BUY,1,ABRE BUY
2026-07-23 03:44:02,4094.1,BULLISH,NONE,NONE,-1506,BUY,1,-
2026-07-23 03:45:02,4095.2,NONE,NONE,NONE,-1478,NONE,0,-
2026-07-23 03:46:02,4093.8,BEARISH,NONE,NONE,-1500,NONE,0,-
2026-07-23 03:47:02,4094.0,BEARISH,NONE,NONE,-1500,SELL,1,-
2026-07-23 03:48:02,4092.6,NONE,NONE,NONE,-1495,NONE,0,-
2026-07-23 03:49:02,4092.0,NONE,NONE,NONE,-1619,NONE,0,-
2026-07-23 03:50:02,4092.2,NONE,NONE,NONE,-1584,NONE,0,-
2026-07-23 03:51:02,4092.8,NONE,NONE,NONE,-1581,NONE,0,-
2026-07-23 03:52:02,4093.0,NONE,NONE,NONE,-1565,NONE,0,-
2026-07-23 03:53:02,4091.7,NONE,NONE,NONE,-1542,NONE,0,-
2026-07-23 03:54:02,4093.4,NONE,NONE,NONE,-1519,NONE,0,-
2026-07-23 03:55:02,4095.4,NONE,NONE,NONE,-1492,NONE,0,-
2026-07-23 03:56:02,4096.0,NONE,NONE,NONE,-1438,NONE,0,-
2026-07-23 03:57:02,4096.6,NONE,NONE,NONE,-1397,NONE,0,-
2026-07-23 03:58:02,4096.7,NONE,NONE,NONE,-1345,NONE,0,-
2026-07-23 03:59:02,4096.0,BEARISH,NONE,NONE,-1344,NONE,0,-
2026-07-23 04:00:02,4095.9,BEARISH,NONE,NONE,-1337,SELL,1,-
2026-07-23 04:01:02,4096.2,NONE,NONE,NONE,-1333,NONE,0,-
2026-07-23 04:02:02,4098.0,NONE,NONE,NONE,-1275,NONE,0,-
2026-07-23 04:03:02,4098.7,NONE,NONE,NONE,-1212,NONE,0,-
2026-07-23 04:04:02,4100.3,NONE,NONE,NONE,-1100,NONE,0,-
2026-07-23 04:05:02,4101.8,NONE,NONE,NONE,-1079,NONE,0,-
2026-07-23 04:06:02,4100.9,NONE,NONE,NONE,-1102,NONE,0,-
2026-07-23 04:07:02,4100.4,NONE,NONE,NONE,-1093,NONE,0,-
2026-07-23 04:08:02,4100.0,NONE,NONE,NONE,-1074,NONE,0,CIERRE TIME(25m) mae=4.1
2026-07-23 04:09:02,4100.5,NONE,NONE,NONE,-1060,NONE,0,-
2026-07-23 04:10:02,4099.6,BULLISH,NONE,NONE,-1067,NONE,0,-
2026-07-23 04:11:02,4100.5,NONE,NONE,NONE,-1050,NONE,0,-
2026-07-23 04:12:02,4101.0,NONE,NONE,NONE,-1059,NONE,0,-
2026-07-23 04:13:02,4099.8,NONE,NONE,NONE,-1074,NONE,0,-
2026-07-23 04:14:02,4100.7,NONE,NONE,NONE,-1066,NONE,0,-
2026-07-23 04:15:02,4097.8,NONE,NONE,NONE,-1111,NONE,0,-
2026-07-23 04:16:02,4097.9,NONE,NONE,NONE,-1100,NONE,0,-
2026-07-23 04:17:02,4097.9,BULLISH,NONE,NONE,-1098,NONE,0,-
2026-07-23 04:18:02,4098.5,BULLISH,NONE,NONE,-1066,BUY,1,ABRE BUY
2026-07-23 04:19:02,4097.6,NONE,NONE,NONE,-1064,NONE,0,-
2026-07-23 04:20:02,4098.9,NONE,NONE,NONE,-1024,NONE,0,-
2026-07-23 04:21:02,4097.3,NONE,NONE,NONE,-1045,NONE,0,-
2026-07-23 04:22:02,4096.5,BULLISH,NONE,NONE,-1036,NONE,0,-
2026-07-23 04:23:02,4096.1,NONE,NONE,NONE,-1049,NONE,0,-
2026-07-23 04:24:02,4096.2,BULLISH,NONE,NONE,-1042,NONE,0,-
2026-07-23 04:25:02,4095.6,BULLISH,NONE,NONE,-1018,BUY,1,-
2026-07-23 04:26:02,4094.9,NONE,NONE,NONE,-1062,NONE,0,-
2026-07-23 04:27:02,4093.3,NONE,NONE,NONE,-1086,NONE,0,-
2026-07-23 04:28:02,4092.9,NONE,NONE,NONE,-1100,NONE,0,CIERRE SL mae=6.3
2026-07-23 04:29:02,4094.1,NONE,NONE,NONE,-1083,NONE,0,-
2026-07-23 04:30:02,4094.0,NONE,NONE,NONE,-1089,NONE,0,-
2026-07-23 04:31:02,4092.5,NONE,NONE,NONE,-1167,NONE,0,-
2026-07-23 04:32:02,4091.7,BULLISH,NONE,NONE,-1162,NONE,0,-
2026-07-23 04:33:02,4092.5,BULLISH,NONE,NONE,-1130,BUY,1,ABRE BUY
2026-07-23 04:34:02,4093.6,NONE,NONE,NONE,-1121,NONE,0,-
2026-07-23 04:35:02,4095.2,NONE,NONE,NONE,-1073,NONE,0,-
2026-07-23 04:36:02,4094.7,NONE,NONE,NONE,-1066,NONE,0,-
2026-07-23 04:37:02,4095.3,NONE,NONE,NONE,-1036,NONE,0,-
2026-07-23 04:38:02,4094.3,NONE,NONE,NONE,-1024,NONE,0,-
2026-07-23 04:39:02,4095.0,NONE,NONE,NONE,-1014,NONE,0,-
2026-07-23 04:40:02,4094.6,NONE,NONE,NONE,-1016,NONE,0,-
2026-07-23 04:41:02,4094.2,NONE,NONE,NONE,-1016,NONE,0,-
2026-07-23 04:42:02,4094.6,NONE,NONE,NONE,-1008,NONE,0,-
2026-07-23 04:43:02,4094.9,BULLISH,NONE,NONE,-1016,NONE,0,-
2026-07-23 04:44:02,4095.3,NONE,NONE,NONE,-983,NONE,0,-
2026-07-23 04:45:02,4094.9,NONE,NONE,NONE,-987,NONE,0,-
2026-07-23 04:46:02,4097.2,NONE,NONE,NONE,-909,NONE,0,-
2026-07-23 04:47:02,4095.9,NONE,NONE,NONE,-895,NONE,0,-
2026-07-23 04:48:02,4095.3,NONE,NONE,NONE,-890,NONE,0,-
2026-07-23 04:49:01,4096.1,NONE,NONE,NONE,-878,NONE,0,-
2026-07-23 04:50:01,4096.3,BULLISH,NONE,NONE,-874,NONE,0,-
2026-07-23 04:51:02,4095.2,NONE,NONE,NONE,-878,NONE,0,-
2026-07-23 04:52:02,4093.9,BULLISH,NONE,NONE,-885,NONE,0,-
2026-07-23 04:53:02,4094.5,BULLISH,NONE,NONE,-886,BUY,1,-
2026-07-23 04:54:02,4096.0,NONE,NONE,NONE,-890,NONE,0,-
2026-07-23 04:55:02,4096.0,BEARISH,NONE,NONE,-879,NONE,0,-
2026-07-23 04:56:02,4095.2,NONE,NONE,NONE,-889,NONE,0,-
2026-07-23 04:57:01,4094.4,NONE,NONE,NONE,-877,NONE,0,-
2026-07-23 04:58:02,4092.8,NONE,NONE,NONE,-950,NONE,0,CIERRE TIME(25m) mae=0.9
2026-07-23 04:59:02,4092.0,NONE,NONE,NONE,-978,NONE,0,-
2026-07-23 05:00:02,4093.1,BULLISH,NONE,NONE,-952,NONE,0,-
2026-07-23 05:01:02,4092.5,NONE,NONE,NONE,-986,NONE,0,-
2026-07-23 05:02:02,4093.7,NONE,BUY,NONE,-1008,NONE,0,-
2026-07-23 05:03:02,4093.9,NONE,NONE,NONE,-1043,NONE,0,-
2026-07-23 05:04:02,4094.0,NONE,NONE,NONE,-1030,NONE,0,-
2026-07-23 05:05:01,4093.5,NONE,NONE,NONE,-1053,NONE,0,-
2026-07-23 05:06:01,4093.5,NONE,NONE,NONE,-1058,NONE,0,-
2026-07-23 05:07:02,4093.5,NONE,NONE,NONE,-1071,NONE,0,-
2026-07-23 05:08:02,4094.5,NONE,NONE,NONE,-1060,NONE,0,-
2026-07-23 05:09:02,4092.3,NONE,NONE,NONE,-1068,NONE,0,-
2026-07-23 05:10:02,4092.1,NONE,NONE,NONE,-1062,NONE,0,-
2026-07-23 05:11:02,4092.1,BULLISH,NONE,NONE,-1072,NONE,0,-
2026-07-23 05:12:01,4092.5,NONE,NONE,NONE,-1070,NONE,0,-
2026-07-23 05:13:02,4094.3,NONE,NONE,NONE,-1043,NONE,0,-
2026-07-23 05:14:02,4093.8,NONE,NONE,NONE,-1030,NONE,0,-
2026-07-23 05:15:02,4093.6,NONE,NONE,NONE,-1025,NONE,0,-
2026-07-23 05:16:02,4094.0,NONE,NONE,NONE,-1024,NONE,0,-
2026-07-23 05:17:02,4095.3,NONE,NONE,NONE,-975,NONE,0,-
2026-07-23 05:18:02,4094.5,NONE,NONE,NONE,-1017,NONE,0,-
2026-07-23 05:19:02,4095.3,NONE,NONE,NONE,-1000,NONE,0,-
2026-07-23 05:20:02,4092.0,BULLISH,NONE,NONE,-1019,NONE,0,-
2026-07-23 05:21:02,4091.6,BULLISH,NONE,NONE,-1005,BUY,1,ABRE BUY
2026-07-23 05:22:02,4090.8,NONE,BUY,NONE,-1061,NONE,0,-
2026-07-23 05:23:02,4090.8,NONE,NONE,NONE,-1069,NONE,0,-
2026-07-23 05:24:02,4090.0,NONE,NONE,NONE,-1083,NONE,0,-
2026-07-23 05:25:02,4090.5,NONE,NONE,NONE,-1085,NONE,0,-
2026-07-23 05:26:02,4091.9,NONE,NONE,NONE,-1065,NONE,0,-
2026-07-23 05:27:02,4091.8,NONE,NONE,NONE,-1075,NONE,0,-
2026-07-23 05:28:02,4091.5,BEARISH,NONE,NONE,-1077,NONE,0,-
2026-07-23 05:29:02,4092.3,BEARISH,NONE,NONE,-1078,SELL,1,-
2026-07-23 05:30:02,4093.4,BEARISH,NONE,NONE,-1075,SELL,1,-
2026-07-23 05:31:02,4095.2,NONE,NONE,NONE,-958,NONE,0,-
2026-07-23 05:32:02,4094.8,NONE,NONE,NONE,-969,NONE,0,-
2026-07-23 05:33:02,4093.3,NONE,NONE,NONE,-984,NONE,0,-
2026-07-23 05:34:02,4092.7,NONE,NONE,NONE,-986,NONE,0,-
2026-07-23 05:35:02,4090.0,BULLISH,NONE,NONE,-1037,NONE,0,-
2026-07-23 05:36:02,4090.9,NONE,NONE,NONE,-1018,NONE,0,-
2026-07-23 05:37:02,4092.2,NONE,NONE,NONE,-982,NONE,0,-
2026-07-23 05:38:02,4093.2,NONE,NONE,NONE,-980,NONE,0,-
2026-07-23 05:39:01,4092.5,NONE,NONE,NONE,-989,NONE,0,-
2026-07-23 05:40:02,4093.2,NONE,NONE,NONE,-985,NONE,0,-
2026-07-23 05:41:02,4091.4,NONE,NONE,NONE,-1024,NONE,0,-
2026-07-23 05:42:02,4091.3,NONE,NONE,NONE,-1010,NONE,0,-
2026-07-23 05:43:02,4092.5,NONE,NONE,NONE,-990,NONE,0,-
2026-07-23 05:44:02,4091.6,NONE,NONE,NONE,-997,NONE,0,-
2026-07-23 05:45:02,4092.9,NONE,NONE,NONE,-958,NONE,0,-
2026-07-23 05:46:02,4090.8,NONE,NONE,NONE,-974,NONE,0,CIERRE TIME(25m) mae=2.8
2026-07-23 05:47:02,4090.7,BULLISH,NONE,NONE,-976,NONE,0,-
2026-07-23 05:48:02,4092.8,BULLISH,NONE,NONE,-933,BUY,1,ABRE BUY
2026-07-23 05:49:02,4094.4,NONE,NONE,NONE,-921,NONE,0,-
2026-07-23 05:50:02,4096.6,NONE,NONE,NONE,-866,NONE,0,-
2026-07-23 05:51:02,4096.4,NONE,NONE,NONE,-861,NONE,0,-
2026-07-23 05:52:02,4096.1,NONE,SELL,NONE,-708,NONE,0,-
2026-07-23 05:53:03,4097.3,NONE,NONE,NONE,-695,NONE,0,-
2026-07-23 05:54:02,4095.1,NONE,NONE,NONE,-717,NONE,0,-
2026-07-23 05:55:02,4097.4,NONE,NONE,NONE,-690,NONE,0,-
2026-07-23 05:56:02,4097.2,NONE,NONE,NONE,-691,NONE,0,-
2026-07-23 05:57:02,4097.4,NONE,NONE,NONE,-681,NONE,0,-
2026-07-23 05:58:02,4096.0,NONE,NONE,NONE,-655,NONE,0,-
2026-07-23 05:59:02,4096.2,NONE,NONE,NONE,-659,NONE,0,-
2026-07-23 06:00:02,4096.1,NONE,NONE,NONE,-676,NONE,0,-
2026-07-23 06:01:02,4095.6,BULLISH,NONE,NONE,-666,NONE,0,-
2026-07-23 06:02:02,4095.0,BULLISH,NONE,NONE,-685,BUY,1,-
2026-07-23 06:03:02,4095.8,BULLISH,NONE,NONE,-675,BUY,1,-
2026-07-23 06:04:02,4095.3,NONE,NONE,NONE,-684,NONE,0,-
2026-07-23 06:05:01,4094.9,NONE,NONE,NONE,-688,NONE,0,-
2026-07-23 06:06:02,4094.6,NONE,NONE,NONE,-689,NONE,0,-
2026-07-23 06:07:02,4092.5,NONE,NONE,NONE,-724,NONE,0,-
2026-07-23 06:08:02,4093.6,NONE,NONE,NONE,-681,NONE,0,-
2026-07-23 06:09:01,4094.1,NONE,NONE,NONE,-667,NONE,0,-
2026-07-23 06:10:02,4092.3,BULLISH,NONE,NONE,-690,NONE,0,-
2026-07-23 06:11:02,4091.8,BULLISH,NONE,NONE,-696,BUY,1,-
2026-07-23 06:12:02,4092.0,BULLISH,NONE,NONE,-681,BUY,1,-
2026-07-23 06:13:02,4091.5,NONE,NONE,NONE,-665,NONE,0,CIERRE TIME(25m) mae=2.6
2026-07-23 06:14:01,4090.5,NONE,NONE,NONE,-669,NONE,0,-
2026-07-23 06:15:01,4091.1,BULLISH,NONE,NONE,-666,NONE,0,-
2026-07-23 06:16:02,4089.2,NONE,NONE,NONE,-774,NONE,0,-
2026-07-23 06:17:02,4089.6,NONE,BUY,NONE,-829,NONE,0,-
2026-07-23 06:18:02,4087.8,NONE,NONE,NONE,-866,NONE,0,-
2026-07-23 06:19:02,4090.1,NONE,NONE,NONE,-862,NONE,0,-
2026-07-23 06:20:02,4088.8,NONE,NONE,NONE,-866,NONE,0,-
2026-07-23 06:21:02,4088.0,NONE,NONE,NONE,-886,NONE,0,-
2026-07-23 06:22:02,4089.7,NONE,NONE,NONE,-883,NONE,0,-
2026-07-23 06:23:02,4087.5,NONE,NONE,NONE,-908,NONE,0,-
2026-07-23 06:24:02,4085.2,NONE,NONE,NONE,-1083,NONE,0,-
2026-07-23 06:25:02,4086.5,BULLISH,NONE,NONE,-1071,NONE,0,-
2026-07-23 06:26:01,4087.7,NONE,NONE,NONE,-1000,NONE,0,-
2026-07-23 06:27:02,4087.0,NONE,NONE,NONE,-964,NONE,0,-
2026-07-23 06:28:01,4085.9,NONE,NONE,NONE,-959,NONE,0,-
2026-07-23 06:29:02,4085.1,NONE,NONE,NONE,-959,NONE,0,-
2026-07-23 06:30:02,4087.2,NONE,NONE,NONE,-978,NONE,0,-
2026-07-23 06:31:02,4085.8,NONE,NONE,NONE,-1014,NONE,0,-
2026-07-23 06:32:02,4085.8,NONE,NONE,NONE,-990,NONE,0,-
2026-07-23 06:33:02,4083.0,NONE,NONE,NONE,-1077,NONE,0,-
2026-07-23 06:34:02,4083.1,NONE,NONE,NONE,-1029,NONE,0,-
2026-07-23 06:35:02,4083.5,NONE,NONE,NONE,-1047,NONE,0,-
2026-07-23 06:36:02,4082.9,BULLISH,NONE,NONE,-1055,NONE,0,-
2026-07-23 06:37:02,4084.8,NONE,NONE,NONE,-1031,NONE,0,-
2026-07-23 06:38:02,4084.6,NONE,NONE,NONE,-1019,NONE,0,-
2026-07-23 06:39:02,4083.4,NONE,NONE,NONE,-961,NONE,0,-
2026-07-23 06:40:01,4082.6,NONE,NONE,NONE,-1005,NONE,0,-
2026-07-23 06:41:02,4078.9,NONE,NONE,NONE,-1174,NONE,0,-
2026-07-23 06:42:02,4077.5,NONE,NONE,NONE,-1200,NONE,0,-
2026-07-23 06:43:02,4081.4,NONE,NONE,NONE,-1100,NONE,0,-
2026-07-23 06:44:02,4079.5,NONE,NONE,NONE,-1105,NONE,0,-
2026-07-23 06:45:02,4081.2,NONE,NONE,NONE,-1070,NONE,0,-
2026-07-23 06:46:02,4083.7,NONE,NONE,NONE,-988,NONE,0,-
2026-07-23 06:47:02,4082.9,NONE,NONE,NONE,-1004,NONE,0,-
2026-07-23 06:48:02,4084.0,NONE,NONE,NONE,-1008,NONE,0,-
2026-07-23 06:49:02,4084.2,NONE,NONE,NONE,-977,NONE,0,-
2026-07-23 06:50:02,4084.9,NONE,NONE,NONE,-917,NONE,0,-
2026-07-23 06:51:02,4085.8,NONE,NONE,NONE,-890,NONE,0,-
2026-07-23 06:52:02,4087.0,NONE,NONE,NONE,-851,NONE,0,-
2026-07-23 06:53:02,4088.9,NONE,NONE,NONE,-759,NONE,0,-
2026-07-23 06:54:02,4087.1,NONE,NONE,NONE,-825,NONE,0,-
2026-07-23 06:55:02,4087.5,NONE,NONE,NONE,-815,NONE,0,-
2026-07-23 06:56:02,4086.6,NONE,NONE,NONE,-847,NONE,0,-
2026-07-23 06:57:02,4087.0,NONE,NONE,NONE,-851,NONE,0,-
2026-07-23 06:58:02,4086.7,NONE,NONE,NONE,-864,NONE,0,-
2026-07-23 06:59:02,4088.5,NONE,NONE,NONE,-823,NONE,0,-
2026-07-23 07:00:02,4088.6,BEARISH,NONE,NONE,-835,NONE,0,-
2026-07-23 07:01:02,4086.5,NONE,NONE,NONE,-865,NONE,0,-
2026-07-23 07:02:02,4085.0,NONE,NONE,NONE,-925,NONE,0,-
2026-07-23 07:03:02,4085.7,NONE,NONE,NONE,-945,NONE,0,-
2026-07-23 07:04:02,4085.5,NONE,NONE,NONE,-935,NONE,0,-
2026-07-23 07:05:01,4086.3,NONE,NONE,NONE,-939,NONE,0,-
2026-07-23 07:06:02,4086.9,NONE,NONE,NONE,-863,NONE,0,-
2026-07-23 07:07:02,4085.3,NONE,NONE,NONE,-884,NONE,0,-
2026-07-23 07:08:02,4085.7,BULLISH,NONE,NONE,-917,NONE,0,-
2026-07-23 07:09:02,4086.1,NONE,NONE,NONE,-900,NONE,0,-
2026-07-23 07:10:01,4086.5,NONE,NONE,NONE,-897,NONE,0,-
2026-07-23 07:11:01,4088.1,NONE,NONE,NONE,-834,NONE,0,-
2026-07-23 07:12:02,4087.7,NONE,NONE,NONE,-824,NONE,0,-
2026-07-23 07:13:02,4086.5,NONE,NONE,NONE,-849,NONE,0,-
2026-07-23 07:14:02,4084.7,BULLISH,NONE,NONE,-896,NONE,0,-
2026-07-23 07:15:02,4083.9,NONE,NONE,NONE,-917,NONE,0,-
2026-07-23 07:16:02,4082.6,NONE,NONE,NONE,-943,NONE,0,-
2026-07-23 07:17:02,4078.2,NONE,NONE,NONE,-1231,NONE,0,-
2026-07-23 07:18:02,4079.0,NONE,NONE,NONE,-1230,NONE,0,-
2026-07-23 07:19:02,4078.8,NONE,NONE,NONE,-1171,NONE,0,-
2026-07-23 07:20:02,4080.4,NONE,NONE,NONE,-1168,NONE,0,-
2026-07-23 07:21:02,4078.0,NONE,NONE,NONE,-1152,NONE,0,-
2026-07-23 07:22:02,4080.3,NONE,NONE,NONE,-1145,NONE,0,-
2026-07-23 07:23:02,4080.3,NONE,NONE,NONE,-1058,NONE,0,-
2026-07-23 07:24:02,4079.1,NONE,NONE,NONE,-1062,NONE,0,-
2026-07-23 07:25:02,4075.0,NONE,NONE,NONE,-1339,NONE,0,-
2026-07-23 07:26:02,4075.6,NONE,NONE,NONE,-1256,NONE,0,-
2026-07-23 07:27:02,4075.6,NONE,NONE,NONE,-1255,NONE,0,-
2026-07-23 07:28:02,4079.2,NONE,NONE,NONE,-1205,NONE,0,-
2026-07-23 07:29:02,4078.2,NONE,NONE,NONE,-1194,NONE,0,-
2026-07-23 07:30:02,4076.3,NONE,NONE,NONE,-1240,NONE,0,-
2026-07-23 07:31:02,4074.6,NONE,NONE,NONE,-1411,NONE,0,-
2026-07-23 07:32:02,4072.3,NONE,NONE,NONE,-1534,NONE,0,-
2026-07-23 07:33:02,4074.2,NONE,NONE,NONE,-1498,NONE,0,-
2026-07-23 07:34:02,4075.3,NONE,NONE,NONE,-1529,NONE,0,-
2026-07-23 07:35:02,4077.2,NONE,NONE,NONE,-1400,NONE,0,-
2026-07-23 07:36:02,4075.7,NONE,NONE,NONE,-1424,NONE,0,-
2026-07-23 07:37:02,4070.0,NONE,NONE,NONE,-1597,NONE,0,-
2026-07-23 07:38:02,4067.7,NONE,NONE,NONE,-1705,NONE,0,-
2026-07-23 07:39:02,4071.8,NONE,NONE,NONE,-1641,NONE,0,-
2026-07-23 07:40:02,4075.4,NONE,NONE,NONE,-1581,NONE,0,-
2026-07-23 07:41:02,4074.3,NONE,NONE,NONE,-1532,NONE,0,-
2026-07-23 07:42:02,4073.9,NONE,NONE,NONE,-1537,NONE,0,-
2026-07-23 07:43:02,4069.7,NONE,NONE,NONE,-1563,NONE,0,-
2026-07-23 07:44:02,4071.6,NONE,NONE,NONE,-1548,NONE,0,-
2026-07-23 07:45:02,4071.9,NONE,NONE,NONE,-1499,NONE,0,-
2026-07-23 07:46:02,4068.5,BULLISH,NONE,NONE,-1546,NONE,0,-
2026-07-23 07:47:02,4069.2,NONE,BUY,NONE,-1648,NONE,0,-
2026-07-23 07:48:02,4068.7,NONE,NONE,NONE,-1619,NONE,0,-
2026-07-23 07:49:02,4066.6,BULLISH,NONE,NONE,-1582,NONE,0,-
2026-07-23 07:50:02,4068.9,NONE,NONE,NONE,-1575,NONE,0,-
2026-07-23 07:51:02,4067.7,NONE,NONE,NONE,-1551,NONE,0,-
2026-07-23 07:52:02,4070.5,NONE,NONE,NONE,-1545,NONE,0,-
2026-07-23 07:53:02,4067.9,NONE,NONE,NONE,-1511,NONE,0,-
2026-07-23 07:54:02,4069.5,NONE,NONE,NONE,-1480,NONE,0,-
2026-07-23 07:55:02,4067.0,NONE,BUY,NONE,-1644,NONE,0,-
2026-07-23 07:56:02,4066.4,NONE,NONE,NONE,-1604,NONE,0,-
2026-07-23 07:57:02,4067.6,NONE,NONE,NONE,-1534,NONE,0,-
2026-07-23 07:58:02,4068.0,NONE,NONE,NONE,-1510,NONE,0,-
2026-07-23 07:59:02,4067.6,NONE,NONE,NONE,-1485,NONE,0,-
2026-07-23 08:00:02,4064.6,BULLISH,NONE,NONE,-1557,NONE,0,-
2026-07-23 08:01:02,4064.0,NONE,NONE,NONE,-1616,NONE,0,-
2026-07-23 08:02:02,4057.8,NONE,NONE,NONE,-2014,NONE,0,-
2026-07-23 08:03:02,4060.6,NONE,NONE,NONE,-1967,NONE,0,-
2026-07-23 08:04:02,4058.3,NONE,NONE,NONE,-2019,NONE,0,-
2026-07-23 08:05:02,4059.2,NONE,NONE,NONE,-2017,NONE,0,-
2026-07-23 08:06:02,4055.8,NONE,NONE,NONE,-2088,NONE,0,-
2026-07-23 08:07:02,4049.6,NONE,NONE,NONE,-2344,NONE,0,-
2026-07-23 08:08:02,4051.1,BULLISH,NONE,NONE,-2287,NONE,0,-
2026-07-23 08:09:02,4048.3,NONE,NONE,NONE,-2389,NONE,0,-
2026-07-23 08:10:02,4049.9,NONE,NONE,NONE,-2420,NONE,0,-
2026-07-23 08:11:02,4043.1,NONE,NONE,NONE,-2747,NONE,0,-
2026-07-23 08:12:02,4046.0,BULLISH,NONE,NONE,-2677,NONE,0,-
2026-07-23 08:13:02,4046.8,NONE,NONE,NONE,-2664,NONE,0,-
2026-07-23 08:14:02,4045.5,NONE,NONE,NONE,-2691,NONE,0,-
2026-07-23 08:15:02,4043.7,NONE,NONE,NONE,-2726,NONE,0,-
2026-07-23 08:16:02,4043.3,NONE,NONE,NONE,-2598,NONE,0,-
2026-07-23 08:17:02,4043.8,NONE,NONE,NONE,-2620,NONE,0,-
2026-07-23 08:18:02,4047.1,NONE,NONE,NONE,-2560,NONE,0,-
2026-07-23 08:19:02,4048.6,NONE,NONE,NONE,-2415,NONE,0,-
2026-07-23 08:20:02,4051.2,NONE,NONE,NONE,-2198,NONE,0,-
2026-07-23 08:21:02,4053.9,NONE,NONE,NONE,-2118,NONE,0,-
2026-07-23 08:22:02,4053.3,NONE,NONE,NONE,-2099,NONE,0,-
2026-07-23 08:23:02,4055.1,NONE,NONE,NONE,-2067,NONE,0,-
2026-07-23 08:24:02,4056.2,NONE,NONE,NONE,-2047,NONE,0,-
2026-07-23 08:25:02,4054.0,NONE,NONE,NONE,-2173,NONE,0,-
2026-07-23 08:26:02,4056.0,NONE,NONE,NONE,-2181,NONE,0,-
2026-07-23 08:27:02,4055.2,NONE,NONE,NONE,-2178,NONE,0,-
2026-07-23 08:28:02,4056.7,BEARISH,NONE,NONE,-2157,NONE,0,-
2026-07-23 08:29:02,4059.7,NONE,NONE,NONE,-1979,NONE,0,-
2026-07-23 08:30:02,4060.7,NONE,NONE,NONE,-4,NONE,0,-
2026-07-23 08:31:02,4063.4,NONE,NONE,NONE,199,NONE,0,-
2026-07-23 08:32:02,4065.0,NONE,NONE,NONE,210,NONE,0,-
2026-07-23 08:33:02,4068.7,NONE,NONE,NONE,372,NONE,0,-
2026-07-23 08:34:02,4069.3,NONE,NONE,NONE,546,NONE,0,-
2026-07-23 08:35:02,4066.6,NONE,NONE,NONE,444,NONE,0,-
2026-07-23 08:36:02,4065.9,NONE,NONE,NONE,413,NONE,0,-
2026-07-23 08:37:02,4063.2,NONE,NONE,NONE,323,NONE,0,-
2026-07-23 08:38:02,4063.1,BULLISH,NONE,NONE,346,NONE,0,-
2026-07-23 08:39:02,4061.5,NONE,NONE,NONE,296,NONE,0,-
2026-07-23 08:40:02,4059.6,NONE,NONE,NONE,184,NONE,0,-
2026-07-23 08:41:02,4059.0,NONE,NONE,NONE,173,NONE,0,-
2026-07-23 08:42:02,4061.6,NONE,NONE,NONE,284,NONE,0,-
2026-07-23 08:43:02,4063.8,NONE,NONE,NONE,383,NONE,0,-
2026-07-23 08:44:02,4064.2,NONE,NONE,NONE,425,NONE,0,-
2026-07-23 08:45:02,4060.2,NONE,NONE,NONE,135,NONE,0,-
2026-07-23 08:46:02,4058.3,NONE,NONE,NONE,51,NONE,0,-
2026-07-23 08:47:02,4058.0,NONE,NONE,NONE,-13,NONE,0,-
2026-07-23 08:48:02,4057.1,NONE,NONE,NONE,-7,NONE,0,-
2026-07-23 08:49:02,4053.3,NONE,NONE,NONE,-205,NONE,0,-
2026-07-23 08:50:02,4055.5,NONE,NONE,NONE,-140,NONE,0,-
2026-07-23 08:51:02,4056.7,NONE,NONE,NONE,-107,NONE,0,-
2026-07-23 08:52:02,4057.2,NONE,NONE,NONE,-100,NONE,0,-
2026-07-23 08:53:02,4057.8,NONE,NONE,NONE,-111,NONE,0,-
2026-07-23 08:54:02,4060.6,NONE,NONE,NONE,22,NONE,0,-
2026-07-23 08:55:02,4058.7,NONE,NONE,NONE,56,NONE,0,-
2026-07-23 08:56:02,4057.3,NONE,NONE,NONE,7,NONE,0,-
2026-07-23 08:57:02,4054.7,NONE,NONE,NONE,-38,NONE,0,-
2026-07-23 08:58:02,4049.5,NONE,NONE,NONE,-263,NONE,0,-
2026-07-23 08:59:02,4049.0,BULLISH,NONE,NONE,-165,NONE,0,-
2026-07-23 09:00:02,4045.9,BULLISH,NONE,NONE,-177,BUY,1,ABRE BUY
2026-07-23 09:01:03,4052.8,BULLISH,NONE,NONE,212,BUY,1,-
2026-07-23 09:02:02,4050.2,NONE,NONE,NONE,449,NONE,0,-
2026-07-23 09:03:02,4048.0,NONE,NONE,NONE,442,NONE,0,-
2026-07-23 09:04:02,4047.3,NONE,NONE,NONE,415,NONE,0,-
2026-07-23 09:05:02,4046.7,NONE,NONE,NONE,435,NONE,0,-
2026-07-23 09:06:02,4048.4,BULLISH,NONE,NONE,472,NONE,0,-
2026-07-23 09:07:02,4047.8,NONE,NONE,NONE,475,NONE,0,-
2026-07-23 09:08:02,4045.3,NONE,NONE,NONE,346,NONE,0,-
2026-07-23 09:09:02,4042.9,NONE,NONE,NONE,321,NONE,0,-
2026-07-23 09:10:02,4046.9,NONE,NONE,NONE,382,NONE,0,-
2026-07-23 09:11:02,4046.5,BEARISH,NONE,NONE,407,NONE,0,-
2026-07-23 09:12:02,4048.6,NONE,NONE,NONE,418,NONE,0,-
2026-07-23 09:13:02,4050.3,NONE,NONE,NONE,481,NONE,0,-
2026-07-23 09:14:02,4052.0,NONE,NONE,NONE,526,NONE,0,-
2026-07-23 09:15:02,4051.0,BEARISH,NONE,NONE,421,NONE,0,-
2026-07-23 09:16:02,4049.5,NONE,NONE,NONE,424,NONE,0,-
2026-07-23 09:17:02,4051.2,NONE,NONE,NONE,468,NONE,0,-
2026-07-23 09:18:02,4051.4,NONE,NONE,NONE,506,NONE,0,-
2026-07-23 09:19:02,4046.9,BULLISH,NONE,NONE,475,NONE,0,-
2026-07-23 09:20:02,4047.1,BULLISH,NONE,NONE,484,BUY,1,-
2026-07-23 09:21:02,4047.4,NONE,NONE,NONE,515,NONE,0,-
2026-07-23 09:22:02,4049.8,NONE,NONE,NONE,626,NONE,0,-
2026-07-23 09:23:02,4052.9,NONE,NONE,NONE,701,NONE,0,-
2026-07-23 09:24:02,4052.0,NONE,NONE,NONE,750,NONE,0,-
2026-07-23 09:25:02,4055.0,NONE,NONE,NONE,875,NONE,0,CIERRE TP mae=3.4
2026-07-23 09:26:02,4057.1,NONE,NONE,NONE,1016,NONE,0,-
2026-07-23 09:27:02,4057.1,NONE,NONE,NONE,996,NONE,0,-
2026-07-23 09:28:02,4055.5,NONE,NONE,NONE,945,NONE,0,-
2026-07-23 09:29:02,4056.5,NONE,NONE,NONE,966,NONE,0,-
2026-07-23 09:30:02,4059.4,NONE,NONE,NONE,1065,NONE,0,-
2026-07-23 09:31:02,4058.9,BEARISH,NONE,NONE,1046,NONE,0,-
2026-07-23 09:32:02,4059.1,BEARISH,NONE,NONE,1041,SELL,1,ABRE SELL
2026-07-23 09:33:02,4055.2,NONE,NONE,NONE,923,NONE,0,-
2026-07-23 09:34:02,4056.6,NONE,NONE,NONE,947,NONE,0,-
2026-07-23 09:35:02,4057.3,NONE,NONE,NONE,969,NONE,0,-
2026-07-23 09:36:02,4056.9,NONE,NONE,NONE,942,NONE,0,-
2026-07-23 09:37:02,4059.7,NONE,NONE,NONE,987,NONE,0,-
2026-07-23 09:38:02,4062.5,NONE,NONE,NONE,1159,NONE,0,-
2026-07-23 09:39:02,4060.7,NONE,NONE,NONE,1148,NONE,0,-
2026-07-23 09:40:02,4061.7,NONE,NONE,NONE,1183,NONE,0,-
2026-07-23 09:41:02,4061.3,NONE,NONE,NONE,1139,NONE,0,-
2026-07-23 09:42:02,4060.8,NONE,NONE,NONE,1106,NONE,0,-
2026-07-23 09:43:02,4060.3,NONE,NONE,NONE,1102,NONE,0,-
2026-07-23 09:44:02,4059.7,NONE,NONE,NONE,1097,NONE,0,-
2026-07-23 09:45:02,4060.1,NONE,NONE,NONE,1078,NONE,0,-
2026-07-23 09:46:02,4061.7,NONE,NONE,NONE,1122,NONE,0,-
2026-07-23 09:47:02,4063.4,NONE,NONE,NONE,1187,NONE,0,-
2026-07-23 09:48:02,4063.9,NONE,NONE,NONE,1193,NONE,0,-
2026-07-23 09:49:02,4062.9,BEARISH,NONE,NONE,1185,NONE,0,-
2026-07-23 09:50:02,4062.0,NONE,NONE,NONE,1169,NONE,0,-
2026-07-23 09:51:02,4062.7,NONE,NONE,NONE,1139,NONE,0,-
2026-07-23 09:52:02,4060.7,NONE,NONE,NONE,1060,NONE,0,-
2026-07-23 09:53:02,4062.5,NONE,NONE,NONE,1070,NONE,0,-
2026-07-23 09:54:01,4062.1,NONE,NONE,NONE,1072,NONE,0,-
2026-07-23 09:55:01,4059.7,NONE,NONE,NONE,1004,NONE,0,-
2026-07-23 09:56:01,4060.9,NONE,NONE,NONE,1001,NONE,0,-
2026-07-23 09:57:01,4059.9,NONE,NONE,NONE,1016,NONE,0,-
2026-07-23 09:58:01,4062.4,NONE,NONE,NONE,1030,NONE,0,CIERRE TIME(26m) mae=5.8
2026-07-23 09:59:01,4061.2,NONE,NONE,NONE,1024,NONE,0,-
2026-07-23 10:00:01,4061.4,NONE,NONE,NONE,1046,NONE,0,-
2026-07-23 10:01:02,4061.4,NONE,NONE,NONE,1038,NONE,0,-
2026-07-23 10:02:02,4060.1,NONE,NONE,NONE,1008,NONE,0,-
2026-07-23 10:03:02,4061.0,NONE,NONE,NONE,1018,NONE,0,-
2026-07-23 10:04:02,4061.0,NONE,NONE,NONE,1026,NONE,0,-
2026-07-23 10:05:02,4059.7,NONE,NONE,NONE,929,NONE,0,-
2026-07-23 10:06:02,4058.7,NONE,NONE,NONE,855,NONE,0,-
2026-07-23 10:07:02,4057.4,NONE,NONE,NONE,823,NONE,0,-
2026-07-23 10:08:02,4060.2,NONE,NONE,NONE,873,NONE,0,-
2026-07-23 10:09:02,4058.5,NONE,NONE,NONE,888,NONE,0,-
2026-07-23 10:10:02,4054.7,NONE,NONE,NONE,818,NONE,0,-
2026-07-23 10:11:02,4053.9,NONE,NONE,NONE,745,NONE,0,-
2026-07-23 10:12:01,4054.2,NONE,NONE,NONE,745,NONE,0,-
2026-07-23 10:13:01,4055.4,NONE,NONE,NONE,760,NONE,0,-
2026-07-23 10:14:01,4054.9,NONE,NONE,NONE,800,NONE,0,-
2026-07-23 10:15:01,4054.6,NONE,NONE,NONE,796,NONE,0,-
2026-07-23 10:16:01,4055.3,NONE,NONE,NONE,803,NONE,0,-
2026-07-23 10:17:02,4056.9,NONE,NONE,NONE,812,NONE,0,-
2026-07-23 10:18:02,4058.1,NONE,NONE,NONE,865,NONE,0,-
2026-07-23 10:19:02,4055.8,NONE,NONE,NONE,844,NONE,0,-
2026-07-23 10:20:02,4055.5,NONE,NONE,NONE,843,NONE,0,-
2026-07-23 10:21:02,4054.2,NONE,NONE,NONE,854,NONE,0,-
2026-07-23 10:22:02,4054.8,NONE,NONE,NONE,870,NONE,0,-
2026-07-23 10:23:02,4051.4,NONE,NONE,NONE,712,NONE,0,-
2026-07-23 10:24:02,4052.1,NONE,NONE,NONE,711,NONE,0,-
2026-07-23 10:25:02,4052.9,NONE,NONE,NONE,740,NONE,0,-
2026-07-23 10:26:02,4052.5,NONE,NONE,NONE,733,NONE,0,-
2026-07-23 10:27:03,4051.9,NONE,NONE,NONE,717,NONE,0,-
2026-07-23 10:28:02,4052.2,NONE,NONE,NONE,688,NONE,0,-
2026-07-23 10:29:02,4050.0,NONE,NONE,NONE,684,NONE,0,-
2026-07-23 10:30:02,4049.5,BULLISH,NONE,NONE,684,NONE,0,-
2026-07-23 10:31:02,4048.8,NONE,NONE,NONE,631,NONE,0,-
2026-07-23 10:32:02,4047.4,BULLISH,NONE,NONE,632,NONE,0,-
2026-07-23 10:33:02,4046.0,NONE,NONE,NONE,579,NONE,0,-
2026-07-23 10:34:02,4048.2,NONE,NONE,NONE,600,NONE,0,-
2026-07-23 10:35:02,4049.4,NONE,NONE,NONE,638,NONE,0,-
2026-07-23 10:36:02,4050.1,NONE,NONE,NONE,744,NONE,0,-
2026-07-23 10:37:02,4052.6,BEARISH,NONE,NONE,746,NONE,0,-
2026-07-23 10:38:02,4050.8,NONE,NONE,NONE,789,NONE,0,-
2026-07-23 10:39:02,4051.3,NONE,NONE,NONE,833,NONE,0,-
2026-07-23 10:40:02,4052.3,NONE,NONE,NONE,875,NONE,0,-
2026-07-23 10:41:02,4052.6,NONE,NONE,NONE,911,NONE,0,-
2026-07-23 10:42:02,4055.1,NONE,NONE,NONE,994,NONE,0,-
2026-07-23 10:43:02,4054.6,NONE,NONE,NONE,1003,NONE,0,-
2026-07-23 10:44:02,4052.7,NONE,NONE,NONE,987,NONE,0,-
2026-07-23 10:45:02,4050.6,BULLISH,NONE,NONE,936,NONE,0,-
2026-07-23 10:46:02,4052.0,NONE,NONE,NONE,895,NONE,0,-
2026-07-23 10:47:02,4052.7,NONE,NONE,NONE,944,NONE,0,-
2026-07-23 10:48:02,4052.6,NONE,NONE,NONE,944,NONE,0,-
2026-07-23 10:49:02,4052.8,NONE,NONE,NONE,937,NONE,0,-
2026-07-23 10:50:02,4051.9,NONE,NONE,NONE,910,NONE,0,-
2026-07-23 10:51:02,4051.9,NONE,NONE,NONE,935,NONE,0,-
2026-07-23 10:52:02,4050.6,NONE,NONE,NONE,798,NONE,0,-
2026-07-23 10:53:02,4050.2,NONE,NONE,NONE,799,NONE,0,-
2026-07-23 10:54:02,4051.9,NONE,NONE,NONE,827,NONE,0,-
2026-07-23 10:55:02,4053.2,BEARISH,NONE,NONE,875,NONE,0,-
2026-07-23 10:56:02,4053.1,NONE,NONE,NONE,871,NONE,0,-
2026-07-23 10:57:02,4051.5,NONE,NONE,NONE,887,NONE,0,-
2026-07-23 10:58:02,4049.7,NONE,NONE,NONE,873,NONE,0,-
2026-07-23 10:59:02,4050.5,BULLISH,NONE,NONE,888,NONE,0,-
2026-07-24 02:00:04,4037.7,NONE,NONE,NONE,25,NONE,0,-
2026-07-24 02:01:03,4040.5,NONE,NONE,NONE,79,NONE,0,-
2026-07-24 02:02:03,4040.0,NONE,NONE,NONE,63,NONE,0,-
2026-07-24 02:03:03,4041.3,NONE,NONE,NONE,289,NONE,0,-
2026-07-24 02:04:03,4041.1,NONE,NONE,NONE,236,NONE,0,-
2026-07-24 02:05:03,4041.0,NONE,NONE,NONE,266,NONE,0,-
2026-07-24 02:06:03,4042.4,NONE,NONE,NONE,287,NONE,0,-
2026-07-24 02:07:03,4044.2,NONE,NONE,NONE,429,NONE,0,-
2026-07-24 02:08:03,4044.2,NONE,NONE,NONE,433,NONE,0,-
2026-07-24 02:09:03,4046.0,NONE,NONE,NONE,521,NONE,0,-
2026-07-24 02:10:03,4048.6,NONE,NONE,NONE,551,NONE,0,-
2026-07-24 02:11:03,4048.4,NONE,NONE,NONE,565,NONE,0,-
2026-07-24 02:12:03,4047.6,NONE,NONE,NONE,549,NONE,0,-
2026-07-24 02:13:03,4049.0,NONE,NONE,NONE,530,NONE,0,-
2026-07-24 02:14:03,4049.4,NONE,NONE,NONE,565,NONE,0,-
2026-07-24 02:15:03,4047.2,NONE,NONE,NONE,549,NONE,0,-
2026-07-24 02:16:03,4047.8,BULLISH,NONE,NONE,538,NONE,0,-
2026-07-24 02:17:03,4047.8,NONE,NONE,NONE,548,NONE,0,-
2026-07-24 02:18:03,4048.7,BULLISH,NONE,NONE,557,NONE,0,-
2026-07-24 02:19:03,4048.7,NONE,NONE,NONE,555,NONE,0,-
2026-07-24 02:20:03,4049.9,NONE,NONE,NONE,596,NONE,0,-
2026-07-24 02:21:03,4048.9,NONE,NONE,NONE,610,NONE,0,-
2026-07-24 02:22:03,4051.4,NONE,NONE,NONE,696,NONE,0,-
2026-07-24 02:23:03,4051.2,NONE,NONE,NONE,710,NONE,0,-
2026-07-24 02:24:03,4049.9,NONE,NONE,NONE,687,NONE,0,-
2026-07-24 02:25:03,4050.6,NONE,NONE,NONE,700,NONE,0,-
2026-07-24 02:26:03,4052.3,NONE,NONE,NONE,751,NONE,0,-
2026-07-24 02:27:03,4051.6,NONE,NONE,NONE,765,NONE,0,-
2026-07-24 02:28:03,4052.4,NONE,NONE,NONE,776,NONE,0,-
2026-07-24 02:29:03,4051.9,NONE,NONE,NONE,780,NONE,0,-
2026-07-24 02:30:04,4051.7,NONE,NONE,NONE,766,NONE,0,-
2026-07-24 02:31:03,4053.2,NONE,NONE,NONE,800,NONE,0,-
2026-07-24 02:32:03,4052.2,NONE,NONE,NONE,845,NONE,0,-
2026-07-24 02:33:03,4051.5,BULLISH,NONE,NONE,765,NONE,0,-
2026-07-24 02:34:03,4053.6,NONE,NONE,NONE,837,NONE,0,-
2026-07-24 02:35:03,4055.1,NONE,NONE,NONE,1117,NONE,0,-
2026-07-24 02:36:03,4053.8,NONE,NONE,NONE,1059,NONE,0,-
2026-07-24 02:37:03,4053.5,NONE,NONE,NONE,1064,NONE,0,-
2026-07-24 02:38:03,4052.2,NONE,NONE,NONE,1050,NONE,0,-
2026-07-24 02:39:03,4050.6,NONE,NONE,NONE,1011,NONE,0,-
2026-07-24 02:40:03,4049.2,NONE,NONE,NONE,853,NONE,0,-
2026-07-24 02:41:03,4049.5,NONE,NONE,NONE,888,NONE,0,-
2026-07-24 02:42:03,4049.1,NONE,NONE,NONE,873,NONE,0,-
2026-07-24 02:43:03,4049.0,NONE,NONE,NONE,837,NONE,0,-
2026-07-24 02:44:03,4049.6,NONE,NONE,NONE,810,NONE,0,-
2026-07-24 02:45:03,4050.4,BEARISH,NONE,NONE,873,NONE,0,-
2026-07-24 02:46:03,4050.2,NONE,NONE,NONE,887,NONE,0,-
2026-07-24 02:47:03,4050.6,NONE,NONE,NONE,869,NONE,0,-
2026-07-24 02:48:03,4050.4,NONE,NONE,NONE,865,NONE,0,-
2026-07-24 02:49:03,4049.3,NONE,NONE,NONE,854,NONE,0,-
2026-07-24 02:50:03,4050.6,BULLISH,NONE,NONE,863,NONE,0,-
2026-07-24 02:51:03,4049.9,BULLISH,NONE,NONE,866,BUY,1,ABRE BUY
2026-07-24 02:52:03,4050.3,NONE,NONE,NONE,856,NONE,0,-
2026-07-24 02:53:03,4050.0,NONE,NONE,NONE,868,NONE,0,-
2026-07-24 02:54:03,4050.8,BEARISH,NONE,NONE,842,NONE,0,-
2026-07-24 02:55:03,4050.3,BEARISH,NONE,NONE,844,SELL,1,-
2026-07-24 02:56:03,4051.2,BEARISH,NONE,NONE,854,SELL,1,-
2026-07-24 02:57:03,4051.0,NONE,NONE,NONE,849,NONE,0,-
2026-07-24 02:58:03,4052.2,NONE,NONE,NONE,903,NONE,0,-
2026-07-24 02:59:03,4050.9,NONE,NONE,NONE,879,NONE,0,-
2026-07-24 03:00:04,4051.3,NONE,NONE,NONE,912,NONE,0,-
2026-07-24 03:01:03,4051.8,NONE,NONE,NONE,920,NONE,0,-
2026-07-24 03:02:03,4050.6,BULLISH,NONE,NONE,916,NONE,0,-
2026-07-24 03:03:03,4049.4,BULLISH,NONE,NONE,897,BUY,1,-
2026-07-24 03:04:03,4049.4,BULLISH,NONE,NONE,905,BUY,1,-
2026-07-24 03:05:03,4049.7,NONE,NONE,NONE,921,NONE,0,-
2026-07-24 03:06:03,4047.8,NONE,NONE,NONE,855,NONE,0,-
2026-07-24 03:07:03,4048.0,NONE,BUY,NONE,784,NONE,0,-
2026-07-24 03:08:03,4049.5,NONE,NONE,NONE,793,NONE,0,-
2026-07-24 03:09:03,4049.1,NONE,NONE,NONE,794,NONE,0,-
2026-07-24 03:10:03,4049.7,BEARISH,NONE,NONE,803,NONE,0,-
2026-07-24 03:11:03,4049.6,NONE,NONE,NONE,802,NONE,0,-
2026-07-24 03:12:03,4049.2,NONE,NONE,NONE,797,NONE,0,-
2026-07-24 03:13:03,4048.8,NONE,NONE,NONE,797,NONE,0,-
2026-07-24 03:14:03,4049.0,NONE,NONE,NONE,782,NONE,0,-
2026-07-24 03:15:03,4048.8,NONE,NONE,NONE,779,NONE,0,-
2026-07-24 03:16:03,4048.9,NONE,NONE,NONE,768,NONE,0,CIERRE TIME(25m) mae=2.8
2026-07-24 03:17:03,4050.2,NONE,NONE,NONE,741,NONE,0,-
2026-07-24 03:18:03,4048.6,NONE,SELL,NONE,944,NONE,0,-
2026-07-24 03:19:03,4047.8,BULLISH,NONE,NONE,930,NONE,0,-
2026-07-24 03:20:03,4049.3,NONE,NONE,NONE,947,NONE,0,-
2026-07-24 03:21:03,4050.3,NONE,NONE,NONE,948,NONE,0,-
2026-07-24 03:22:03,4049.2,NONE,NONE,NONE,972,NONE,0,-
2026-07-24 03:23:03,4050.0,NONE,NONE,NONE,975,NONE,0,-
2026-07-24 03:24:03,4050.1,NONE,NONE,NONE,997,NONE,0,-
2026-07-24 03:25:03,4048.9,NONE,NONE,NONE,993,NONE,0,-
2026-07-24 03:26:03,4049.4,BULLISH,NONE,NONE,1008,NONE,0,-
2026-07-24 03:27:03,4050.9,NONE,NONE,NONE,1055,NONE,0,-
2026-07-24 03:28:03,4052.0,NONE,NONE,NONE,1098,NONE,0,-
2026-07-24 03:29:03,4051.6,NONE,NONE,NONE,1127,NONE,0,-
2026-07-24 03:30:04,4054.4,NONE,NONE,NONE,1242,NONE,0,-
2026-07-24 03:31:03,4054.5,NONE,NONE,NONE,1281,NONE,0,-
2026-07-24 03:32:03,4053.7,NONE,NONE,NONE,1278,NONE,0,-
2026-07-24 03:33:03,4053.4,NONE,NONE,NONE,1272,NONE,0,-
2026-07-24 03:34:03,4053.9,NONE,NONE,NONE,1302,NONE,0,-
2026-07-24 03:35:03,4052.5,NONE,NONE,NONE,1269,NONE,0,-
2026-07-24 03:36:03,4053.0,NONE,NONE,NONE,1155,NONE,0,-
2026-07-24 03:37:03,4054.7,NONE,NONE,NONE,1275,NONE,0,-
2026-07-24 03:38:03,4054.8,BEARISH,NONE,NONE,1206,NONE,0,-
2026-07-24 03:39:03,4054.8,NONE,SELL,NONE,1366,NONE,0,-
2026-07-24 03:40:03,4055.3,NONE,NONE,NONE,1376,NONE,0,-
2026-07-24 03:41:03,4056.6,BEARISH,NONE,NONE,1329,NONE,0,-
2026-07-24 03:42:03,4056.4,NONE,NONE,NONE,1345,NONE,0,-
2026-07-24 03:43:03,4057.5,NONE,NONE,NONE,1435,NONE,0,-
2026-07-24 03:44:03,4057.8,NONE,NONE,NONE,1486,NONE,0,-
2026-07-24 03:45:03,4057.4,NONE,NONE,NONE,1502,NONE,0,-
2026-07-24 03:46:03,4056.2,NONE,NONE,NONE,1507,NONE,0,-
2026-07-24 03:47:03,4056.3,BULLISH,NONE,NONE,1511,NONE,0,-
2026-07-24 03:48:03,4055.0,NONE,NONE,NONE,1398,NONE,0,-
2026-07-24 03:49:03,4056.0,NONE,NONE,NONE,1324,NONE,0,-
2026-07-24 03:50:03,4057.1,NONE,NONE,NONE,1377,NONE,0,-
2026-07-24 03:51:03,4057.3,NONE,SELL,NONE,1525,NONE,0,-
2026-07-24 03:52:03,4058.7,NONE,NONE,NONE,1649,NONE,0,-
2026-07-24 03:53:03,4059.4,NONE,NONE,NONE,1664,NONE,0,-
2026-07-24 03:54:03,4059.1,NONE,NONE,NONE,1689,NONE,0,-
2026-07-24 03:55:03,4059.0,NONE,NONE,NONE,1685,NONE,0,-
2026-07-24 03:56:03,4059.5,NONE,NONE,NONE,1697,NONE,0,-
2026-07-24 03:57:03,4059.6,NONE,NONE,NONE,1743,NONE,0,-
2026-07-24 03:58:03,4059.5,NONE,NONE,NONE,1753,NONE,0,-
2026-07-24 03:59:03,4059.1,NONE,NONE,NONE,1746,NONE,0,-
2026-07-24 04:00:04,4060.3,BEARISH,NONE,NONE,1746,NONE,0,-
2026-07-24 04:01:03,4061.3,NONE,NONE,NONE,1836,NONE,0,-
2026-07-24 04:02:03,4062.0,NONE,NONE,NONE,1869,NONE,0,-
2026-07-24 04:03:03,4062.2,NONE,NONE,NONE,2047,NONE,0,-
2026-07-24 04:04:03,4060.2,NONE,NONE,NONE,2037,NONE,0,-
2026-07-24 04:05:03,4059.4,BULLISH,NONE,NONE,1839,NONE,0,-
2026-07-24 04:06:03,4058.2,NONE,NONE,NONE,1854,NONE,0,-
2026-07-24 04:07:03,4058.4,BULLISH,NONE,NONE,1869,NONE,0,-
2026-07-24 04:08:03,4059.0,NONE,NONE,NONE,1850,NONE,0,-
2026-07-24 04:09:03,4059.1,NONE,NONE,NONE,1858,NONE,0,-
2026-07-24 04:10:03,4060.4,NONE,NONE,NONE,2059,NONE,0,-
2026-07-24 04:11:03,4058.9,NONE,NONE,NONE,2059,NONE,0,-
2026-07-24 04:12:03,4057.2,BULLISH,NONE,NONE,1902,NONE,0,-
2026-07-24 04:13:03,4056.3,NONE,NONE,NONE,1651,NONE,0,-
2026-07-24 04:14:03,4056.8,NONE,NONE,NONE,1640,NONE,0,-
2026-07-24 04:15:03,4057.1,NONE,NONE,NONE,1655,NONE,0,-
2026-07-24 04:16:03,4056.2,NONE,NONE,NONE,1637,NONE,0,-
2026-07-24 04:17:03,4057.5,NONE,NONE,NONE,1667,NONE,0,-
2026-07-24 04:18:03,4057.4,NONE,NONE,NONE,1692,NONE,0,-
2026-07-24 04:19:03,4056.4,NONE,NONE,NONE,1995,NONE,0,-
2026-07-24 04:20:03,4057.2,NONE,NONE,NONE,1981,NONE,0,-
2026-07-24 04:21:03,4056.7,NONE,NONE,NONE,1990,NONE,0,-
2026-07-24 04:22:03,4057.3,NONE,NONE,NONE,1986,NONE,0,-
2026-07-24 04:23:03,4056.5,BULLISH,NONE,NONE,1952,NONE,0,-
2026-07-24 04:24:03,4057.5,NONE,NONE,NONE,1983,NONE,0,-
2026-07-24 04:25:03,4057.2,NONE,NONE,NONE,1980,NONE,0,-
2026-07-24 04:26:03,4058.2,BEARISH,NONE,NONE,1989,NONE,0,-
2026-07-24 04:27:03,4058.0,BEARISH,NONE,NONE,1916,SELL,1,ABRE SELL
2026-07-24 04:28:03,4057.3,BEARISH,NONE,NONE,1886,SELL,1,-
2026-07-24 04:29:03,4056.9,NONE,NONE,NONE,1867,NONE,0,-
2026-07-24 04:30:04,4055.9,NONE,NONE,NONE,1849,NONE,0,-
2026-07-24 04:31:03,4055.4,NONE,NONE,NONE,1804,NONE,0,-
2026-07-24 04:32:03,4055.3,NONE,NONE,NONE,1774,NONE,0,-
2026-07-24 04:33:03,4056.3,NONE,NONE,NONE,1780,NONE,0,-
2026-07-24 04:34:03,4056.8,NONE,NONE,NONE,1812,NONE,0,-
2026-07-24 04:35:03,4056.7,BEARISH,NONE,NONE,1725,NONE,0,-
2026-07-24 04:36:03,4056.3,BEARISH,NONE,NONE,1717,SELL,1,-
2026-07-24 04:37:03,4056.7,BEARISH,NONE,NONE,1726,SELL,1,-
2026-07-24 04:38:03,4057.7,NONE,NONE,NONE,1733,NONE,0,-
2026-07-24 04:39:03,4057.4,BEARISH,NONE,NONE,1747,NONE,0,-
2026-07-24 04:40:03,4057.8,NONE,NONE,NONE,1771,NONE,0,-
2026-07-24 04:41:03,4057.5,NONE,NONE,NONE,1770,NONE,0,-
2026-07-24 04:42:03,4058.1,NONE,NONE,NONE,1830,NONE,0,-
2026-07-24 04:43:03,4058.8,NONE,NONE,NONE,1908,NONE,0,-
2026-07-24 04:44:03,4057.4,NONE,NONE,NONE,1885,NONE,0,-
2026-07-24 04:45:03,4058.1,NONE,NONE,NONE,1890,NONE,0,-
2026-07-24 04:46:03,4058.5,NONE,NONE,NONE,1898,NONE,0,-
2026-07-24 04:47:03,4058.0,NONE,NONE,NONE,1892,NONE,0,-
2026-07-24 04:48:03,4058.2,NONE,NONE,NONE,1887,NONE,0,-
2026-07-24 04:49:03,4058.2,NONE,NONE,NONE,1904,NONE,0,-
2026-07-24 04:50:03,4058.1,NONE,NONE,NONE,1914,NONE,0,-
2026-07-24 04:51:03,4057.7,NONE,NONE,NONE,1904,NONE,0,-
2026-07-24 04:52:03,4057.6,BULLISH,NONE,NONE,1927,NONE,0,CIERRE TIME(25m) mae=1.7
2026-07-24 04:53:03,4059.8,NONE,NONE,NONE,1941,NONE,0,-
2026-07-24 04:54:03,4060.9,NONE,NONE,NONE,2029,NONE,0,-
2026-07-24 04:55:03,4061.1,NONE,NONE,NONE,1994,NONE,0,-
2026-07-24 04:56:03,4061.6,NONE,NONE,NONE,2028,NONE,0,-
2026-07-24 04:57:03,4062.0,NONE,NONE,NONE,2053,NONE,0,-
2026-07-24 04:58:03,4062.0,BEARISH,NONE,NONE,2008,NONE,0,-
2026-07-24 04:59:03,4062.2,BEARISH,NONE,NONE,2026,SELL,1,ABRE SELL
2026-07-24 05:00:04,4062.8,BEARISH,NONE,NONE,2055,SELL,1,-
2026-07-24 05:01:03,4062.5,BEARISH,NONE,NONE,2042,SELL,1,-
2026-07-24 05:02:03,4061.7,NONE,NONE,NONE,2000,NONE,0,-
2026-07-24 05:03:03,4062.0,NONE,NONE,NONE,1994,NONE,0,-
2026-07-24 05:04:03,4062.8,NONE,NONE,NONE,2014,NONE,0,-
2026-07-24 05:05:03,4063.0,NONE,SELL,NONE,2195,NONE,0,-
2026-07-24 05:06:03,4062.7,NONE,NONE,NONE,2177,NONE,0,-
2026-07-24 05:07:03,4062.2,NONE,NONE,NONE,2135,NONE,0,-
2026-07-24 05:08:03,4062.1,NONE,NONE,NONE,2094,NONE,0,-
2026-07-24 05:09:03,4062.4,NONE,NONE,NONE,2133,NONE,0,-
2026-07-24 05:10:03,4063.2,NONE,NONE,NONE,2117,NONE,0,-
2026-07-24 05:11:03,4061.6,BEARISH,NONE,NONE,2105,NONE,0,-
2026-07-24 05:12:03,4062.2,BEARISH,NONE,NONE,2123,SELL,1,-
2026-07-24 05:13:03,4061.3,NONE,NONE,NONE,2119,NONE,0,-
2026-07-24 05:14:03,4061.2,BULLISH,NONE,NONE,2133,NONE,0,-
2026-07-24 05:15:03,4061.0,BULLISH,NONE,NONE,2127,BUY,1,-
2026-07-24 05:16:03,4061.5,BULLISH,NONE,NONE,2126,BUY,1,-
2026-07-24 05:17:03,4062.3,BULLISH,NONE,NONE,2146,BUY,1,-
2026-07-24 05:18:03,4063.5,NONE,NONE,NONE,2208,NONE,0,-
2026-07-24 05:19:03,4063.1,NONE,SELL,NONE,2339,NONE,0,-
2026-07-24 05:20:03,4062.3,NONE,NONE,NONE,2329,NONE,0,-
2026-07-24 05:21:03,4062.5,NONE,NONE,NONE,2340,NONE,0,-
2026-07-24 05:22:03,4062.3,NONE,NONE,NONE,2340,NONE,0,-
2026-07-24 05:23:03,4063.5,NONE,NONE,NONE,2357,NONE,0,-
2026-07-24 05:24:03,4063.9,NONE,NONE,NONE,2376,NONE,0,CIERRE TIME(25m) mae=3.1
2026-07-24 05:25:03,4063.2,NONE,NONE,NONE,2371,NONE,0,-
2026-07-24 05:26:03,4062.6,NONE,NONE,NONE,2366,NONE,0,-
2026-07-24 05:27:03,4063.7,NONE,NONE,NONE,2405,NONE,0,-
2026-07-24 05:28:03,4066.2,NONE,NONE,NONE,2514,NONE,0,-
2026-07-24 05:29:03,4066.0,NONE,NONE,NONE,2529,NONE,0,-
2026-07-24 05:30:04,4064.4,NONE,NONE,NONE,2516,NONE,0,-
2026-07-24 05:31:03,4066.2,NONE,NONE,NONE,2529,NONE,0,-
2026-07-24 05:32:03,4065.9,NONE,NONE,NONE,2495,NONE,0,-
2026-07-24 05:33:03,4066.0,NONE,NONE,NONE,2514,NONE,0,-
2026-07-24 05:34:03,4064.9,BEARISH,NONE,NONE,2509,NONE,0,-
2026-07-24 05:35:03,4064.2,BULLISH,NONE,NONE,2501,NONE,0,-
2026-07-24 05:36:03,4063.8,BULLISH,NONE,NONE,2414,BUY,1,ABRE BUY
2026-07-24 05:37:03,4063.7,NONE,NONE,NONE,2419,NONE,0,-
2026-07-24 05:38:03,4064.1,NONE,NONE,NONE,2407,NONE,0,-
2026-07-24 05:39:03,4063.6,NONE,NONE,NONE,2409,NONE,0,-
2026-07-24 05:40:03,4062.6,NONE,NONE,NONE,2387,NONE,0,-
2026-07-24 05:41:03,4061.8,NONE,NONE,NONE,2246,NONE,0,-
2026-07-24 05:42:03,4062.3,NONE,NONE,NONE,2242,NONE,0,-
2026-07-24 05:43:03,4062.0,NONE,NONE,NONE,2237,NONE,0,-
2026-07-24 05:44:03,4061.8,NONE,NONE,NONE,2232,NONE,0,-
2026-07-24 05:45:03,4060.8,NONE,NONE,NONE,2190,NONE,0,-
2026-07-24 05:46:03,4061.3,NONE,NONE,NONE,2201,NONE,0,-
2026-07-24 05:47:03,4061.2,NONE,NONE,NONE,2190,NONE,0,-
2026-07-24 05:48:03,4061.4,NONE,NONE,NONE,2194,NONE,0,-
2026-07-24 05:49:03,4060.4,NONE,NONE,NONE,2185,NONE,0,-
2026-07-24 05:50:03,4061.3,BULLISH,NONE,NONE,2203,NONE,0,-
2026-07-24 05:51:03,4061.5,NONE,NONE,NONE,2228,NONE,0,-
2026-07-24 05:52:03,4061.7,NONE,NONE,NONE,2272,NONE,0,-
2026-07-24 05:53:03,4061.6,NONE,NONE,NONE,2284,NONE,0,-
2026-07-24 05:54:03,4060.0,BULLISH,NONE,NONE,2193,NONE,0,-
2026-07-24 05:55:03,4059.9,NONE,NONE,NONE,2135,NONE,0,-
2026-07-24 05:56:03,4061.0,NONE,NONE,NONE,2135,NONE,0,-
2026-07-24 05:57:03,4061.4,NONE,NONE,NONE,2139,NONE,0,-
2026-07-24 05:58:03,4062.0,NONE,NONE,NONE,2157,NONE,0,-
2026-07-24 05:59:03,4062.3,NONE,NONE,NONE,2156,NONE,0,-
2026-07-24 06:00:05,4062.0,NONE,NONE,NONE,2165,NONE,0,-
2026-07-24 06:01:03,4061.2,BEARISH,NONE,NONE,2161,NONE,0,CIERRE TIME(25m) mae=4.6
2026-07-24 06:02:03,4063.0,BEARISH,NONE,NONE,2161,SELL,1,ABRE SELL
2026-07-24 06:03:03,4061.8,BEARISH,NONE,NONE,2157,SELL,1,-
2026-07-24 06:04:03,4064.8,NONE,NONE,NONE,2242,NONE,0,-
2026-07-24 06:05:03,4064.3,NONE,NONE,NONE,2240,NONE,0,-
2026-07-24 06:06:03,4064.8,NONE,NONE,NONE,2248,NONE,0,-
2026-07-24 06:07:03,4064.2,NONE,NONE,NONE,2237,NONE,0,-
2026-07-24 06:08:03,4063.8,NONE,NONE,NONE,2215,NONE,0,-
2026-07-24 06:09:03,4062.9,NONE,NONE,NONE,2202,NONE,0,-
2026-07-24 06:10:03,4063.4,NONE,NONE,NONE,2211,NONE,0,-
2026-07-24 06:11:03,4063.0,NONE,NONE,NONE,2214,NONE,0,-
2026-07-24 06:12:03,4063.1,NONE,NONE,NONE,2208,NONE,0,-
2026-07-24 06:13:03,4062.9,NONE,NONE,NONE,2207,NONE,0,-
2026-07-24 06:14:03,4062.9,NONE,NONE,NONE,2197,NONE,0,-
2026-07-24 06:15:03,4063.5,BEARISH,NONE,NONE,2202,NONE,0,-
2026-07-24 06:16:03,4063.6,NONE,NONE,NONE,2223,NONE,0,-
2026-07-24 06:17:03,4063.8,NONE,NONE,NONE,2208,NONE,0,-
2026-07-24 06:18:03,4063.2,NONE,NONE,NONE,2192,NONE,0,-
2026-07-24 06:19:03,4063.1,NONE,NONE,NONE,2202,NONE,0,-
2026-07-24 06:20:03,4063.4,BULLISH,BUY,NONE,2194,NONE,0,-
2026-07-24 06:21:03,4063.1,NONE,NONE,NONE,2183,NONE,0,-
2026-07-24 06:22:03,4063.0,NONE,NONE,NONE,2204,NONE,0,-
2026-07-24 06:23:03,4062.8,NONE,NONE,NONE,2189,NONE,0,-
2026-07-24 06:24:03,4064.1,BEARISH,NONE,NONE,2191,NONE,0,-
2026-07-24 06:25:03,4063.9,BEARISH,NONE,NONE,2190,SELL,1,-
2026-07-24 06:26:03,4062.8,NONE,NONE,NONE,2190,NONE,0,-
2026-07-24 06:27:03,4061.4,NONE,NONE,NONE,2142,NONE,0,CIERRE TIME(25m) mae=3.1
2026-07-24 06:28:03,4061.8,NONE,NONE,NONE,2140,NONE,0,-
2026-07-24 06:29:03,4061.8,NONE,NONE,NONE,2140,NONE,0,-
2026-07-24 06:30:04,4061.7,NONE,NONE,NONE,2144,NONE,0,-
2026-07-24 06:31:03,4061.0,NONE,NONE,NONE,2117,NONE,0,-
2026-07-24 06:32:03,4061.1,NONE,NONE,NONE,2118,NONE,0,-
2026-07-24 06:33:03,4062.1,NONE,NONE,NONE,2158,NONE,0,-
2026-07-24 06:34:03,4062.0,NONE,NONE,NONE,2154,NONE,0,-
2026-07-24 06:35:03,4062.1,NONE,NONE,NONE,2121,NONE,0,-
2026-07-24 06:36:03,4060.8,NONE,NONE,NONE,2117,NONE,0,-
2026-07-24 06:37:03,4062.0,NONE,NONE,NONE,2106,NONE,0,-
2026-07-24 06:38:03,4060.4,NONE,NONE,NONE,2096,NONE,0,-
2026-07-24 06:39:03,4059.8,NONE,NONE,NONE,2070,NONE,0,-
2026-07-24 06:40:03,4059.4,NONE,NONE,NONE,2032,NONE,0,-
2026-07-24 06:41:03,4058.9,NONE,NONE,NONE,1987,NONE,0,-
2026-07-24 06:42:03,4059.3,NONE,NONE,NONE,1978,NONE,0,-
2026-07-24 06:43:03,4058.8,NONE,NONE,NONE,1897,NONE,0,-
2026-07-24 06:44:03,4057.8,NONE,NONE,NONE,1851,NONE,0,-
2026-07-24 06:45:03,4058.8,NONE,NONE,NONE,1827,NONE,0,-
2026-07-24 06:46:03,4058.7,NONE,NONE,NONE,1832,NONE,0,-
2026-07-24 06:47:03,4057.8,NONE,NONE,NONE,1809,NONE,0,-
2026-07-24 06:48:03,4057.4,NONE,NONE,NONE,1822,NONE,0,-
2026-07-24 06:49:03,4056.4,NONE,NONE,NONE,1768,NONE,0,-
2026-07-24 06:50:03,4057.3,NONE,NONE,NONE,1776,NONE,0,-
2026-07-24 06:51:03,4056.8,BULLISH,NONE,NONE,1770,NONE,0,-
2026-07-24 06:52:03,4056.4,NONE,NONE,NONE,1767,NONE,0,-
2026-07-24 06:53:03,4055.8,NONE,NONE,NONE,1759,NONE,0,-
2026-07-24 06:54:03,4055.1,NONE,NONE,NONE,1730,NONE,0,-
2026-07-24 06:55:03,4055.0,NONE,NONE,NONE,1724,NONE,0,-
2026-07-24 06:56:03,4054.7,NONE,NONE,NONE,1711,NONE,0,-
2026-07-24 06:57:03,4054.4,NONE,NONE,NONE,1647,NONE,0,-
2026-07-24 06:58:03,4053.8,BULLISH,NONE,NONE,1663,NONE,0,-
2026-07-24 06:59:03,4059.8,NONE,NONE,NONE,1804,NONE,0,-
2026-07-24 07:00:04,4059.8,NONE,NONE,NONE,1892,NONE,0,-
2026-07-24 07:01:03,4059.2,NONE,NONE,NONE,1914,NONE,0,-
2026-07-24 07:02:03,4055.9,NONE,NONE,NONE,1907,NONE,0,-
2026-07-24 07:03:03,4056.3,NONE,NONE,NONE,1871,NONE,0,-
2026-07-24 07:04:03,4056.7,NONE,NONE,NONE,1909,NONE,0,-
2026-07-24 07:05:03,4056.2,NONE,NONE,NONE,1892,NONE,0,-
2026-07-24 07:06:03,4056.4,NONE,NONE,NONE,1893,NONE,0,-
2026-07-24 07:07:03,4057.0,NONE,NONE,NONE,1905,NONE,0,-
2026-07-24 07:08:03,4058.0,NONE,NONE,NONE,1927,NONE,0,-
2026-07-24 07:09:03,4058.5,BEARISH,NONE,NONE,1917,NONE,0,-
2026-07-24 07:10:03,4059.0,BEARISH,NONE,NONE,1908,SELL,1,ABRE SELL
2026-07-24 07:11:03,4058.9,NONE,NONE,NONE,1920,NONE,0,-
2026-07-24 07:12:03,4058.7,NONE,NONE,NONE,1914,NONE,0,-
2026-07-24 07:13:03,4058.7,NONE,NONE,NONE,1931,NONE,0,-
2026-07-24 07:14:03,4058.0,NONE,NONE,NONE,1929,NONE,0,-
2026-07-24 07:15:03,4059.1,NONE,NONE,NONE,1959,NONE,0,-
2026-07-24 07:16:03,4058.7,NONE,NONE,NONE,1935,NONE,0,-
2026-07-24 07:17:03,4059.5,NONE,NONE,NONE,1961,NONE,0,-
2026-07-24 07:18:03,4059.3,NONE,NONE,NONE,1951,NONE,0,-
2026-07-24 07:19:03,4059.3,NONE,NONE,NONE,1969,NONE,0,-
2026-07-24 07:20:03,4058.1,NONE,NONE,NONE,1948,NONE,0,-
2026-07-24 07:21:03,4058.1,NONE,NONE,NONE,1929,NONE,0,-
2026-07-24 07:22:03,4057.8,NONE,NONE,NONE,1903,NONE,0,-
2026-07-24 07:23:03,4058.2,BULLISH,NONE,NONE,1921,NONE,0,-
2026-07-24 07:24:03,4060.2,BEARISH,NONE,NONE,1988,NONE,0,-
2026-07-24 07:25:03,4061.3,NONE,NONE,NONE,2075,NONE,0,-
2026-07-24 07:26:03,4060.7,NONE,NONE,NONE,2079,NONE,0,-
2026-07-24 07:27:03,4062.1,NONE,NONE,NONE,2125,NONE,0,-
2026-07-24 07:28:03,4062.2,NONE,NONE,NONE,2149,NONE,0,-
2026-07-24 07:29:03,4062.1,NONE,NONE,NONE,2142,NONE,0,-
2026-07-24 07:30:04,4062.2,NONE,NONE,NONE,2142,NONE,0,-
2026-07-24 07:31:03,4061.5,NONE,NONE,NONE,2169,NONE,0,-
2026-07-24 07:32:03,4059.3,BULLISH,NONE,NONE,2136,NONE,0,-
2026-07-24 07:33:03,4059.8,NONE,NONE,NONE,2121,NONE,0,-
2026-07-24 07:34:03,4060.5,NONE,NONE,NONE,2177,NONE,0,-
2026-07-24 07:35:03,4059.9,NONE,NONE,NONE,2156,NONE,0,CIERRE TIME(25m) mae=4.0
2026-07-24 07:36:03,4060.2,NONE,NONE,NONE,2179,NONE,0,-
2026-07-24 07:37:03,4059.8,NONE,NONE,NONE,2183,NONE,0,-
2026-07-24 07:38:03,4059.4,NONE,NONE,NONE,2178,NONE,0,-
2026-07-24 07:39:03,4058.6,NONE,NONE,NONE,2113,NONE,0,-
2026-07-24 07:40:03,4058.4,NONE,NONE,NONE,2159,NONE,0,-
2026-07-24 07:41:03,4058.2,NONE,NONE,NONE,2162,NONE,0,-
2026-07-24 07:42:03,4055.5,NONE,NONE,NONE,2074,NONE,0,-
2026-07-24 07:43:03,4055.3,NONE,NONE,NONE,1989,NONE,0,-
2026-07-24 07:44:03,4055.6,NONE,NONE,NONE,2015,NONE,0,-
2026-07-24 07:45:03,4057.5,NONE,NONE,NONE,2077,NONE,0,-
2026-07-24 07:46:03,4058.4,NONE,NONE,NONE,2089,NONE,0,-
2026-07-24 07:47:03,4055.6,NONE,NONE,NONE,2046,NONE,0,-
2026-07-24 07:48:03,4054.9,NONE,NONE,NONE,1965,NONE,0,-
2026-07-24 07:49:03,4056.1,NONE,NONE,NONE,1993,NONE,0,-
2026-07-24 07:50:03,4056.6,NONE,NONE,NONE,1992,NONE,0,-
2026-07-24 07:51:03,4056.7,NONE,NONE,NONE,2009,NONE,0,-
2026-07-24 07:52:03,4057.1,NONE,NONE,NONE,2019,NONE,0,-
2026-07-24 07:53:03,4057.5,NONE,NONE,NONE,2015,NONE,0,-
2026-07-24 07:54:03,4057.8,NONE,NONE,NONE,2030,NONE,0,-
2026-07-24 07:55:03,4058.0,NONE,NONE,NONE,2045,NONE,0,-
2026-07-24 07:56:03,4056.8,NONE,NONE,NONE,2043,NONE,0,-
2026-07-24 07:57:03,4054.5,NONE,NONE,NONE,2000,NONE,0,-
2026-07-24 07:58:03,4054.9,NONE,NONE,NONE,1994,NONE,0,-
2026-07-24 07:59:03,4056.1,NONE,NONE,NONE,2023,NONE,0,-
2026-07-24 08:00:04,4058.5,NONE,NONE,NONE,2106,NONE,0,-
2026-07-24 08:01:03,4058.8,NONE,NONE,NONE,2164,NONE,0,-
2026-07-24 08:02:03,4056.1,NONE,NONE,NONE,2098,NONE,0,-
2026-07-24 08:03:03,4057.0,NONE,NONE,NONE,2035,NONE,0,-
2026-07-24 08:04:03,4055.5,NONE,NONE,NONE,1954,NONE,0,-
2026-07-24 08:05:03,4054.5,NONE,NONE,NONE,1960,NONE,0,-
2026-07-24 08:06:03,4053.0,NONE,NONE,NONE,1811,NONE,0,-
2026-07-24 08:07:03,4050.9,NONE,NONE,NONE,1725,NONE,0,-
2026-07-24 08:08:03,4050.4,NONE,BUY,NONE,1626,NONE,0,-
2026-07-24 08:09:03,4050.0,NONE,NONE,NONE,1621,NONE,0,-
2026-07-24 08:10:03,4049.2,NONE,NONE,NONE,1564,NONE,0,-
2026-07-24 08:11:03,4049.4,NONE,NONE,NONE,1537,NONE,0,-
2026-07-24 08:12:03,4049.7,NONE,NONE,NONE,1501,NONE,0,-
2026-07-24 08:13:03,4051.7,NONE,NONE,NONE,1692,NONE,0,-
2026-07-24 08:14:03,4050.5,NONE,NONE,NONE,1626,NONE,0,-
2026-07-24 08:15:03,4050.8,NONE,NONE,NONE,1600,NONE,0,-
2026-07-24 08:16:03,4048.6,NONE,NONE,NONE,1529,NONE,0,-
2026-07-24 08:17:03,4048.2,BULLISH,NONE,NONE,1509,NONE,0,-
2026-07-24 08:18:03,4048.8,NONE,NONE,NONE,1508,NONE,0,-
2026-07-24 08:19:03,4047.2,NONE,NONE,NONE,1436,NONE,0,-
2026-07-24 08:20:03,4049.4,NONE,NONE,NONE,1484,NONE,0,-
2026-07-24 08:21:03,4048.5,NONE,NONE,NONE,1468,NONE,0,-
2026-07-24 08:22:03,4050.2,NONE,NONE,NONE,1538,NONE,0,-
2026-07-24 08:23:03,4049.6,NONE,NONE,NONE,1606,NONE,0,-
2026-07-24 08:24:03,4049.9,NONE,NONE,NONE,1620,NONE,0,-
2026-07-24 08:25:03,4050.0,NONE,NONE,NONE,1545,NONE,0,-
2026-07-24 08:26:03,4048.6,NONE,NONE,NONE,1530,NONE,0,-
2026-07-24 08:27:03,4049.3,NONE,NONE,NONE,1506,NONE,0,-
2026-07-24 08:28:03,4050.7,NONE,NONE,NONE,1521,NONE,0,-
2026-07-24 08:29:03,4050.7,NONE,NONE,NONE,1491,NONE,0,-
2026-07-24 08:30:04,4050.0,NONE,NONE,NONE,-26,NONE,0,-
2026-07-24 08:31:03,4049.1,NONE,NONE,NONE,27,NONE,0,-
2026-07-24 08:32:03,4051.9,NONE,NONE,NONE,197,NONE,0,-
2026-07-24 08:33:03,4050.2,NONE,NONE,NONE,221,NONE,0,-
2026-07-24 08:34:03,4052.5,NONE,NONE,NONE,255,NONE,0,-
2026-07-24 08:35:03,4052.2,NONE,NONE,NONE,269,NONE,0,-
2026-07-24 08:36:03,4053.9,NONE,NONE,NONE,414,NONE,0,-
2026-07-24 08:37:03,4054.7,BEARISH,NONE,NONE,399,NONE,0,-
2026-07-24 08:38:03,4057.4,NONE,NONE,NONE,653,NONE,0,-
2026-07-24 08:39:03,4057.8,NONE,NONE,NONE,680,NONE,0,-
2026-07-24 08:40:03,4058.3,NONE,NONE,NONE,714,NONE,0,-
2026-07-24 08:41:03,4056.3,BEARISH,NONE,NONE,627,NONE,0,-
2026-07-24 08:42:03,4056.2,NONE,NONE,NONE,556,NONE,0,-
2026-07-24 08:43:03,4054.6,NONE,NONE,NONE,452,NONE,0,-
2026-07-24 08:44:03,4053.9,NONE,NONE,NONE,499,NONE,0,-
2026-07-24 08:45:03,4052.5,NONE,NONE,NONE,323,NONE,0,-
2026-07-24 08:46:03,4055.1,NONE,NONE,NONE,390,NONE,0,-
2026-07-24 08:47:03,4057.9,BEARISH,NONE,NONE,533,NONE,0,-
2026-07-24 08:48:03,4057.8,NONE,NONE,NONE,566,NONE,0,-
2026-07-24 08:49:03,4063.1,NONE,NONE,NONE,888,NONE,0,-
2026-07-24 08:50:03,4060.3,NONE,NONE,NONE,894,NONE,0,-
2026-07-24 08:51:03,4060.9,NONE,NONE,NONE,853,NONE,0,-
2026-07-24 08:52:03,4059.1,NONE,NONE,NONE,796,NONE,0,-
2026-07-24 08:53:03,4060.9,NONE,NONE,NONE,993,NONE,0,-
2026-07-24 08:54:03,4060.6,NONE,NONE,NONE,962,NONE,0,-
2026-07-24 08:55:03,4062.4,NONE,NONE,NONE,1072,NONE,0,-
2026-07-24 08:56:03,4061.1,NONE,NONE,NONE,834,NONE,0,-
2026-07-24 08:57:03,4062.0,NONE,NONE,NONE,855,NONE,0,-
2026-07-24 08:58:03,4062.0,NONE,NONE,NONE,845,NONE,0,-
2026-07-24 08:59:03,4069.0,NONE,NONE,NONE,1319,NONE,0,-
2026-07-24 09:00:04,4070.3,NONE,SELL,NONE,1572,NONE,0,-
2026-07-24 09:01:03,4072.2,NONE,NONE,NONE,1580,NONE,0,-
2026-07-24 09:02:03,4069.2,NONE,NONE,NONE,1400,NONE,0,-
2026-07-24 09:03:03,4068.9,NONE,NONE,NONE,1468,NONE,0,-
2026-07-24 09:04:03,4068.2,NONE,NONE,NONE,1475,NONE,0,-
2026-07-24 09:05:03,4066.2,BULLISH,NONE,NONE,1430,NONE,0,-
2026-07-24 09:06:03,4066.6,NONE,NONE,NONE,1412,NONE,0,-
2026-07-24 09:07:03,4063.6,NONE,NONE,NONE,1282,NONE,0,-
2026-07-24 09:08:03,4062.1,NONE,NONE,NONE,1124,NONE,0,-
2026-07-24 09:09:03,4062.3,NONE,NONE,NONE,1210,NONE,0,-
2026-07-24 09:10:03,4065.8,NONE,NONE,NONE,1290,NONE,0,-
2026-07-24 09:11:03,4064.9,NONE,NONE,NONE,1295,NONE,0,-
2026-07-24 09:12:03,4063.7,NONE,NONE,NONE,1226,NONE,0,-
2026-07-24 09:13:03,4062.9,NONE,NONE,NONE,1240,NONE,0,-
2026-07-24 09:14:03,4063.0,NONE,NONE,NONE,1280,NONE,0,-
2026-07-24 09:15:03,4062.5,NONE,NONE,NONE,1300,NONE,0,-
2026-07-24 09:16:03,4061.5,BULLISH,NONE,NONE,1287,NONE,0,-
2026-07-24 09:17:03,4061.1,NONE,NONE,NONE,1275,NONE,0,-
2026-07-24 09:18:03,4059.6,NONE,BUY,NONE,1082,NONE,0,-
2026-07-24 09:19:03,4060.1,NONE,NONE,NONE,1122,NONE,0,-
2026-07-24 09:20:03,4061.0,NONE,NONE,NONE,1176,NONE,0,-
2026-07-24 09:21:03,4061.5,NONE,NONE,NONE,1221,NONE,0,-
2026-07-24 09:22:03,4063.5,NONE,NONE,NONE,1377,NONE,0,-
2026-07-24 09:23:03,4065.3,NONE,SELL,NONE,1425,NONE,0,-
2026-07-24 09:24:03,4065.9,NONE,NONE,NONE,1620,NONE,0,-
2026-07-24 09:25:03,4067.8,NONE,NONE,NONE,1672,NONE,0,-
2026-07-24 09:26:03,4068.7,NONE,NONE,NONE,1806,NONE,0,-
2026-07-24 09:27:03,4071.0,NONE,NONE,NONE,1939,NONE,0,-
2026-07-24 09:28:03,4068.7,NONE,NONE,NONE,1928,NONE,0,-
2026-07-24 09:29:03,4068.7,NONE,NONE,NONE,1928,NONE,0,-
2026-07-24 09:30:04,4068.4,NONE,NONE,NONE,1924,NONE,0,-
2026-07-24 09:31:03,4068.4,NONE,NONE,NONE,1912,NONE,0,-
2026-07-24 09:32:03,4069.9,NONE,NONE,NONE,1948,NONE,0,-
2026-07-24 09:33:03,4069.8,NONE,NONE,NONE,1975,NONE,0,-
2026-07-24 09:34:03,4068.6,NONE,NONE,NONE,1985,NONE,0,-
2026-07-24 09:35:03,4068.0,NONE,NONE,NONE,1888,NONE,0,-
2026-07-24 09:36:03,4069.1,NONE,NONE,NONE,1900,NONE,0,-
2026-07-24 09:37:03,4066.9,NONE,NONE,NONE,1849,NONE,0,-
2026-07-24 09:38:03,4065.4,NONE,NONE,NONE,1774,NONE,0,-
2026-07-24 09:39:03,4064.7,NONE,NONE,NONE,1743,NONE,0,-
2026-07-24 09:40:03,4063.9,NONE,NONE,NONE,1669,NONE,0,-
2026-07-24 09:41:03,4063.4,NONE,NONE,NONE,1712,NONE,0,-
2026-07-24 09:42:03,4064.5,NONE,NONE,NONE,1783,NONE,0,-
2026-07-24 09:43:03,4062.8,BULLISH,NONE,NONE,1747,NONE,0,-
2026-07-24 09:44:03,4064.5,NONE,NONE,NONE,1738,NONE,0,-
2026-07-24 09:45:03,4063.3,NONE,NONE,NONE,1750,NONE,0,-
2026-07-24 09:46:03,4061.4,NONE,NONE,NONE,1664,NONE,0,-
2026-07-24 09:47:03,4063.9,BULLISH,NONE,NONE,1704,NONE,0,-
2026-07-24 09:48:03,4063.0,NONE,NONE,NONE,1712,NONE,0,-
2026-07-24 09:49:03,4063.1,NONE,NONE,NONE,1705,NONE,0,-
2026-07-24 09:50:03,4066.2,NONE,NONE,NONE,1807,NONE,0,-
2026-07-24 09:51:03,4067.0,NONE,NONE,NONE,1879,NONE,0,-
2026-07-24 09:52:03,4066.3,NONE,NONE,NONE,1861,NONE,0,-
2026-07-24 09:53:03,4064.4,NONE,NONE,NONE,1796,NONE,0,-
2026-07-24 09:54:03,4064.5,NONE,NONE,NONE,1791,NONE,0,-
2026-07-24 09:55:03,4064.7,NONE,NONE,NONE,1784,NONE,0,-
2026-07-24 09:56:03,4065.0,NONE,NONE,NONE,1805,NONE,0,-
2026-07-24 09:57:03,4067.7,BEARISH,NONE,NONE,1848,NONE,0,-
2026-07-24 09:58:03,4068.5,NONE,NONE,NONE,1900,NONE,0,-
2026-07-24 09:59:03,4067.9,NONE,NONE,NONE,1883,NONE,0,-
2026-07-24 10:00:04,4065.2,NONE,NONE,NONE,1861,NONE,0,-
2026-07-24 10:01:03,4067.1,NONE,NONE,NONE,1850,NONE,0,-
2026-07-24 10:02:03,4068.9,NONE,NONE,NONE,1961,NONE,0,-
2026-07-24 10:03:03,4068.9,NONE,NONE,NONE,1996,NONE,0,-
2026-07-24 10:04:03,4067.4,NONE,NONE,NONE,1914,NONE,0,-
2026-07-24 10:05:03,4066.9,NONE,NONE,NONE,1945,NONE,0,-
2026-07-24 10:06:03,4066.9,NONE,NONE,NONE,1933,NONE,0,-
2026-07-24 10:07:03,4065.0,NONE,NONE,NONE,1867,NONE,0,-
2026-07-24 10:08:03,4065.1,NONE,NONE,NONE,1832,NONE,0,-
2026-07-24 10:09:03,4065.5,NONE,NONE,NONE,1850,NONE,0,-
2026-07-24 10:10:03,4065.9,NONE,NONE,NONE,1852,NONE,0,-
2026-07-24 10:11:03,4074.0,NONE,NONE,NONE,2093,NONE,0,-
2026-07-24 10:12:03,4072.3,BEARISH,NONE,NONE,2095,NONE,0,-
2026-07-24 10:13:03,4070.3,NONE,NONE,NONE,2110,NONE,0,-
2026-07-24 10:14:03,4072.4,NONE,NONE,NONE,2195,NONE,0,-
2026-07-24 10:15:03,4076.1,NONE,NONE,NONE,2404,NONE,0,-
2026-07-24 10:16:03,4080.9,NONE,NONE,NONE,2588,NONE,0,-
2026-07-24 10:17:03,4081.0,NONE,NONE,NONE,2630,NONE,0,-
2026-07-24 10:18:03,4081.1,NONE,NONE,NONE,2650,NONE,0,-
2026-07-24 10:19:03,4081.7,NONE,NONE,NONE,2698,NONE,0,-
2026-07-24 10:20:03,4079.7,NONE,NONE,NONE,2696,NONE,0,-
2026-07-24 10:21:03,4082.6,NONE,NONE,NONE,2712,NONE,0,-
2026-07-24 10:22:03,4080.3,NONE,NONE,NONE,2702,NONE,0,-
2026-07-24 10:23:03,4077.5,BULLISH,NONE,NONE,2674,NONE,0,-
2026-07-24 10:24:03,4077.2,NONE,NONE,NONE,2650,NONE,0,-
2026-07-24 10:25:03,4077.6,BULLISH,NONE,NONE,2777,NONE,0,-
2026-07-24 10:26:03,4077.2,NONE,NONE,NONE,2777,NONE,0,-
2026-07-24 10:27:03,4076.0,NONE,NONE,NONE,2705,NONE,0,-
2026-07-24 10:28:03,4077.8,BULLISH,NONE,NONE,2708,NONE,0,-
2026-07-24 10:29:03,4078.5,BEARISH,NONE,NONE,2743,NONE,0,-
2026-07-24 10:30:04,4077.7,NONE,NONE,NONE,2743,NONE,0,-
2026-07-24 10:31:03,4077.5,NONE,NONE,NONE,2774,NONE,0,-
2026-07-24 10:32:03,4079.8,NONE,NONE,NONE,2781,NONE,0,-
2026-07-24 10:33:03,4078.4,NONE,NONE,NONE,2761,NONE,0,-
2026-07-24 10:34:03,4078.2,NONE,NONE,NONE,2788,NONE,0,-
2026-07-24 10:35:03,4076.8,NONE,NONE,NONE,2766,NONE,0,-
2026-07-24 10:36:03,4077.0,BULLISH,NONE,NONE,2764,NONE,0,-
2026-07-24 10:37:03,4078.9,BULLISH,NONE,NONE,2785,BUY,1,ABRE BUY
2026-07-24 10:38:03,4081.4,NONE,NONE,NONE,2912,NONE,0,-
2026-07-24 10:39:03,4081.4,NONE,NONE,NONE,2950,NONE,0,-
2026-07-24 10:40:03,4081.0,NONE,NONE,NONE,3043,NONE,0,-
2026-07-24 10:41:03,4081.8,NONE,NONE,NONE,3041,NONE,0,-
2026-07-24 10:42:03,4079.4,NONE,NONE,NONE,2922,NONE,0,-
2026-07-24 10:43:03,4077.3,NONE,NONE,NONE,2901,NONE,0,-
2026-07-24 10:44:03,4076.1,NONE,NONE,NONE,2847,NONE,0,-
2026-07-24 10:45:03,4074.5,NONE,NONE,NONE,2807,NONE,0,-
2026-07-24 10:46:03,4075.3,NONE,NONE,NONE,2786,NONE,0,-
2026-07-24 10:47:03,4074.4,NONE,NONE,NONE,2621,NONE,0,-
2026-07-24 10:48:03,4074.1,NONE,NONE,NONE,2667,NONE,0,-
2026-07-24 10:49:03,4075.1,NONE,NONE,NONE,2682,NONE,0,-
2026-07-24 10:50:03,4076.1,NONE,NONE,NONE,2717,NONE,0,-
2026-07-24 10:51:03,4076.7,BEARISH,NONE,NONE,2771,NONE,0,-
2026-07-24 10:52:03,4077.1,NONE,NONE,NONE,2791,NONE,0,-
2026-07-24 10:53:03,4077.5,NONE,NONE,NONE,2793,NONE,0,-
2026-07-24 10:54:03,4079.1,BEARISH,NONE,NONE,2802,NONE,0,-
2026-07-24 10:55:03,4078.2,NONE,NONE,NONE,2801,NONE,0,CIERRE TIME(18m) mae=5.9
2026-07-24 10:56:03,4078.7,NONE,NONE,NONE,2803,NONE,0,-
2026-07-24 10:57:03,4079.4,NONE,NONE,NONE,2786,NONE,0,-
2026-07-24 10:58:03,4079.3,NONE,NONE,NONE,2772,NONE,0,-
2026-07-24 10:59:03,4079.5,NONE,NONE,NONE,2760,NONE,0,-
2026-07-27 02:00:02,4098.7,NONE,NONE,NONE,-996,NONE,0,-
2026-07-27 02:01:02,4100.8,NONE,NONE,NONE,-971,NONE,0,-
2026-07-27 02:02:02,4102.2,NONE,NONE,NONE,-840,NONE,0,-
2026-07-27 02:03:02,4102.3,NONE,NONE,NONE,-793,NONE,0,-
2026-07-27 02:04:02,4100.8,NONE,NONE,NONE,-774,NONE,0,-
2026-07-27 02:05:02,4100.9,NONE,NONE,NONE,-813,NONE,0,-
2026-07-27 02:06:02,4101.9,NONE,NONE,NONE,-820,NONE,0,-
2026-07-27 02:07:02,4100.8,NONE,NONE,NONE,-851,NONE,0,-
2026-07-27 02:08:02,4099.5,NONE,NONE,NONE,-860,NONE,0,-
2026-07-27 02:09:02,4099.7,BULLISH,NONE,NONE,-859,NONE,0,-
2026-07-27 02:10:02,4100.0,NONE,NONE,NONE,-819,NONE,0,-
2026-07-27 02:11:02,4100.2,NONE,NONE,NONE,-774,NONE,0,-
2026-07-27 02:12:02,4100.6,NONE,NONE,NONE,-775,NONE,0,-
2026-07-27 02:13:02,4101.8,NONE,NONE,NONE,-726,NONE,0,-
2026-07-27 02:14:02,4102.8,NONE,NONE,NONE,-695,NONE,0,-
2026-07-27 02:15:02,4103.9,NONE,NONE,NONE,-655,NONE,0,-
2026-07-27 02:16:02,4102.4,NONE,NONE,NONE,-672,NONE,0,-
2026-07-27 02:17:02,4104.9,NONE,NONE,NONE,-584,NONE,0,-
2026-07-27 02:18:02,4103.7,NONE,NONE,NONE,-635,NONE,0,-
2026-07-27 02:19:02,4104.9,NONE,NONE,NONE,-668,NONE,0,-
2026-07-27 02:20:02,4106.0,BEARISH,NONE,NONE,-656,NONE,0,-
2026-07-27 02:21:02,4105.7,BEARISH,NONE,NONE,-662,SELL,1,ABRE SELL
2026-07-27 02:22:02,4106.9,BEARISH,NONE,NONE,-601,SELL,1,-
2026-07-27 02:23:02,4106.6,BEARISH,NONE,NONE,-606,SELL,1,-
2026-07-27 02:24:02,4106.0,NONE,NONE,NONE,-629,NONE,0,-
2026-07-27 02:25:02,4106.8,NONE,NONE,NONE,-623,NONE,0,-
2026-07-27 02:26:02,4106.2,NONE,SELL,NONE,-580,NONE,0,-
2026-07-27 02:27:02,4106.4,NONE,NONE,NONE,-591,NONE,0,-
2026-07-27 02:28:02,4105.4,BULLISH,NONE,NONE,-596,NONE,0,-
2026-07-27 02:29:02,4105.3,NONE,NONE,NONE,-563,NONE,0,-
2026-07-27 02:30:02,4105.4,NONE,NONE,NONE,-592,NONE,0,-
2026-07-27 02:31:02,4104.5,NONE,NONE,NONE,-613,NONE,0,-
2026-07-27 02:32:02,4105.1,NONE,NONE,NONE,-609,NONE,0,-
2026-07-27 02:33:02,4103.6,NONE,NONE,NONE,-611,NONE,0,-
2026-07-27 02:34:02,4103.9,NONE,NONE,NONE,-636,NONE,0,-
2026-07-27 02:35:02,4105.0,NONE,NONE,NONE,-615,NONE,0,-
2026-07-27 02:36:02,4104.6,NONE,NONE,NONE,-572,NONE,0,-
2026-07-27 02:37:02,4103.3,BULLISH,NONE,NONE,-574,NONE,0,-
2026-07-27 02:38:02,4103.2,BULLISH,NONE,NONE,-604,BUY,1,-
2026-07-27 02:39:02,4101.0,BULLISH,NONE,NONE,-718,BUY,1,-
2026-07-27 02:40:02,4101.4,BULLISH,NONE,NONE,-625,BUY,1,-
2026-07-27 02:41:02,4100.9,NONE,NONE,NONE,-629,NONE,0,-
2026-07-27 02:42:02,4100.1,NONE,NONE,NONE,-673,NONE,0,-
2026-07-27 02:43:02,4098.3,NONE,NONE,NONE,-723,NONE,0,-
2026-07-27 02:44:02,4098.6,NONE,NONE,NONE,-710,NONE,0,-
2026-07-27 02:45:02,4099.2,NONE,NONE,NONE,-689,NONE,0,-
2026-07-27 02:46:02,4100.0,NONE,NONE,NONE,-660,NONE,0,CIERRE TIME(25m) mae=2.5
2026-07-27 02:47:02,4100.4,NONE,NONE,NONE,-675,NONE,0,-
2026-07-27 02:48:02,4099.5,NONE,NONE,NONE,-690,NONE,0,-
2026-07-27 02:49:02,4099.0,NONE,NONE,NONE,-671,NONE,0,-
2026-07-27 02:50:02,4099.6,NONE,NONE,NONE,-677,NONE,0,-
2026-07-27 02:51:02,4097.0,NONE,NONE,NONE,-727,NONE,0,-
2026-07-27 02:52:02,4097.1,NONE,NONE,NONE,-760,NONE,0,-
2026-07-27 02:53:02,4097.0,NONE,NONE,NONE,-774,NONE,0,-
2026-07-27 02:54:02,4097.4,NONE,NONE,NONE,-763,NONE,0,-
2026-07-27 02:55:02,4095.8,NONE,NONE,NONE,-789,NONE,0,-
2026-07-27 02:56:02,4095.8,NONE,NONE,NONE,-776,NONE,0,-
2026-07-27 02:57:02,4095.8,NONE,NONE,NONE,-769,NONE,0,-
2026-07-27 02:58:02,4094.7,BULLISH,NONE,NONE,-768,NONE,0,-
2026-07-27 02:59:02,4092.3,BULLISH,NONE,NONE,-806,BUY,1,ABRE BUY
2026-07-27 03:00:02,4090.9,NONE,NONE,NONE,-840,NONE,0,-
2026-07-27 03:01:02,4093.5,NONE,NONE,NONE,-730,NONE,0,-
2026-07-27 03:02:02,4091.7,NONE,NONE,NONE,-734,NONE,0,-
2026-07-27 03:03:02,4092.1,NONE,NONE,NONE,-746,NONE,0,-
2026-07-27 03:04:02,4090.3,BULLISH,NONE,NONE,-792,NONE,0,-
2026-07-27 03:05:02,4089.8,NONE,NONE,NONE,-790,NONE,0,-
2026-07-27 03:06:02,4090.8,BULLISH,NONE,NONE,-740,NONE,0,-
2026-07-27 03:07:02,4092.1,NONE,NONE,NONE,-717,NONE,0,-
2026-07-27 03:08:02,4093.6,NONE,NONE,NONE,-684,NONE,0,-
2026-07-27 03:09:02,4092.8,NONE,NONE,NONE,-687,NONE,0,-
2026-07-27 03:10:02,4092.1,NONE,NONE,NONE,-691,NONE,0,-
2026-07-27 03:11:02,4092.8,NONE,NONE,NONE,-676,NONE,0,-
2026-07-27 03:12:02,4092.6,NONE,NONE,NONE,-679,NONE,0,-
2026-07-27 03:13:02,4093.7,NONE,NONE,NONE,-638,NONE,0,-
2026-07-27 03:14:02,4093.7,NONE,NONE,NONE,-644,NONE,0,-
2026-07-27 03:15:02,4092.8,NONE,NONE,NONE,-641,NONE,0,-
2026-07-27 03:16:02,4092.6,NONE,NONE,NONE,-630,NONE,0,-
2026-07-27 03:17:02,4092.6,BEARISH,NONE,NONE,-636,NONE,0,-
2026-07-27 03:18:02,4092.7,NONE,NONE,NONE,-635,NONE,0,-
2026-07-27 03:19:02,4092.3,NONE,BUY,NONE,-687,NONE,0,-
2026-07-27 03:20:02,4093.3,NONE,NONE,NONE,-669,NONE,0,-
2026-07-27 03:21:02,4091.6,NONE,NONE,NONE,-659,NONE,0,-
2026-07-27 03:22:02,4092.6,NONE,NONE,NONE,-659,NONE,0,-
2026-07-27 03:23:02,4091.0,BULLISH,NONE,NONE,-673,NONE,0,-
2026-07-27 03:24:02,4093.1,NONE,NONE,NONE,-658,NONE,0,CIERRE TIME(25m) mae=4.0
2026-07-27 03:25:02,4092.9,NONE,NONE,NONE,-644,NONE,0,-
2026-07-27 03:26:02,4094.0,NONE,NONE,NONE,-619,NONE,0,-
2026-07-27 03:27:02,4093.7,NONE,NONE,NONE,-626,NONE,0,-
2026-07-27 03:28:02,4093.4,NONE,NONE,NONE,-618,NONE,0,-
2026-07-27 03:29:02,4093.7,NONE,NONE,NONE,-619,NONE,0,-
2026-07-27 03:30:02,4092.9,NONE,NONE,NONE,-613,NONE,0,-
2026-07-27 03:31:02,4092.3,BULLISH,NONE,NONE,-602,NONE,0,-
2026-07-27 03:32:02,4091.8,BULLISH,NONE,NONE,-606,BUY,1,ABRE BUY
2026-07-27 03:33:02,4091.3,NONE,NONE,NONE,-626,NONE,0,-
2026-07-27 03:34:02,4090.7,BULLISH,NONE,NONE,-642,NONE,0,-
2026-07-27 03:35:02,4089.3,NONE,NONE,NONE,-681,NONE,0,-
2026-07-27 03:36:02,4089.9,NONE,NONE,NONE,-697,NONE,0,-
2026-07-27 03:37:02,4090.8,NONE,NONE,NONE,-655,NONE,0,-
2026-07-27 03:38:02,4091.9,NONE,NONE,NONE,-668,NONE,0,-
2026-07-27 03:39:02,4092.0,NONE,NONE,NONE,-662,NONE,0,-
2026-07-27 03:40:02,4092.2,BEARISH,NONE,NONE,-653,NONE,0,-
2026-07-27 03:41:02,4092.1,NONE,NONE,NONE,-658,NONE,0,-
2026-07-27 03:42:02,4093.7,NONE,NONE,NONE,-643,NONE,0,-
2026-07-27 03:43:02,4093.3,BEARISH,NONE,NONE,-642,NONE,0,-
2026-07-27 03:44:02,4093.0,NONE,NONE,NONE,-625,NONE,0,-
2026-07-27 03:45:02,4092.9,NONE,NONE,NONE,-625,NONE,0,-
2026-07-27 03:46:02,4093.5,NONE,NONE,NONE,-603,NONE,0,-
2026-07-27 03:47:02,4093.8,NONE,NONE,NONE,-600,NONE,0,-
2026-07-27 03:48:02,4094.6,BEARISH,NONE,NONE,-600,NONE,0,-
2026-07-27 03:49:02,4094.8,BEARISH,NONE,NONE,-594,SELL,1,-
2026-07-27 03:50:02,4094.7,NONE,NONE,NONE,-594,NONE,0,-
2026-07-27 03:51:02,4094.4,NONE,NONE,NONE,-595,NONE,0,-
2026-07-27 03:52:02,4094.3,NONE,NONE,NONE,-607,NONE,0,-
2026-07-27 03:53:02,4095.1,BULLISH,NONE,NONE,-599,NONE,0,-
2026-07-27 03:54:02,4095.2,NONE,NONE,NONE,-576,NONE,0,-
2026-07-27 03:55:02,4096.7,NONE,NONE,NONE,-553,NONE,0,-
2026-07-27 03:56:02,4097.3,NONE,NONE,NONE,-533,NONE,0,-
2026-07-27 03:57:02,4096.8,BEARISH,NONE,NONE,-535,NONE,0,CIERRE TIME(25m) mae=2.8
2026-07-27 03:58:02,4098.5,BEARISH,NONE,NONE,-507,SELL,1,ABRE SELL
2026-07-27 03:59:02,4098.4,NONE,NONE,NONE,-498,NONE,0,-
2026-07-27 04:00:02,4096.5,NONE,NONE,NONE,-512,NONE,0,-
2026-07-27 04:01:02,4096.3,NONE,NONE,NONE,-486,NONE,0,-
2026-07-27 04:02:02,4096.6,NONE,NONE,NONE,-482,NONE,0,-
2026-07-27 04:03:02,4097.1,NONE,NONE,NONE,-484,NONE,0,-
2026-07-27 04:04:02,4096.6,NONE,NONE,NONE,-495,NONE,0,-
2026-07-27 04:05:02,4098.2,BEARISH,NONE,NONE,-495,NONE,0,-
2026-07-27 04:06:02,4097.9,BEARISH,NONE,NONE,-509,SELL,1,-
2026-07-27 04:07:02,4100.4,NONE,NONE,NONE,-427,NONE,0,-
2026-07-27 04:08:02,4098.9,NONE,NONE,NONE,-450,NONE,0,-
2026-07-27 04:09:02,4098.0,NONE,NONE,NONE,-432,NONE,0,-
2026-07-27 04:10:02,4096.8,NONE,NONE,NONE,-437,NONE,0,-
2026-07-27 04:11:02,4096.8,BULLISH,NONE,NONE,-462,NONE,0,-
2026-07-27 04:12:02,4097.2,NONE,NONE,NONE,-451,NONE,0,-
2026-07-27 04:13:02,4097.3,NONE,NONE,NONE,-440,NONE,0,-
2026-07-27 04:14:02,4097.0,NONE,NONE,NONE,-448,NONE,0,-
2026-07-27 04:15:02,4096.1,NONE,NONE,NONE,-473,NONE,0,-
2026-07-27 04:16:02,4096.1,NONE,NONE,NONE,-494,NONE,0,-
2026-07-27 04:17:02,4095.8,NONE,NONE,NONE,-483,NONE,0,-
2026-07-27 04:18:02,4096.1,NONE,NONE,NONE,-475,NONE,0,-
2026-07-27 04:19:02,4095.1,NONE,NONE,NONE,-487,NONE,0,-
2026-07-27 04:20:02,4094.8,NONE,NONE,NONE,-529,NONE,0,-
2026-07-27 04:21:02,4095.3,NONE,NONE,NONE,-535,NONE,0,-
2026-07-27 04:22:02,4096.8,BEARISH,NONE,NONE,-535,NONE,0,-
2026-07-27 04:23:02,4096.1,BEARISH,NONE,NONE,-564,SELL,1,ABRE SELL
2026-07-27 04:24:02,4094.4,NONE,NONE,NONE,-644,NONE,0,-
2026-07-27 04:25:02,4095.9,NONE,BUY,NONE,-654,NONE,0,-
2026-07-27 04:26:02,4096.3,NONE,NONE,NONE,-656,NONE,0,-
2026-07-27 04:27:02,4096.0,BEARISH,NONE,NONE,-676,NONE,0,-
2026-07-27 04:28:02,4096.3,NONE,NONE,NONE,-668,NONE,0,-
2026-07-27 04:29:02,4095.3,NONE,NONE,NONE,-704,NONE,0,-
2026-07-27 04:30:02,4093.6,BULLISH,NONE,NONE,-679,NONE,0,-
2026-07-27 04:31:03,4092.8,NONE,NONE,NONE,-800,NONE,0,-
2026-07-27 04:32:02,4094.5,NONE,NONE,NONE,-845,NONE,0,-
2026-07-27 04:33:02,4094.1,NONE,NONE,NONE,-882,NONE,0,-
2026-07-27 04:34:02,4093.3,NONE,NONE,NONE,-876,NONE,0,-
2026-07-27 04:35:02,4093.9,NONE,NONE,NONE,-870,NONE,0,-
2026-07-27 04:36:02,4095.4,NONE,NONE,NONE,-826,NONE,0,-
2026-07-27 04:37:02,4095.3,NONE,NONE,NONE,-798,NONE,0,-
2026-07-27 04:38:02,4094.1,NONE,NONE,NONE,-826,NONE,0,-
2026-07-27 04:39:02,4093.7,NONE,NONE,NONE,-822,NONE,0,-
2026-07-27 04:40:02,4094.2,NONE,NONE,NONE,-820,NONE,0,-
2026-07-27 04:41:02,4094.3,NONE,NONE,NONE,-813,NONE,0,-
2026-07-27 04:42:02,4094.5,NONE,NONE,NONE,-833,NONE,0,-
2026-07-27 04:43:02,4094.8,NONE,NONE,NONE,-829,NONE,0,-
2026-07-27 04:44:02,4096.4,NONE,NONE,NONE,-785,NONE,0,-
2026-07-27 04:45:02,4096.4,NONE,NONE,NONE,-780,NONE,0,-
2026-07-27 04:46:02,4096.4,NONE,NONE,NONE,-786,NONE,0,-
2026-07-27 04:47:02,4097.4,NONE,NONE,NONE,-774,NONE,0,-
2026-07-27 04:48:02,4098.1,NONE,NONE,NONE,-750,NONE,0,CIERRE TIME(25m) mae=2.1
2026-07-27 04:49:02,4099.2,NONE,NONE,NONE,-681,NONE,0,-
2026-07-27 04:50:02,4099.6,NONE,NONE,NONE,-632,NONE,0,-
2026-07-27 04:51:02,4100.8,NONE,NONE,NONE,-573,NONE,0,-
2026-07-27 04:52:02,4099.4,BEARISH,NONE,NONE,-624,NONE,0,-
2026-07-27 04:53:02,4099.7,NONE,NONE,NONE,-624,NONE,0,-
2026-07-27 04:54:02,4099.4,NONE,NONE,NONE,-626,NONE,0,-
2026-07-27 04:55:02,4100.2,NONE,NONE,NONE,-566,NONE,0,-
2026-07-27 04:56:02,4102.1,NONE,NONE,NONE,-465,NONE,0,-
2026-07-27 04:57:02,4101.5,BEARISH,NONE,NONE,-500,NONE,0,-
2026-07-27 04:58:02,4100.6,BEARISH,NONE,NONE,-486,SELL,1,ABRE SELL
2026-07-27 04:59:02,4100.1,NONE,NONE,NONE,-488,NONE,0,-
2026-07-27 05:00:02,4098.9,BULLISH,NONE,NONE,-509,NONE,0,-
2026-07-27 05:01:02,4096.7,NONE,NONE,NONE,-540,NONE,0,-
2026-07-27 05:02:02,4097.4,NONE,NONE,NONE,-501,NONE,0,-
2026-07-27 05:03:02,4097.9,NONE,NONE,NONE,-492,NONE,0,-
2026-07-27 05:04:02,4098.0,NONE,NONE,NONE,-493,NONE,0,-
2026-07-27 05:05:02,4097.5,NONE,NONE,NONE,-502,NONE,0,-
2026-07-27 05:06:02,4096.5,NONE,NONE,NONE,-513,NONE,0,-
2026-07-27 05:07:02,4095.7,NONE,NONE,NONE,-544,NONE,0,-
2026-07-27 05:08:02,4096.3,NONE,NONE,NONE,-514,NONE,0,-
2026-07-27 05:09:02,4095.6,NONE,NONE,NONE,-545,NONE,0,-
2026-07-27 05:10:02,4095.8,NONE,NONE,NONE,-532,NONE,0,-
2026-07-27 05:11:02,4092.1,NONE,NONE,NONE,-617,NONE,0,-
2026-07-27 05:12:02,4090.5,NONE,NONE,NONE,-688,NONE,0,CIERRE TP mae=0.5
2026-07-27 05:13:02,4091.5,NONE,NONE,NONE,-706,NONE,0,-
2026-07-27 05:14:02,4092.8,NONE,NONE,NONE,-731,NONE,0,-
2026-07-27 05:15:02,4092.7,NONE,NONE,NONE,-734,NONE,0,-
2026-07-27 05:16:02,4091.4,NONE,NONE,NONE,-737,NONE,0,-
2026-07-27 05:17:02,4093.3,NONE,NONE,NONE,-731,NONE,0,-
2026-07-27 05:18:02,4092.9,NONE,NONE,NONE,-718,NONE,0,-
2026-07-27 05:19:02,4092.6,NONE,NONE,NONE,-717,NONE,0,-
2026-07-27 05:20:02,4093.1,NONE,NONE,NONE,-714,NONE,0,-
2026-07-27 05:21:02,4093.0,NONE,NONE,NONE,-686,NONE,0,-
2026-07-27 05:22:02,4095.0,NONE,NONE,NONE,-657,NONE,0,-
2026-07-27 05:23:02,4095.3,BEARISH,NONE,NONE,-665,NONE,0,-
2026-07-27 05:24:02,4094.8,NONE,NONE,NONE,-673,NONE,0,-
2026-07-27 05:25:02,4094.6,NONE,NONE,NONE,-681,NONE,0,-
2026-07-27 05:26:02,4094.9,NONE,NONE,NONE,-682,NONE,0,-
2026-07-27 05:27:02,4095.3,BEARISH,NONE,NONE,-665,NONE,0,-
2026-07-27 05:28:02,4095.2,NONE,NONE,NONE,-664,NONE,0,-
2026-07-27 05:29:02,4095.0,NONE,NONE,NONE,-673,NONE,0,-
2026-07-27 05:30:02,4095.5,NONE,NONE,NONE,-641,NONE,0,-
2026-07-27 05:31:02,4096.5,NONE,NONE,NONE,-630,NONE,0,-
2026-07-27 05:32:02,4096.9,NONE,NONE,NONE,-630,NONE,0,-
2026-07-27 05:33:02,4096.8,NONE,NONE,NONE,-632,NONE,0,-
2026-07-27 05:34:02,4097.2,NONE,NONE,NONE,-623,NONE,0,-
2026-07-27 05:35:02,4098.0,NONE,NONE,NONE,-615,NONE,0,-
2026-07-27 05:36:02,4098.4,NONE,NONE,NONE,-624,NONE,0,-
2026-07-27 05:37:02,4098.0,BEARISH,NONE,NONE,-648,NONE,0,-
2026-07-27 05:38:02,4098.4,NONE,NONE,NONE,-654,NONE,0,-
2026-07-27 05:39:02,4100.0,NONE,NONE,NONE,-578,NONE,0,-
2026-07-27 05:40:02,4100.5,NONE,NONE,NONE,-570,NONE,0,-
2026-07-27 05:41:02,4100.8,NONE,NONE,NONE,-567,NONE,0,-
2026-07-27 05:42:02,4101.3,BEARISH,NONE,NONE,-585,NONE,0,-
2026-07-27 05:43:02,4103.6,BEARISH,NONE,NONE,-537,SELL,1,ABRE SELL
2026-07-27 05:44:02,4102.7,NONE,NONE,NONE,-599,NONE,0,-
2026-07-27 05:45:02,4102.9,NONE,NONE,NONE,-609,NONE,0,-
2026-07-27 05:46:02,4102.9,NONE,NONE,NONE,-601,NONE,0,-
2026-07-27 05:47:02,4103.1,NONE,NONE,NONE,-589,NONE,0,-
2026-07-27 05:48:02,4103.5,NONE,NONE,NONE,-594,NONE,0,-
2026-07-27 05:49:02,4104.6,NONE,NONE,NONE,-572,NONE,0,-
2026-07-27 05:50:02,4104.3,NONE,NONE,NONE,-570,NONE,0,-
2026-07-27 05:51:02,4104.1,NONE,NONE,NONE,-583,NONE,0,-
2026-07-27 05:52:02,4103.5,NONE,NONE,NONE,-601,NONE,0,-
2026-07-27 05:53:02,4103.2,BULLISH,NONE,NONE,-585,NONE,0,-
2026-07-27 05:54:02,4102.4,NONE,NONE,NONE,-619,NONE,0,-
2026-07-27 05:55:02,4103.8,BULLISH,BUY,NONE,-603,NONE,0,-
2026-07-27 05:56:02,4103.4,NONE,NONE,NONE,-573,NONE,0,-
2026-07-27 05:57:02,4102.4,NONE,NONE,NONE,-578,NONE,0,-
2026-07-27 05:58:02,4102.7,NONE,NONE,NONE,-582,NONE,0,-
2026-07-27 05:59:02,4102.0,NONE,NONE,NONE,-584,NONE,0,-
2026-07-27 06:00:02,4102.2,NONE,NONE,NONE,-624,NONE,0,-
2026-07-27 06:01:02,4102.9,NONE,NONE,NONE,-651,NONE,0,-
2026-07-27 06:02:02,4102.0,NONE,NONE,NONE,-684,NONE,0,-
2026-07-27 06:03:02,4100.1,NONE,NONE,NONE,-740,NONE,0,-
2026-07-27 06:04:02,4100.0,NONE,NONE,NONE,-764,NONE,0,-
2026-07-27 06:05:02,4099.5,NONE,NONE,NONE,-808,NONE,0,-
2026-07-27 06:06:02,4101.0,NONE,NONE,NONE,-799,NONE,0,-
2026-07-27 06:07:02,4100.9,NONE,NONE,NONE,-797,NONE,0,-
2026-07-27 06:08:02,4100.6,NONE,NONE,NONE,-794,NONE,0,CIERRE TIME(25m) mae=1.4
2026-07-27 06:09:02,4105.2,NONE,NONE,NONE,-672,NONE,0,-
2026-07-27 06:10:02,4105.1,NONE,NONE,NONE,-646,NONE,0,-
2026-07-27 06:11:02,4104.8,NONE,SELL,NONE,-591,NONE,0,-
2026-07-27 06:12:02,4105.5,NONE,NONE,NONE,-568,NONE,0,-
2026-07-27 06:13:02,4105.2,NONE,NONE,NONE,-710,NONE,0,-
2026-07-27 06:14:02,4104.6,NONE,NONE,NONE,-721,NONE,0,-
2026-07-27 06:15:02,4104.4,NONE,NONE,NONE,-760,NONE,0,-
2026-07-27 06:16:02,4104.0,NONE,NONE,NONE,-770,NONE,0,-
2026-07-27 06:17:02,4103.8,NONE,NONE,NONE,-776,NONE,0,-
2026-07-27 06:18:02,4104.8,NONE,NONE,NONE,-732,NONE,0,-
2026-07-27 06:19:02,4103.5,NONE,NONE,NONE,-762,NONE,0,-
2026-07-27 06:20:02,4102.5,BULLISH,NONE,NONE,-793,NONE,0,-
2026-07-27 06:21:02,4103.1,BULLISH,NONE,NONE,-762,BUY,1,ABRE BUY
2026-07-27 06:22:02,4102.4,NONE,NONE,NONE,-772,NONE,0,-
2026-07-27 06:23:02,4103.2,NONE,NONE,NONE,-780,NONE,0,-
2026-07-27 06:24:02,4102.5,NONE,NONE,NONE,-967,NONE,0,-
2026-07-27 06:25:02,4102.0,NONE,NONE,NONE,-1001,NONE,0,-
2026-07-27 06:26:02,4102.6,NONE,NONE,NONE,-996,NONE,0,-
2026-07-27 06:27:02,4101.6,NONE,NONE,NONE,-1021,NONE,0,-
2026-07-27 06:28:02,4102.4,NONE,NONE,NONE,-1007,NONE,0,-
2026-07-27 06:29:02,4101.6,NONE,NONE,NONE,-1009,NONE,0,-
2026-07-27 06:30:02,4099.4,BEARISH,NONE,NONE,-1056,NONE,0,-
2026-07-27 06:31:02,4101.3,NONE,NONE,NONE,-1076,NONE,0,-
2026-07-27 06:32:02,4101.5,NONE,NONE,NONE,-1091,NONE,0,-
2026-07-27 06:33:02,4100.2,NONE,NONE,NONE,-1105,NONE,0,-
2026-07-27 06:34:02,4099.2,NONE,NONE,NONE,-1126,NONE,0,-
2026-07-27 06:35:02,4099.8,NONE,NONE,NONE,-1132,NONE,0,-
2026-07-27 06:36:02,4100.3,NONE,NONE,NONE,-1104,NONE,0,-
2026-07-27 06:37:02,4100.6,NONE,NONE,NONE,-1102,NONE,0,-
2026-07-27 06:38:02,4100.9,NONE,NONE,NONE,-1101,NONE,0,-
2026-07-27 06:39:02,4099.8,NONE,NONE,NONE,-1131,NONE,0,-
2026-07-27 06:40:02,4098.9,NONE,NONE,NONE,-1126,NONE,0,-
2026-07-27 06:41:02,4099.0,NONE,NONE,NONE,-1136,NONE,0,-
2026-07-27 06:42:02,4099.9,NONE,NONE,NONE,-1167,NONE,0,-
2026-07-27 06:43:02,4100.4,NONE,NONE,NONE,-1161,NONE,0,-
2026-07-27 06:44:02,4098.3,NONE,NONE,NONE,-1225,NONE,0,CIERRE SL mae=6.6
2026-07-27 06:45:02,4097.7,NONE,NONE,NONE,-1224,NONE,0,-
2026-07-27 06:46:02,4097.7,NONE,NONE,NONE,-1226,NONE,0,-
2026-07-27 06:47:02,4097.2,BULLISH,NONE,NONE,-1228,NONE,0,-
2026-07-27 06:48:02,4097.8,NONE,NONE,NONE,-1217,NONE,0,-
2026-07-27 06:49:02,4097.5,NONE,NONE,NONE,-1197,NONE,0,-
2026-07-27 06:50:02,4097.8,NONE,NONE,NONE,-1208,NONE,0,-
2026-07-27 06:51:02,4098.6,NONE,NONE,NONE,-1185,NONE,0,-
2026-07-27 06:52:02,4097.4,NONE,NONE,NONE,-1212,NONE,0,-
2026-07-27 06:53:02,4097.5,NONE,NONE,NONE,-1238,NONE,0,-
2026-07-27 06:54:02,4096.1,NONE,NONE,NONE,-1244,NONE,0,-
2026-07-27 06:55:02,4096.3,NONE,NONE,NONE,-1243,NONE,0,-
2026-07-27 06:56:02,4096.4,NONE,NONE,NONE,-1251,NONE,0,-
2026-07-27 06:57:02,4096.7,NONE,NONE,NONE,-1232,NONE,0,-
2026-07-27 06:58:02,4096.3,NONE,NONE,NONE,-1248,NONE,0,-
2026-07-27 06:59:02,4097.1,NONE,NONE,NONE,-1251,NONE,0,-
2026-07-27 07:00:02,4097.4,BULLISH,NONE,NONE,-1192,NONE,0,-
2026-07-27 07:01:02,4097.5,NONE,NONE,NONE,-1172,NONE,0,-
2026-07-27 07:02:02,4098.8,NONE,NONE,NONE,-1126,NONE,0,-
2026-07-27 07:03:02,4099.5,NONE,NONE,NONE,-1057,NONE,0,-
2026-07-27 07:04:02,4098.9,NONE,NONE,NONE,-1079,NONE,0,-
2026-07-27 07:05:02,4098.4,NONE,NONE,NONE,-1073,NONE,0,-
2026-07-27 07:06:02,4096.9,NONE,NONE,NONE,-1151,NONE,0,-
2026-07-27 07:07:02,4097.2,NONE,NONE,NONE,-1140,NONE,0,-
2026-07-27 07:08:02,4096.5,NONE,NONE,NONE,-1147,NONE,0,-
2026-07-27 07:09:02,4096.4,NONE,NONE,NONE,-1158,NONE,0,-
2026-07-27 07:10:02,4096.3,NONE,NONE,NONE,-1147,NONE,0,-
2026-07-27 07:11:02,4093.6,NONE,NONE,NONE,-1306,NONE,0,-
2026-07-27 07:12:02,4093.6,NONE,NONE,NONE,-1373,NONE,0,-
2026-07-27 07:13:02,4091.8,NONE,NONE,NONE,-1405,NONE,0,-
2026-07-27 07:14:02,4089.7,NONE,NONE,NONE,-1473,NONE,0,-
2026-07-27 07:15:02,4090.7,NONE,NONE,NONE,-1518,NONE,0,-
2026-07-27 07:16:02,4089.0,NONE,NONE,NONE,-1576,NONE,0,-
2026-07-27 07:17:02,4090.9,NONE,NONE,NONE,-1566,NONE,0,-
2026-07-27 07:18:02,4089.7,NONE,NONE,NONE,-1555,NONE,0,-
2026-07-27 07:19:02,4088.6,NONE,NONE,NONE,-1610,NONE,0,-
2026-07-27 07:20:02,4086.1,NONE,BUY,NONE,-2101,NONE,0,-
2026-07-27 07:21:02,4085.6,NONE,NONE,NONE,-2116,NONE,0,-
2026-07-27 07:22:02,4085.3,NONE,NONE,NONE,-2053,NONE,0,-
2026-07-27 07:23:02,4084.7,NONE,NONE,NONE,-2025,NONE,0,-
2026-07-27 07:24:02,4086.8,NONE,NONE,NONE,-1991,NONE,0,-
2026-07-27 07:25:02,4085.0,NONE,NONE,NONE,-2005,NONE,0,-
2026-07-27 07:26:02,4087.4,NONE,NONE,NONE,-1962,NONE,0,-
2026-07-27 07:27:02,4088.8,NONE,NONE,NONE,-1893,NONE,0,-
2026-07-27 07:28:02,4090.3,NONE,NONE,NONE,-1835,NONE,0,-
2026-07-27 07:29:02,4089.8,NONE,NONE,NONE,-1873,NONE,0,-
2026-07-27 07:30:02,4088.2,NONE,NONE,NONE,-1897,NONE,0,-
2026-07-27 07:31:02,4090.2,NONE,NONE,NONE,-1849,NONE,0,-
2026-07-27 07:32:02,4086.1,NONE,NONE,NONE,-1926,NONE,0,-
2026-07-27 07:33:02,4085.7,NONE,NONE,NONE,-1959,NONE,0,-
2026-07-27 07:34:02,4085.9,NONE,NONE,NONE,-1985,NONE,0,-
2026-07-27 07:35:02,4089.5,NONE,NONE,NONE,-1927,NONE,0,-
2026-07-27 07:36:02,4088.4,NONE,NONE,NONE,-1958,NONE,0,-
2026-07-27 07:37:02,4087.0,NONE,NONE,NONE,-1943,NONE,0,-
2026-07-27 07:38:02,4086.9,NONE,NONE,NONE,-1934,NONE,0,-
2026-07-27 07:39:02,4089.6,NONE,NONE,NONE,-1911,NONE,0,-
2026-07-27 07:40:02,4088.8,NONE,NONE,NONE,-1895,NONE,0,-
2026-07-27 07:41:02,4087.2,NONE,NONE,NONE,-1925,NONE,0,-
2026-07-27 07:42:02,4086.9,NONE,NONE,NONE,-1955,NONE,0,-
2026-07-27 07:43:02,4087.5,NONE,NONE,NONE,-2018,NONE,0,-
2026-07-27 07:44:02,4088.8,NONE,NONE,NONE,-2014,NONE,0,-
2026-07-27 07:45:02,4088.1,NONE,NONE,NONE,-2090,NONE,0,-
2026-07-27 07:46:02,4090.4,BEARISH,NONE,NONE,-2005,NONE,0,-
2026-07-27 07:47:02,4087.2,NONE,NONE,NONE,-2052,NONE,0,-
2026-07-27 07:48:02,4087.3,NONE,BUY,NONE,-2095,NONE,0,-
2026-07-27 07:49:02,4087.0,NONE,NONE,NONE,-2121,NONE,0,-
2026-07-27 07:50:02,4084.2,NONE,NONE,NONE,-2257,NONE,0,-
2026-07-27 07:51:02,4084.7,BULLISH,NONE,NONE,-2192,NONE,0,-
2026-07-27 07:52:02,4086.6,BULLISH,NONE,NONE,-2243,BUY,1,ABRE BUY
2026-07-27 07:53:02,4087.3,NONE,NONE,NONE,-2242,NONE,0,-
2026-07-27 07:54:02,4086.0,NONE,NONE,NONE,-2266,NONE,0,-
2026-07-27 07:55:02,4084.2,NONE,NONE,NONE,-2334,NONE,0,-
2026-07-27 07:56:02,4084.1,NONE,NONE,NONE,-2452,NONE,0,-
2026-07-27 07:57:02,4085.5,NONE,NONE,NONE,-2387,NONE,0,-
2026-07-27 07:58:02,4086.3,NONE,NONE,NONE,-2378,NONE,0,-
2026-07-27 07:59:02,4085.5,NONE,NONE,NONE,-2298,NONE,0,-
2026-07-27 08:00:02,4087.0,NONE,NONE,NONE,-2300,NONE,0,-
2026-07-27 08:01:02,4087.0,NONE,NONE,NONE,-2231,NONE,0,-
2026-07-27 08:02:02,4086.9,NONE,NONE,NONE,-2227,NONE,0,-
2026-07-27 08:03:02,4090.3,NONE,NONE,NONE,-2214,NONE,0,-
2026-07-27 08:04:02,4086.8,NONE,NONE,NONE,-2226,NONE,0,-
2026-07-27 08:05:02,4085.3,NONE,NONE,NONE,-2265,NONE,0,-
2026-07-27 08:06:02,4086.8,BULLISH,NONE,NONE,-2244,NONE,0,-
2026-07-27 08:07:02,4084.6,NONE,NONE,NONE,-2328,NONE,0,-
2026-07-27 08:08:02,4086.0,BULLISH,NONE,NONE,-2278,NONE,0,-
2026-07-27 08:09:02,4086.3,NONE,NONE,NONE,-2267,NONE,0,-
2026-07-27 08:10:02,4085.1,NONE,NONE,NONE,-2277,NONE,0,-
2026-07-27 08:11:02,4084.3,NONE,NONE,NONE,-2357,NONE,0,-
2026-07-27 08:12:02,4086.5,NONE,NONE,NONE,-2341,NONE,0,-
2026-07-27 08:13:02,4089.6,NONE,NONE,NONE,-2233,NONE,0,-
2026-07-27 08:14:02,4087.2,NONE,NONE,NONE,-2237,NONE,0,-
2026-07-27 08:15:02,4087.3,NONE,NONE,NONE,-2230,NONE,0,-
2026-07-27 08:16:02,4087.5,NONE,NONE,NONE,-2217,NONE,0,-
2026-07-27 08:17:02,4085.4,NONE,NONE,NONE,-2270,NONE,0,CIERRE TIME(25m) mae=4.0
2026-07-27 08:18:02,4083.7,BULLISH,NONE,NONE,-2259,NONE,0,-
2026-07-27 08:19:02,4085.6,BULLISH,NONE,NONE,-2242,BUY,1,ABRE BUY
2026-07-27 08:20:02,4085.4,NONE,NONE,NONE,-2245,NONE,0,-
2026-07-27 08:21:02,4084.1,NONE,NONE,NONE,-2281,NONE,0,-
2026-07-27 08:22:02,4084.3,NONE,NONE,NONE,-2280,NONE,0,-
2026-07-27 08:23:02,4085.9,BEARISH,NONE,NONE,-2258,NONE,0,-
2026-07-27 08:24:02,4086.7,BEARISH,NONE,NONE,-2248,SELL,1,-
2026-07-27 08:25:02,4086.1,NONE,NONE,NONE,-2232,NONE,0,-
2026-07-27 08:26:02,4085.3,NONE,NONE,NONE,-2232,NONE,0,-
2026-07-27 08:27:02,4085.7,NONE,NONE,NONE,-2268,NONE,0,-
2026-07-27 08:28:02,4085.1,NONE,NONE,NONE,-2233,NONE,0,-
2026-07-27 08:29:02,4079.2,NONE,NONE,NONE,-2793,NONE,0,CIERRE SL mae=8.0
2026-07-27 08:30:02,4079.0,NONE,NONE,NONE,-3,NONE,0,-
2026-07-27 08:31:02,4082.4,NONE,NONE,NONE,201,NONE,0,-
2026-07-27 08:32:02,4081.1,NONE,NONE,NONE,199,NONE,0,-
2026-07-27 08:33:02,4079.5,NONE,NONE,NONE,135,NONE,0,-
2026-07-27 08:34:02,4081.5,NONE,NONE,NONE,198,NONE,0,-
2026-07-27 08:35:02,4081.9,NONE,NONE,NONE,259,NONE,0,-
2026-07-27 08:36:02,4083.5,NONE,NONE,NONE,333,NONE,0,-
2026-07-27 08:37:02,4084.6,NONE,NONE,NONE,391,NONE,0,-
2026-07-27 08:38:02,4083.4,NONE,NONE,NONE,349,NONE,0,-
2026-07-27 08:39:02,4088.0,NONE,NONE,NONE,473,NONE,0,-
2026-07-27 08:40:02,4087.5,NONE,NONE,NONE,521,NONE,0,-
2026-07-27 08:41:02,4087.5,NONE,NONE,NONE,519,NONE,0,-
2026-07-27 08:42:02,4090.2,NONE,NONE,NONE,578,NONE,0,-
2026-07-27 08:43:02,4089.8,NONE,NONE,NONE,590,NONE,0,-
2026-07-27 08:44:02,4087.3,NONE,NONE,NONE,501,NONE,0,-
2026-07-27 08:45:02,4088.8,NONE,NONE,NONE,469,NONE,0,-
2026-07-27 08:46:02,4088.4,NONE,NONE,NONE,493,NONE,0,-
2026-07-27 08:47:02,4088.5,NONE,NONE,NONE,482,NONE,0,-
2026-07-27 08:48:02,4089.3,NONE,NONE,NONE,478,NONE,0,-
2026-07-27 08:49:02,4091.1,NONE,NONE,NONE,605,NONE,0,-
2026-07-27 08:50:02,4089.6,NONE,NONE,NONE,604,NONE,0,-
2026-07-27 08:51:02,4089.4,NONE,NONE,NONE,586,NONE,0,-
2026-07-27 08:52:02,4090.5,NONE,NONE,NONE,556,NONE,0,-
2026-07-27 08:53:02,4087.9,NONE,NONE,NONE,484,NONE,0,-
2026-07-27 08:54:02,4087.8,NONE,NONE,NONE,456,NONE,0,-
2026-07-27 08:55:02,4085.9,NONE,NONE,NONE,400,NONE,0,-
2026-07-27 08:56:02,4081.6,NONE,NONE,NONE,221,NONE,0,-
2026-07-27 08:57:02,4077.0,NONE,NONE,NONE,-12,NONE,0,-
2026-07-27 08:58:02,4076.4,NONE,NONE,NONE,7,NONE,0,-
2026-07-27 08:59:02,4073.4,NONE,NONE,NONE,-211,NONE,0,-
2026-07-27 09:00:02,4075.3,NONE,NONE,NONE,-152,NONE,0,-
2026-07-27 09:01:02,4075.4,NONE,NONE,NONE,-237,NONE,0,-
2026-07-27 09:02:02,4079.1,NONE,NONE,NONE,-179,NONE,0,-
2026-07-27 09:03:02,4080.6,BEARISH,NONE,NONE,-134,NONE,0,-
2026-07-27 09:04:02,4077.9,NONE,NONE,NONE,-123,NONE,0,-
2026-07-27 09:05:02,4077.7,NONE,NONE,NONE,-109,NONE,0,-
2026-07-27 09:06:02,4077.7,NONE,NONE,NONE,-99,NONE,0,-
2026-07-27 09:07:02,4076.7,NONE,NONE,NONE,-121,NONE,0,-
2026-07-27 09:08:02,4077.3,NONE,NONE,NONE,-62,NONE,0,-
2026-07-27 09:09:02,4078.0,NONE,NONE,NONE,-33,NONE,0,-
2026-07-27 09:10:02,4079.4,NONE,NONE,NONE,30,NONE,0,-
2026-07-27 09:11:02,4076.2,NONE,NONE,NONE,-120,NONE,0,-
2026-07-27 09:12:02,4076.4,NONE,NONE,NONE,-150,NONE,0,-
2026-07-27 09:13:02,4078.2,NONE,NONE,NONE,-132,NONE,0,-
2026-07-27 09:14:02,4077.5,NONE,NONE,NONE,-135,NONE,0,-
2026-07-27 09:15:02,4078.8,NONE,NONE,NONE,-109,NONE,0,-
2026-07-27 09:16:02,4077.5,NONE,NONE,NONE,-62,NONE,0,-
2026-07-27 09:17:02,4079.0,NONE,NONE,NONE,-76,NONE,0,-
2026-07-27 09:18:02,4079.8,NONE,NONE,NONE,-89,NONE,0,-
2026-07-27 09:19:02,4078.6,NONE,NONE,NONE,-117,NONE,0,-
2026-07-27 09:20:02,4078.2,NONE,NONE,NONE,-90,NONE,0,-
2026-07-27 09:21:02,4075.1,NONE,NONE,NONE,-189,NONE,0,-
2026-07-27 09:22:02,4077.4,BULLISH,NONE,NONE,-158,NONE,0,-
2026-07-27 09:23:02,4076.2,NONE,NONE,NONE,-162,NONE,0,-
2026-07-27 09:24:02,4075.3,NONE,NONE,NONE,-139,NONE,0,-
2026-07-27 09:25:02,4075.8,BULLISH,NONE,NONE,-156,NONE,0,-
2026-07-27 09:26:02,4075.0,NONE,NONE,NONE,-180,NONE,0,-
2026-07-27 09:27:02,4075.2,NONE,NONE,NONE,-182,NONE,0,-
2026-07-27 09:28:02,4072.5,NONE,NONE,NONE,-341,NONE,0,-
2026-07-27 09:29:02,4072.2,NONE,BUY,NONE,-588,NONE,0,-
2026-07-27 09:30:02,4070.8,NONE,NONE,NONE,-627,NONE,0,-
2026-07-27 09:31:02,4070.4,NONE,NONE,NONE,-689,NONE,0,-
2026-07-27 09:32:02,4070.4,NONE,NONE,NONE,-630,NONE,0,-
2026-07-27 09:33:02,4070.9,NONE,NONE,NONE,-615,NONE,0,-
2026-07-27 09:34:02,4068.6,NONE,NONE,NONE,-630,NONE,0,-
2026-07-27 09:35:02,4070.2,NONE,NONE,NONE,-593,NONE,0,-
2026-07-27 09:36:02,4072.3,NONE,NONE,NONE,-589,NONE,0,-
2026-07-27 09:37:02,4069.0,BEARISH,NONE,NONE,-601,NONE,0,-
2026-07-27 09:38:02,4071.3,NONE,NONE,NONE,-649,NONE,0,-
2026-07-27 09:39:02,4071.2,NONE,NONE,NONE,-627,NONE,0,-
2026-07-27 09:40:02,4070.2,NONE,NONE,NONE,-638,NONE,0,-
2026-07-27 09:41:02,4070.6,NONE,NONE,NONE,-615,NONE,0,-
2026-07-27 09:42:02,4068.9,NONE,NONE,NONE,-737,NONE,0,-
2026-07-27 09:43:02,4067.8,NONE,NONE,NONE,-747,NONE,0,-
2026-07-27 09:44:02,4070.8,NONE,NONE,NONE,-686,NONE,0,-
2026-07-27 09:45:02,4071.3,NONE,NONE,NONE,-675,NONE,0,-
2026-07-27 09:46:02,4071.8,NONE,NONE,NONE,-560,NONE,0,-
2026-07-27 09:47:02,4074.7,NONE,NONE,NONE,-372,NONE,0,-
2026-07-27 09:48:02,4074.1,NONE,NONE,NONE,-343,NONE,0,-
2026-07-27 09:49:02,4074.5,NONE,NONE,NONE,-279,NONE,0,-
2026-07-27 09:50:02,4073.9,NONE,NONE,NONE,-433,NONE,0,-
2026-07-27 09:51:02,4073.0,NONE,NONE,NONE,-420,NONE,0,-
2026-07-27 09:52:02,4074.5,NONE,NONE,NONE,-412,NONE,0,-
2026-07-27 09:53:02,4076.3,NONE,NONE,NONE,-265,NONE,0,-
2026-07-27 09:54:02,4075.1,NONE,NONE,NONE,-245,NONE,0,-
2026-07-27 09:55:02,4075.3,NONE,NONE,NONE,-243,NONE,0,-
2026-07-27 09:56:02,4075.2,NONE,NONE,NONE,-215,NONE,0,-
2026-07-27 09:57:02,4076.4,NONE,NONE,NONE,-151,NONE,0,-
2026-07-27 09:58:02,4075.8,NONE,NONE,NONE,-134,NONE,0,-
2026-07-27 09:59:02,4076.5,NONE,NONE,NONE,-133,NONE,0,-
2026-07-27 10:00:02,4078.1,NONE,NONE,NONE,-35,NONE,0,-
2026-07-27 10:01:02,4076.6,NONE,NONE,NONE,-208,NONE,0,-
2026-07-27 10:02:02,4074.8,BULLISH,NONE,NONE,-216,NONE,0,-
2026-07-27 10:03:02,4075.3,NONE,NONE,NONE,-217,NONE,0,-
2026-07-27 10:04:02,4075.0,NONE,NONE,NONE,-217,NONE,0,-
2026-07-27 10:05:02,4077.0,NONE,NONE,NONE,-119,NONE,0,-
2026-07-27 10:06:02,4077.0,NONE,NONE,NONE,-63,NONE,0,-
2026-07-27 10:07:02,4075.6,NONE,NONE,NONE,-82,NONE,0,-
2026-07-27 10:08:02,4076.8,NONE,NONE,NONE,-75,NONE,0,-
2026-07-27 10:09:02,4077.0,NONE,NONE,NONE,-92,NONE,0,-
2026-07-27 10:10:02,4074.7,NONE,NONE,NONE,-154,NONE,0,-
2026-07-27 10:11:02,4075.0,NONE,NONE,NONE,-179,NONE,0,-
2026-07-27 10:12:02,4075.3,NONE,NONE,NONE,-165,NONE,0,-
2026-07-27 10:13:02,4075.3,NONE,NONE,NONE,-186,NONE,0,-
2026-07-27 10:14:02,4077.0,NONE,NONE,NONE,-161,NONE,0,-
2026-07-27 10:15:02,4078.5,NONE,NONE,NONE,-58,NONE,0,-
2026-07-27 10:16:02,4078.8,NONE,NONE,NONE,22,NONE,0,-
2026-07-27 10:17:02,4080.3,NONE,NONE,NONE,167,NONE,0,-
2026-07-27 10:18:02,4079.3,NONE,NONE,NONE,154,NONE,0,-
2026-07-27 10:19:02,4079.6,NONE,NONE,NONE,151,NONE,0,-
2026-07-27 10:20:02,4080.2,NONE,NONE,NONE,193,NONE,0,-
2026-07-27 10:21:02,4080.6,NONE,NONE,NONE,179,NONE,0,-
2026-07-27 10:22:02,4079.5,NONE,NONE,NONE,241,NONE,0,-
2026-07-27 10:23:02,4080.0,NONE,NONE,NONE,235,NONE,0,-
2026-07-27 10:24:02,4078.0,NONE,NONE,NONE,148,NONE,0,-
2026-07-27 10:25:02,4077.8,NONE,NONE,NONE,80,NONE,0,-
2026-07-27 10:26:02,4077.2,NONE,NONE,NONE,41,NONE,0,-
2026-07-27 10:27:02,4078.0,BULLISH,NONE,NONE,46,NONE,0,-
2026-07-27 10:28:02,4077.7,NONE,NONE,NONE,49,NONE,0,-
2026-07-27 10:29:02,4077.9,NONE,NONE,NONE,52,NONE,0,-
2026-07-27 10:30:02,4078.8,NONE,NONE,NONE,102,NONE,0,-
2026-07-27 10:31:02,4077.7,NONE,NONE,NONE,93,NONE,0,-
2026-07-27 10:32:02,4079.3,NONE,NONE,NONE,155,NONE,0,-
2026-07-27 10:33:02,4076.1,NONE,NONE,NONE,17,NONE,0,-
2026-07-27 10:34:02,4075.7,BULLISH,NONE,NONE,-12,NONE,0,-
2026-07-27 10:35:02,4075.4,NONE,NONE,NONE,-35,NONE,0,-
2026-07-27 10:36:02,4076.1,NONE,NONE,NONE,-55,NONE,0,-
2026-07-27 10:37:02,4075.2,NONE,NONE,NONE,-51,NONE,0,-
2026-07-27 10:38:02,4074.9,NONE,NONE,NONE,-57,NONE,0,-
2026-07-27 10:39:02,4076.1,NONE,NONE,NONE,-61,NONE,0,-
2026-07-27 10:40:02,4076.2,NONE,NONE,NONE,-23,NONE,0,-
2026-07-27 10:41:02,4076.1,NONE,NONE,NONE,-34,NONE,0,-
2026-07-27 10:42:02,4078.0,NONE,NONE,NONE,3,NONE,0,-
2026-07-27 10:43:02,4076.7,NONE,NONE,NONE,1,NONE,0,-
2026-07-27 10:44:02,4076.8,NONE,NONE,NONE,16,NONE,0,-
2026-07-27 10:45:02,4078.7,BEARISH,NONE,NONE,14,NONE,0,-
2026-07-27 10:46:02,4077.3,NONE,NONE,NONE,13,NONE,0,-
2026-07-27 10:47:02,4078.8,NONE,NONE,NONE,29,NONE,0,-
2026-07-27 10:48:02,4077.6,BULLISH,NONE,NONE,7,NONE,0,-
2026-07-27 10:49:02,4078.0,NONE,NONE,NONE,-1,NONE,0,-
2026-07-27 10:50:02,4078.6,NONE,NONE,NONE,14,NONE,0,-
2026-07-27 10:51:02,4079.8,NONE,NONE,NONE,65,NONE,0,-
2026-07-27 10:52:02,4079.6,NONE,NONE,NONE,100,NONE,0,-
2026-07-27 10:53:02,4080.3,NONE,BUY,NONE,151,NONE,0,-
2026-07-27 10:54:02,4081.6,NONE,NONE,NONE,188,NONE,0,-
2026-07-27 10:55:02,4080.1,NONE,SELL,NONE,197,NONE,0,-
2026-07-27 10:56:02,4080.6,NONE,NONE,NONE,198,NONE,0,-
2026-07-27 10:57:02,4080.5,NONE,NONE,NONE,201,NONE,0,-
2026-07-27 10:58:02,4080.9,NONE,NONE,NONE,230,NONE,0,-
2026-07-27 10:59:02,4080.9,NONE,NONE,NONE,237,NONE,0,-
2026-07-28 02:00:02,4048.3,NONE,NONE,NONE,-2411,NONE,0,-
2026-07-28 02:01:02,4048.8,NONE,NONE,NONE,-2432,NONE,0,-
2026-07-28 02:02:02,4049.5,NONE,NONE,NONE,-2394,NONE,0,-
2026-07-28 02:03:02,4050.1,NONE,NONE,NONE,-2364,NONE,0,-
2026-07-28 02:04:02,4048.9,NONE,NONE,NONE,-2381,NONE,0,-
2026-07-28 02:05:02,4048.9,NONE,NONE,NONE,-2388,NONE,0,-
2026-07-28 02:06:02,4048.5,NONE,NONE,NONE,-2393,NONE,0,-
2026-07-28 02:07:02,4048.5,NONE,NONE,NONE,-2398,NONE,0,-
2026-07-28 02:08:02,4049.3,NONE,NONE,NONE,-2404,NONE,0,-
2026-07-28 02:09:02,4049.9,NONE,NONE,NONE,-2405,NONE,0,-
2026-07-28 02:10:02,4050.3,BEARISH,NONE,NONE,-2392,NONE,0,-
2026-07-28 02:11:02,4050.5,NONE,NONE,NONE,-2381,NONE,0,-
2026-07-28 02:12:02,4051.0,NONE,NONE,NONE,-2357,NONE,0,-
2026-07-28 02:13:02,4050.4,NONE,NONE,NONE,-2352,NONE,0,-
2026-07-28 02:14:02,4049.5,NONE,NONE,NONE,-2349,NONE,0,-
2026-07-28 02:15:02,4049.0,NONE,NONE,NONE,-2335,NONE,0,-
2026-07-28 02:16:02,4049.5,BULLISH,NONE,NONE,-2344,NONE,0,-
2026-07-28 02:17:02,4050.7,NONE,NONE,NONE,-2314,NONE,0,-
2026-07-28 02:18:02,4051.2,NONE,NONE,NONE,-2319,NONE,0,-
2026-07-28 02:19:02,4051.8,NONE,NONE,NONE,-2276,NONE,0,-
2026-07-28 02:20:02,4051.3,NONE,NONE,NONE,-2276,NONE,0,-
2026-07-28 02:21:02,4051.7,BEARISH,NONE,NONE,-2279,NONE,0,-
2026-07-28 02:22:02,4051.6,NONE,NONE,NONE,-2245,NONE,0,-
2026-07-28 02:23:02,4052.3,NONE,NONE,NONE,-2229,NONE,0,-
2026-07-28 02:24:02,4051.6,NONE,NONE,NONE,-2221,NONE,0,-
2026-07-28 02:25:02,4051.2,BULLISH,NONE,NONE,-2245,NONE,0,-
2026-07-28 02:26:02,4051.7,BULLISH,NONE,NONE,-2259,BUY,1,ABRE BUY mom=20
2026-07-28 02:27:02,4051.6,NONE,NONE,NONE,-2268,NONE,0,-
2026-07-28 02:28:02,4051.7,NONE,NONE,NONE,-2250,NONE,0,-
2026-07-28 02:29:02,4051.5,BEARISH,NONE,NONE,-2250,NONE,0,-
2026-07-28 02:30:02,4050.6,NONE,NONE,NONE,-2287,NONE,0,-
2026-07-28 02:31:02,4050.6,NONE,NONE,NONE,-2299,NONE,0,-
2026-07-28 02:32:02,4050.7,NONE,NONE,NONE,-2305,NONE,0,-
2026-07-28 02:33:02,4050.2,NONE,NONE,NONE,-2309,NONE,0,-
2026-07-28 02:34:02,4049.8,BULLISH,NONE,NONE,-2299,NONE,0,-
2026-07-28 02:35:02,4049.0,BULLISH,NONE,NONE,-2305,BUY,1,-
2026-07-28 02:36:02,4049.8,NONE,NONE,NONE,-2307,NONE,0,-
2026-07-28 02:37:02,4050.3,NONE,NONE,NONE,-2300,NONE,0,-
2026-07-28 02:38:02,4049.7,NONE,NONE,NONE,-2303,NONE,0,-
2026-07-28 02:39:02,4050.2,BULLISH,NONE,NONE,-2300,NONE,0,-
2026-07-28 02:40:02,4050.9,NONE,NONE,NONE,-2277,NONE,0,-
2026-07-28 02:41:02,4050.0,NONE,NONE,NONE,-2280,NONE,0,-
2026-07-28 02:42:02,4049.6,NONE,NONE,NONE,-2306,NONE,0,-
2026-07-28 02:43:02,4050.2,NONE,NONE,NONE,-2309,NONE,0,-
2026-07-28 02:44:02,4050.0,NONE,NONE,NONE,-2305,NONE,0,-
2026-07-28 02:45:02,4049.7,NONE,NONE,NONE,-2322,NONE,0,-
2026-07-28 02:46:02,4048.2,NONE,NONE,NONE,-2339,NONE,0,-
2026-07-28 02:47:02,4048.4,NONE,NONE,NONE,-2356,NONE,0,-
2026-07-28 02:48:02,4048.2,NONE,NONE,NONE,-2362,NONE,0,-
2026-07-28 02:49:02,4047.7,NONE,NONE,NONE,-2355,NONE,0,-
2026-07-28 02:50:02,4048.0,NONE,NONE,NONE,-2343,NONE,0,-
2026-07-28 02:51:02,4049.2,NONE,NONE,NONE,-2308,NONE,0,CIERRE TIME(25m) mae=4.6 mom=20
2026-07-28 02:52:02,4048.4,NONE,NONE,NONE,-2330,NONE,0,-
2026-07-28 02:53:02,4049.7,NONE,NONE,NONE,-2325,NONE,0,-
2026-07-28 02:54:02,4049.0,NONE,NONE,NONE,-2336,NONE,0,-
2026-07-28 02:55:02,4049.1,NONE,NONE,NONE,-2314,NONE,0,-
2026-07-28 02:56:02,4049.1,NONE,NONE,NONE,-2315,NONE,0,-
2026-07-28 02:57:02,4048.7,NONE,NONE,NONE,-2309,NONE,0,-
2026-07-28 02:58:02,4047.9,NONE,NONE,NONE,-2317,NONE,0,-
2026-07-28 02:59:02,4046.7,NONE,NONE,NONE,-2345,NONE,0,-
2026-07-28 03:00:02,4047.1,NONE,NONE,NONE,-2347,NONE,0,-
2026-07-28 03:01:02,4048.4,NONE,NONE,NONE,-2341,NONE,0,-
2026-07-28 03:02:02,4049.8,BEARISH,NONE,NONE,-2328,NONE,0,-
2026-07-28 03:03:02,4052.1,NONE,NONE,NONE,-2211,NONE,0,-
2026-07-28 03:04:02,4052.1,NONE,NONE,NONE,-2264,NONE,0,-
2026-07-28 03:05:02,4051.5,NONE,NONE,NONE,-2256,NONE,0,-
2026-07-28 03:06:02,4050.9,NONE,NONE,NONE,-2238,NONE,0,-
2026-07-28 03:07:02,4055.0,NONE,NONE,NONE,-2061,NONE,0,-
2026-07-28 03:08:02,4052.5,NONE,NONE,NONE,-2082,NONE,0,-
2026-07-28 03:09:02,4050.9,NONE,NONE,NONE,-2119,NONE,0,-
2026-07-28 03:10:02,4049.0,BULLISH,NONE,NONE,-2164,NONE,0,-
2026-07-28 03:11:02,4045.8,NONE,NONE,NONE,-2357,NONE,0,-
2026-07-28 03:12:02,4044.7,NONE,NONE,NONE,-2413,NONE,0,-
2026-07-28 03:13:02,4043.9,NONE,NONE,NONE,-2419,NONE,0,-
2026-07-28 03:14:02,4045.5,NONE,NONE,NONE,-2358,NONE,0,-
2026-07-28 03:15:02,4044.2,NONE,NONE,NONE,-2335,NONE,0,-
2026-07-28 03:16:02,4049.2,NONE,NONE,NONE,-2315,NONE,0,-
2026-07-28 03:17:02,4048.0,BEARISH,NONE,NONE,-2319,NONE,0,-
2026-07-28 03:18:02,4047.6,BEARISH,NONE,NONE,-2328,SELL,1,ABRE SELL mom=91
2026-07-28 03:19:02,4048.6,NONE,NONE,NONE,-2337,NONE,0,-
2026-07-28 03:20:02,4048.7,NONE,NONE,NONE,-2300,NONE,0,-
2026-07-28 03:21:02,4049.0,NONE,NONE,NONE,-2286,NONE,0,-
2026-07-28 03:22:02,4050.2,NONE,NONE,NONE,-2256,NONE,0,-
2026-07-28 03:23:02,4049.1,NONE,NONE,NONE,-2283,NONE,0,-
2026-07-28 03:24:02,4050.9,NONE,NONE,NONE,-2248,NONE,0,-
2026-07-28 03:25:02,4051.1,NONE,NONE,NONE,-2254,NONE,0,-
2026-07-28 03:26:02,4049.5,NONE,NONE,NONE,-2241,NONE,0,-
2026-07-28 03:27:02,4049.1,NONE,NONE,NONE,-2238,NONE,0,-
2026-07-28 03:28:02,4049.8,NONE,NONE,NONE,-2138,NONE,0,-
2026-07-28 03:29:02,4049.4,NONE,NONE,NONE,-2145,NONE,0,-
2026-07-28 03:30:02,4049.8,BULLISH,NONE,NONE,-2162,NONE,0,-
2026-07-28 03:31:02,4046.9,BULLISH,NONE,NONE,-2314,BUY,1,-
2026-07-28 03:32:02,4047.6,NONE,NONE,NONE,-2288,NONE,0,-
2026-07-28 03:33:02,4046.0,NONE,NONE,NONE,-2324,NONE,0,-
2026-07-28 03:34:02,4045.2,NONE,NONE,NONE,-2246,NONE,0,-
2026-07-28 03:35:03,4045.9,NONE,NONE,NONE,-2251,NONE,0,-
2026-07-28 03:36:02,4045.7,NONE,NONE,NONE,-2254,NONE,0,-
2026-07-28 03:37:02,4045.0,NONE,NONE,NONE,-2266,NONE,0,-
2026-07-28 03:38:02,4046.0,NONE,NONE,NONE,-2250,NONE,0,-
2026-07-28 03:39:02,4045.5,BEARISH,NONE,NONE,-2271,NONE,0,-
2026-07-28 03:40:02,4043.8,NONE,NONE,NONE,-2392,NONE,0,-
2026-07-28 03:41:02,4044.0,NONE,NONE,NONE,-2376,NONE,0,-
2026-07-28 03:42:02,4043.8,NONE,NONE,NONE,-2417,NONE,0,-
2026-07-28 03:43:02,4043.4,NONE,NONE,NONE,-2450,NONE,0,CIERRE TIME(25m) mae=4.3 mom=91
2026-07-28 03:44:02,4044.4,NONE,NONE,NONE,-2439,NONE,0,-
2026-07-28 03:45:02,4043.4,NONE,NONE,NONE,-2443,NONE,0,-
2026-07-28 03:46:02,4043.8,NONE,NONE,NONE,-2456,NONE,0,-
2026-07-28 03:47:02,4044.4,NONE,NONE,NONE,-2447,NONE,0,-
2026-07-28 03:48:02,4043.9,NONE,NONE,NONE,-2467,NONE,0,-
2026-07-28 03:49:02,4044.7,NONE,NONE,NONE,-2476,NONE,0,-
2026-07-28 03:50:02,4045.0,NONE,NONE,NONE,-2481,NONE,0,-
2026-07-28 03:51:02,4045.7,NONE,NONE,NONE,-2465,NONE,0,-
2026-07-28 03:52:02,4044.1,NONE,NONE,NONE,-2468,NONE,0,-
2026-07-28 03:53:02,4043.6,NONE,NONE,NONE,-2472,NONE,0,-
2026-07-28 03:54:02,4043.3,NONE,NONE,NONE,-2470,NONE,0,-
2026-07-28 03:55:02,4042.5,BULLISH,NONE,NONE,-2489,NONE,0,-
2026-07-28 03:56:02,4042.8,NONE,NONE,NONE,-2492,NONE,0,-
2026-07-28 03:57:02,4043.0,NONE,NONE,NONE,-2478,NONE,0,-
2026-07-28 03:58:02,4043.0,NONE,NONE,NONE,-2493,NONE,0,-
2026-07-28 03:59:02,4044.1,BEARISH,NONE,NONE,-2516,NONE,0,-
2026-07-28 04:00:02,4045.6,BEARISH,NONE,NONE,-2535,SELL,1,ABRE SELL mom=46
2026-07-28 04:01:02,4045.9,NONE,NONE,NONE,-2535,NONE,0,-
2026-07-28 04:02:02,4045.7,NONE,NONE,NONE,-2538,NONE,0,-
2026-07-28 04:03:02,4044.9,BEARISH,NONE,NONE,-2533,NONE,0,-
2026-07-28 04:04:02,4043.9,BEARISH,NONE,NONE,-2539,SELL,1,-
2026-07-28 04:05:02,4043.0,BULLISH,NONE,NONE,-2530,NONE,0,-
2026-07-28 04:06:02,4042.4,NONE,NONE,NONE,-2563,NONE,0,-
2026-07-28 04:07:02,4042.4,NONE,NONE,NONE,-2569,NONE,0,-
2026-07-28 04:08:02,4042.6,NONE,NONE,NONE,-2591,NONE,0,-
2026-07-28 04:09:02,4041.7,NONE,NONE,NONE,-2595,NONE,0,-
2026-07-28 04:10:02,4042.9,NONE,NONE,NONE,-2605,NONE,0,-
2026-07-28 04:11:02,4043.0,NONE,NONE,NONE,-2601,NONE,0,-
2026-07-28 04:12:02,4042.5,NONE,NONE,NONE,-2600,NONE,0,-
2026-07-28 04:13:02,4042.9,NONE,NONE,NONE,-2599,NONE,0,-
2026-07-28 04:14:02,4041.6,NONE,NONE,NONE,-2608,NONE,0,-
2026-07-28 04:15:02,4043.1,BULLISH,NONE,NONE,-2572,NONE,0,-
2026-07-28 04:16:02,4041.6,NONE,NONE,NONE,-2584,NONE,0,-
2026-07-28 04:17:02,4042.1,NONE,NONE,NONE,-2583,NONE,0,-
2026-07-28 04:18:02,4043.0,NONE,NONE,NONE,-2554,NONE,0,-
2026-07-28 04:19:02,4042.7,NONE,NONE,NONE,-2557,NONE,0,-
2026-07-28 04:20:02,4043.5,NONE,NONE,NONE,-2569,NONE,0,-
2026-07-28 04:21:02,4043.5,NONE,NONE,NONE,-2576,NONE,0,-
2026-07-28 04:22:02,4043.4,NONE,NONE,NONE,-2580,NONE,0,-
2026-07-28 04:23:02,4042.8,NONE,NONE,NONE,-2580,NONE,0,-
2026-07-28 04:24:02,4043.0,BULLISH,NONE,NONE,-2583,NONE,0,-
2026-07-28 04:25:02,4042.4,NONE,NONE,NONE,-2610,NONE,0,CIERRE TIME(25m) mae=0.8 mom=46
2026-07-28 04:26:02,4041.8,NONE,NONE,NONE,-2614,NONE,0,-
2026-07-28 04:27:02,4042.4,NONE,NONE,NONE,-2619,NONE,0,-
2026-07-28 04:28:02,4041.6,NONE,NONE,NONE,-2637,NONE,0,-
2026-07-28 04:29:02,4040.0,NONE,NONE,NONE,-2773,NONE,0,-
2026-07-28 04:30:02,4040.4,BULLISH,NONE,NONE,-2709,NONE,0,-
2026-07-28 04:31:02,4038.4,BULLISH,NONE,NONE,-2739,BUY,1,ABRE BUY mom=125
2026-07-28 04:32:02,4037.1,NONE,BUY,NONE,-2796,NONE,0,-
2026-07-28 04:33:02,4038.4,NONE,NONE,NONE,-2792,NONE,0,-
2026-07-28 04:34:02,4037.1,NONE,NONE,NONE,-2809,NONE,0,-
2026-07-28 04:35:02,4038.0,NONE,NONE,NONE,-2838,NONE,0,-
2026-07-28 04:36:02,4033.0,NONE,NONE,NONE,-3128,NONE,0,CIERRE SL mae=9.1 mom=125
2026-07-28 04:37:02,4032.2,NONE,NONE,NONE,-3122,NONE,0,-
2026-07-28 04:38:02,4031.5,NONE,NONE,NONE,-3133,NONE,0,-
2026-07-28 04:39:02,4031.8,NONE,NONE,NONE,-3162,NONE,0,-
2026-07-28 04:40:02,4031.5,NONE,NONE,NONE,-3185,NONE,0,-
2026-07-28 04:41:03,4032.6,NONE,NONE,NONE,-3179,NONE,0,-
2026-07-28 04:42:02,4033.4,NONE,NONE,NONE,-3167,NONE,0,-
2026-07-28 04:43:02,4033.2,NONE,NONE,NONE,-3187,NONE,0,-
2026-07-28 04:44:02,4032.8,BEARISH,NONE,NONE,-3225,NONE,0,-
2026-07-28 04:45:02,4033.1,NONE,NONE,NONE,-3238,NONE,0,-
2026-07-28 04:46:02,4033.2,NONE,NONE,NONE,-3240,NONE,0,-
2026-07-28 04:47:02,4033.7,NONE,NONE,NONE,-3228,NONE,0,-
2026-07-28 04:48:02,4031.7,NONE,NONE,NONE,-3246,NONE,0,-
2026-07-28 04:49:02,4029.8,NONE,NONE,NONE,-3297,NONE,0,-
2026-07-28 04:50:02,4031.1,NONE,NONE,NONE,-3272,NONE,0,-
2026-07-28 04:51:02,4028.6,NONE,NONE,NONE,-3318,NONE,0,-
2026-07-28 04:52:02,4029.5,NONE,NONE,NONE,-3308,NONE,0,-
2026-07-28 04:53:02,4030.1,NONE,NONE,NONE,-3249,NONE,0,-
2026-07-28 04:54:02,4030.3,NONE,NONE,NONE,-3241,NONE,0,-
2026-07-28 04:55:02,4030.0,NONE,NONE,NONE,-3259,NONE,0,-
2026-07-28 04:56:02,4029.4,NONE,NONE,NONE,-3278,NONE,0,-
2026-07-28 04:57:02,4028.8,NONE,NONE,NONE,-3315,NONE,0,-
2026-07-28 04:58:02,4019.7,NONE,NONE,NONE,-4048,NONE,0,-
2026-07-28 04:59:02,4022.3,NONE,NONE,NONE,-4005,NONE,0,-
2026-07-28 05:00:02,4022.7,NONE,NONE,NONE,-4006,NONE,0,-
2026-07-28 05:01:02,4023.2,NONE,NONE,NONE,-3983,NONE,0,-
2026-07-28 05:02:02,4023.1,NONE,NONE,NONE,-4030,NONE,0,-
2026-07-28 05:03:02,4024.9,NONE,NONE,NONE,-3974,NONE,0,-
2026-07-28 05:04:02,4024.1,NONE,NONE,NONE,-3984,NONE,0,-
2026-07-28 05:05:02,4024.8,NONE,NONE,NONE,-3998,NONE,0,-
2026-07-28 05:06:02,4024.1,NONE,NONE,NONE,-4003,NONE,0,-
2026-07-28 05:07:02,4025.0,NONE,NONE,NONE,-3977,NONE,0,-
2026-07-28 05:08:02,4027.0,NONE,NONE,NONE,-3950,NONE,0,-
2026-07-28 05:09:02,4023.4,NONE,NONE,NONE,-4019,NONE,0,-
2026-07-28 05:10:02,4022.0,NONE,NONE,NONE,-4124,NONE,0,-
2026-07-28 05:11:02,4022.1,BULLISH,NONE,NONE,-4126,NONE,0,-
2026-07-28 05:12:02,4022.0,NONE,NONE,NONE,-4145,NONE,0,-
2026-07-28 05:13:02,4022.6,NONE,NONE,NONE,-4127,NONE,0,-
2026-07-28 05:14:02,4022.8,NONE,NONE,NONE,-4159,NONE,0,-
2026-07-28 05:15:02,4023.7,NONE,NONE,NONE,-4124,NONE,0,-
2026-07-28 05:16:02,4023.8,NONE,NONE,NONE,-4117,NONE,0,-
2026-07-28 05:17:02,4024.9,NONE,NONE,NONE,-4110,NONE,0,-
2026-07-28 05:18:02,4024.9,NONE,NONE,NONE,-4091,NONE,0,-
2026-07-28 05:19:02,4023.8,NONE,NONE,NONE,-4098,NONE,0,-
2026-07-28 05:20:02,4022.8,NONE,NONE,NONE,-4165,NONE,0,-
2026-07-28 05:21:02,4020.1,NONE,NONE,NONE,-4222,NONE,0,-
2026-07-28 05:22:02,4019.8,NONE,NONE,NONE,-4226,NONE,0,-
2026-07-28 05:23:02,4019.1,NONE,NONE,NONE,-4212,NONE,0,-
2026-07-28 05:24:02,4018.6,NONE,NONE,NONE,-4288,NONE,0,-
2026-07-28 05:25:02,4019.2,NONE,NONE,NONE,-4281,NONE,0,-
2026-07-28 05:26:02,4018.2,NONE,NONE,NONE,-4297,NONE,0,-
2026-07-28 05:27:02,4017.2,NONE,NONE,NONE,-4331,NONE,0,-
2026-07-28 05:28:02,4018.6,NONE,NONE,NONE,-4338,NONE,0,-
2026-07-28 05:29:02,4017.6,NONE,NONE,NONE,-4345,NONE,0,-
2026-07-28 05:30:02,4016.7,NONE,NONE,NONE,-4321,NONE,0,-
2026-07-28 05:31:02,4017.0,NONE,NONE,NONE,-4302,NONE,0,-
2026-07-28 05:32:02,4019.4,NONE,NONE,NONE,-4260,NONE,0,-
2026-07-28 05:33:02,4022.8,NONE,NONE,NONE,-4163,NONE,0,-
2026-07-28 05:34:02,4022.4,NONE,NONE,NONE,-4193,NONE,0,-
2026-07-28 05:35:02,4022.2,NONE,NONE,NONE,-4242,NONE,0,-
2026-07-28 05:36:02,4021.5,NONE,NONE,NONE,-4267,NONE,0,-
2026-07-28 05:37:02,4021.4,NONE,NONE,NONE,-4288,NONE,0,-
2026-07-28 05:38:02,4021.9,NONE,NONE,NONE,-4278,NONE,0,-
2026-07-28 05:39:02,4021.9,NONE,NONE,NONE,-4264,NONE,0,-
2026-07-28 05:40:02,4021.5,NONE,NONE,NONE,-4243,NONE,0,-
2026-07-28 05:41:02,4020.3,NONE,NONE,NONE,-4282,NONE,0,-
2026-07-28 05:42:02,4020.5,NONE,NONE,NONE,-4273,NONE,0,-
2026-07-28 05:43:02,4022.0,NONE,NONE,NONE,-4258,NONE,0,-
2026-07-28 05:44:02,4021.6,NONE,NONE,NONE,-4248,NONE,0,-
2026-07-28 05:45:02,4021.9,NONE,NONE,NONE,-4243,NONE,0,-
2026-07-28 05:46:02,4022.3,BEARISH,NONE,NONE,-4265,NONE,0,-
2026-07-28 05:47:02,4024.7,NONE,NONE,NONE,-4189,NONE,0,-
2026-07-28 05:48:02,4024.4,NONE,NONE,NONE,-4207,NONE,0,-
2026-07-28 05:49:02,4025.6,NONE,NONE,NONE,-4187,NONE,0,-
2026-07-28 05:50:02,4023.4,NONE,NONE,NONE,-4208,NONE,0,-
2026-07-28 05:51:02,4023.8,NONE,NONE,NONE,-4207,NONE,0,-
2026-07-28 05:52:02,4024.1,NONE,NONE,NONE,-4216,NONE,0,-
2026-07-28 05:53:02,4025.1,NONE,NONE,NONE,-4196,NONE,0,-
2026-07-28 05:54:02,4027.3,NONE,NONE,NONE,-4153,NONE,0,-
2026-07-28 05:55:02,4027.4,NONE,NONE,NONE,-4122,NONE,0,-
2026-07-28 05:56:02,4027.2,NONE,NONE,NONE,-4127,NONE,0,-
2026-07-28 05:57:02,4027.6,BEARISH,NONE,NONE,-4125,NONE,0,-
2026-07-28 05:58:02,4027.8,BEARISH,NONE,NONE,-4120,SELL,1,ABRE SELL mom=76
2026-07-28 05:59:02,4026.0,NONE,NONE,NONE,-4141,NONE,0,-
2026-07-28 06:00:02,4026.7,BULLISH,NONE,NONE,-4102,NONE,0,-
2026-07-28 06:01:02,4027.6,NONE,NONE,NONE,-4088,NONE,0,-
2026-07-28 06:02:02,4026.3,NONE,NONE,NONE,-4100,NONE,0,-
2026-07-28 06:03:02,4026.9,NONE,NONE,NONE,-4087,NONE,0,-
2026-07-28 06:04:02,4025.1,BULLISH,NONE,NONE,-4129,NONE,0,-
2026-07-28 06:05:02,4025.8,NONE,NONE,NONE,-4130,NONE,0,-
2026-07-28 06:06:02,4025.5,NONE,NONE,NONE,-4164,NONE,0,-
2026-07-28 06:07:02,4025.6,NONE,NONE,NONE,-4180,NONE,0,-
2026-07-28 06:08:02,4027.0,NONE,NONE,NONE,-4162,NONE,0,-
2026-07-28 06:09:02,4027.7,BEARISH,NONE,NONE,-4153,NONE,0,-
2026-07-28 06:10:02,4027.2,NONE,NONE,NONE,-4137,NONE,0,-
2026-07-28 06:11:02,4027.3,NONE,NONE,NONE,-4149,NONE,0,-
2026-07-28 06:12:02,4026.4,NONE,NONE,NONE,-4159,NONE,0,-
2026-07-28 06:13:02,4025.1,NONE,NONE,NONE,-4172,NONE,0,-
2026-07-28 06:14:02,4023.2,NONE,NONE,NONE,-4246,NONE,0,-
2026-07-28 06:15:02,4024.3,NONE,NONE,NONE,-4239,NONE,0,-
2026-07-28 06:16:02,4028.8,BEARISH,NONE,NONE,-4161,NONE,0,-
2026-07-28 06:17:02,4027.6,BEARISH,NONE,NONE,-4186,SELL,1,-
2026-07-28 06:18:02,4028.0,NONE,NONE,NONE,-4194,NONE,0,-
2026-07-28 06:19:02,4030.2,NONE,NONE,NONE,-4118,NONE,0,-
2026-07-28 06:20:02,4029.5,NONE,NONE,NONE,-4137,NONE,0,-
2026-07-28 06:21:02,4029.2,NONE,NONE,NONE,-4130,NONE,0,-
2026-07-28 06:22:02,4029.4,NONE,NONE,NONE,-4102,NONE,0,-
2026-07-28 06:23:02,4028.9,NONE,NONE,NONE,-4126,NONE,0,CIERRE TIME(25m) mae=4.2 mom=76
2026-07-28 06:24:02,4029.9,NONE,NONE,NONE,-4121,NONE,0,-
2026-07-28 06:25:02,4027.7,NONE,NONE,NONE,-4150,NONE,0,-
2026-07-28 06:26:02,4028.0,NONE,NONE,NONE,-4167,NONE,0,-
2026-07-28 06:27:02,4027.6,NONE,NONE,NONE,-4148,NONE,0,-
2026-07-28 06:28:02,4026.9,NONE,NONE,NONE,-4186,NONE,0,-
2026-07-28 06:29:02,4026.7,NONE,NONE,NONE,-4178,NONE,0,-
2026-07-28 06:30:02,4027.6,NONE,NONE,NONE,-4157,NONE,0,-
2026-07-28 06:31:02,4027.3,NONE,NONE,NONE,-4164,NONE,0,-
2026-07-28 06:32:02,4028.2,NONE,NONE,NONE,-4148,NONE,0,-
2026-07-28 06:33:02,4026.3,NONE,NONE,NONE,-4177,NONE,0,-
2026-07-28 06:34:02,4026.2,NONE,NONE,NONE,-4197,NONE,0,-
2026-07-28 06:35:02,4026.7,NONE,NONE,NONE,-4190,NONE,0,-
2026-07-28 06:36:02,4027.4,NONE,NONE,NONE,-4192,NONE,0,-
2026-07-28 06:37:02,4029.4,NONE,NONE,NONE,-4127,NONE,0,-
2026-07-28 06:38:02,4029.3,NONE,NONE,NONE,-4090,NONE,0,-
2026-07-28 06:39:02,4029.8,NONE,NONE,NONE,-4102,NONE,0,-
2026-07-28 06:40:02,4028.8,NONE,NONE,NONE,-4081,NONE,0,-
2026-07-28 06:41:02,4028.6,NONE,NONE,NONE,-4066,NONE,0,-
2026-07-28 06:42:02,4028.5,NONE,NONE,NONE,-4097,NONE,0,-
2026-07-28 06:43:02,4027.4,BULLISH,NONE,NONE,-4105,NONE,0,-
2026-07-28 06:44:02,4026.9,BULLISH,NONE,NONE,-4080,BUY,1,ABRE BUY mom=22
2026-07-28 06:45:02,4026.7,NONE,NONE,NONE,-4113,NONE,0,-
2026-07-28 06:46:02,4027.0,NONE,NONE,NONE,-4099,NONE,0,-
2026-07-28 06:47:02,4026.3,NONE,NONE,NONE,-4148,NONE,0,-
2026-07-28 06:48:02,4025.6,NONE,NONE,NONE,-4175,NONE,0,-
2026-07-28 06:49:02,4027.4,NONE,NONE,NONE,-4148,NONE,0,-
2026-07-28 06:50:02,4025.9,BEARISH,NONE,NONE,-4156,NONE,0,-
2026-07-28 06:51:02,4024.0,NONE,NONE,NONE,-4201,NONE,0,-
2026-07-28 06:52:02,4024.2,BULLISH,NONE,NONE,-4190,NONE,0,-
2026-07-28 06:53:02,4023.8,BULLISH,NONE,NONE,-4203,BUY,1,-
2026-07-28 06:54:02,4023.4,NONE,NONE,NONE,-4201,NONE,0,-
2026-07-28 06:55:02,4024.5,NONE,NONE,NONE,-4173,NONE,0,-
2026-07-28 06:56:02,4025.7,NONE,NONE,NONE,-4153,NONE,0,-
2026-07-28 06:57:02,4026.4,NONE,NONE,NONE,-4147,NONE,0,-
2026-07-28 06:58:02,4024.8,NONE,NONE,NONE,-4172,NONE,0,-
2026-07-28 06:59:02,4026.5,NONE,NONE,NONE,-4165,NONE,0,-
2026-07-28 07:00:02,4026.8,NONE,NONE,NONE,-4109,NONE,0,-
2026-07-28 07:01:02,4023.7,BEARISH,NONE,NONE,-4180,NONE,0,-
2026-07-28 07:02:02,4024.2,NONE,NONE,NONE,-4150,NONE,0,-
2026-07-28 07:03:02,4024.6,NONE,NONE,NONE,-4139,NONE,0,-
2026-07-28 07:04:02,4025.2,NONE,NONE,NONE,-4143,NONE,0,-
2026-07-28 07:05:02,4025.9,NONE,NONE,NONE,-4159,NONE,0,-
2026-07-28 07:06:02,4026.8,NONE,NONE,NONE,-4112,NONE,0,-
2026-07-28 07:07:02,4026.4,BEARISH,NONE,NONE,-4139,NONE,0,-
2026-07-28 07:08:02,4026.5,NONE,NONE,NONE,-4136,NONE,0,-
2026-07-28 07:09:02,4026.0,NONE,NONE,NONE,-4148,NONE,0,CIERRE TIME(25m) mae=4.1 mom=22
2026-07-28 07:10:02,4025.7,NONE,NONE,NONE,-4156,NONE,0,-
2026-07-28 07:11:02,4022.9,BULLISH,NONE,NONE,-4190,NONE,0,-
2026-07-28 07:12:02,4023.8,BULLISH,NONE,NONE,-4182,BUY,1,ABRE BUY mom=43
2026-07-28 07:13:02,4025.2,NONE,BUY,NONE,-4176,NONE,0,-
2026-07-28 07:14:02,4027.3,NONE,NONE,NONE,-4140,NONE,0,-
2026-07-28 07:15:02,4027.7,NONE,NONE,NONE,-4120,NONE,0,-
2026-07-28 07:16:02,4026.4,NONE,NONE,NONE,-4103,NONE,0,-
2026-07-28 07:17:02,4026.3,NONE,NONE,NONE,-4093,NONE,0,-
2026-07-28 07:18:02,4027.1,NONE,NONE,NONE,-4069,NONE,0,-
2026-07-28 07:19:02,4027.0,NONE,NONE,NONE,-4069,NONE,0,-
2026-07-28 07:20:02,4029.9,NONE,NONE,NONE,-3942,NONE,0,-
2026-07-28 07:21:02,4030.4,NONE,NONE,NONE,-3906,NONE,0,-
2026-07-28 07:22:02,4031.3,BEARISH,NONE,NONE,-3908,NONE,0,-
2026-07-28 07:23:02,4029.8,NONE,NONE,NONE,-3913,NONE,0,-
2026-07-28 07:24:02,4033.1,NONE,NONE,NONE,-3809,NONE,0,CIERRE TP mae=1.8 mom=43
2026-07-28 07:25:02,4033.6,BEARISH,NONE,NONE,-3818,NONE,0,-
2026-07-28 07:26:02,4031.4,NONE,NONE,NONE,-3809,NONE,0,-
2026-07-28 07:27:02,4032.1,NONE,NONE,NONE,-3812,NONE,0,-
2026-07-28 07:28:02,4033.0,NONE,NONE,NONE,-3791,NONE,0,-
2026-07-28 07:29:02,4033.6,NONE,NONE,NONE,-3779,NONE,0,-
2026-07-28 07:30:02,4032.4,NONE,NONE,NONE,-3795,NONE,0,-
2026-07-28 07:31:02,4031.3,NONE,NONE,NONE,-3835,NONE,0,-
2026-07-28 07:32:02,4029.1,NONE,NONE,NONE,-3917,NONE,0,-
2026-07-28 07:33:02,4028.3,NONE,NONE,NONE,-3925,NONE,0,-
2026-07-28 07:34:02,4028.0,NONE,NONE,NONE,-3942,NONE,0,-
2026-07-28 07:35:02,4027.9,NONE,BUY,NONE,-4045,NONE,0,-
2026-07-28 07:36:02,4027.5,NONE,NONE,NONE,-4054,NONE,0,-
2026-07-28 07:37:02,4028.5,NONE,NONE,NONE,-4089,NONE,0,-
2026-07-28 07:38:02,4026.4,BEARISH,NONE,NONE,-4157,NONE,0,-
2026-07-28 07:39:02,4028.8,NONE,NONE,NONE,-4115,NONE,0,-
2026-07-28 07:40:02,4028.0,NONE,NONE,NONE,-4145,NONE,0,-
2026-07-28 07:41:02,4030.3,BEARISH,NONE,NONE,-4125,NONE,0,-
2026-07-28 07:42:02,4032.0,BEARISH,NONE,NONE,-4150,SELL,1,ABRE SELL mom=61
2026-07-28 07:43:02,4032.3,BEARISH,NONE,NONE,-4139,SELL,1,-
2026-07-28 07:44:02,4033.6,BEARISH,NONE,NONE,-4124,SELL,1,-
2026-07-28 07:45:02,4033.8,NONE,NONE,NONE,-4124,NONE,0,-
2026-07-28 07:46:02,4034.9,NONE,NONE,NONE,-4020,NONE,0,-
2026-07-28 07:47:02,4035.3,NONE,NONE,NONE,-3971,NONE,0,-
2026-07-28 07:48:02,4035.6,NONE,NONE,NONE,-3948,NONE,0,-
2026-07-28 07:49:02,4035.6,BEARISH,NONE,NONE,-3998,NONE,0,CIERRE SL mae=6.0 mom=61
2026-07-28 07:50:02,4034.3,NONE,NONE,NONE,-4036,NONE,0,-
2026-07-28 07:51:02,4033.1,NONE,NONE,NONE,-4076,NONE,0,-
2026-07-28 07:52:02,4033.8,NONE,NONE,NONE,-4070,NONE,0,-
2026-07-28 07:53:02,4032.3,NONE,NONE,NONE,-4088,NONE,0,-
2026-07-28 07:54:02,4031.4,NONE,NONE,NONE,-4119,NONE,0,-
2026-07-28 07:55:02,4031.9,NONE,NONE,NONE,-4128,NONE,0,-
2026-07-28 07:56:02,4032.4,NONE,NONE,NONE,-4121,NONE,0,-
2026-07-28 07:57:02,4030.5,NONE,NONE,NONE,-4146,NONE,0,-
2026-07-28 07:58:02,4029.3,NONE,NONE,NONE,-4262,NONE,0,-
2026-07-28 07:59:02,4028.6,NONE,NONE,NONE,-4284,NONE,0,-
2026-07-28 08:00:02,4031.5,BULLISH,NONE,NONE,-4209,NONE,0,-
2026-07-28 08:01:02,4032.0,NONE,NONE,NONE,-4107,NONE,0,-
2026-07-28 08:02:02,4030.9,NONE,NONE,NONE,-4102,NONE,0,-
2026-07-28 08:03:02,4032.9,NONE,NONE,NONE,-4090,NONE,0,-
2026-07-28 08:04:02,4032.8,BEARISH,NONE,NONE,-4095,NONE,0,-
2026-07-28 08:05:02,4032.2,NONE,NONE,NONE,-4118,NONE,0,-
2026-07-28 08:06:02,4031.5,NONE,NONE,NONE,-4149,NONE,0,-
2026-07-28 08:07:02,4033.1,NONE,NONE,NONE,-4134,NONE,0,-
2026-07-28 08:08:02,4034.1,BEARISH,NONE,NONE,-4128,NONE,0,-
2026-07-28 08:09:02,4033.6,NONE,NONE,NONE,-4136,NONE,0,-
2026-07-28 08:10:02,4032.7,NONE,NONE,NONE,-4150,NONE,0,-
2026-07-28 08:11:02,4033.2,NONE,NONE,NONE,-4206,NONE,0,-
2026-07-28 08:12:02,4033.0,NONE,NONE,NONE,-4235,NONE,0,-
2026-07-28 08:13:02,4032.6,NONE,NONE,NONE,-4266,NONE,0,-
2026-07-28 08:14:02,4032.8,NONE,NONE,NONE,-4271,NONE,0,-
2026-07-28 08:15:02,4032.6,NONE,NONE,NONE,-4274,NONE,0,-
2026-07-28 08:16:02,4030.6,NONE,NONE,NONE,-4328,NONE,0,-
2026-07-28 08:17:02,4030.6,BULLISH,NONE,NONE,-4323,NONE,0,-
2026-07-28 08:18:02,4030.4,NONE,NONE,NONE,-4311,NONE,0,-
2026-07-28 08:19:02,4031.4,NONE,NONE,NONE,-4314,NONE,0,-
2026-07-28 08:20:02,4030.7,NONE,NONE,NONE,-4331,NONE,0,-
2026-07-28 08:21:02,4033.6,BEARISH,NONE,NONE,-4317,NONE,0,-
2026-07-28 08:22:02,4034.5,NONE,NONE,NONE,-4246,NONE,0,-
2026-07-28 08:23:02,4034.2,NONE,NONE,NONE,-4247,NONE,0,-
2026-07-28 08:24:02,4033.9,NONE,NONE,NONE,-4265,NONE,0,-
2026-07-28 08:25:02,4034.5,NONE,NONE,NONE,-4267,NONE,0,-
2026-07-28 08:26:02,4034.1,NONE,NONE,NONE,-4252,NONE,0,-
2026-07-28 08:27:02,4032.5,BULLISH,NONE,NONE,-4269,NONE,0,-
2026-07-28 08:28:02,4030.7,NONE,NONE,NONE,-4313,NONE,0,-
2026-07-28 08:29:02,4030.3,NONE,NONE,NONE,-4320,NONE,0,-
2026-07-28 08:30:03,4031.6,NONE,NONE,NONE,8,NONE,0,-
2026-07-28 08:31:02,4029.5,NONE,NONE,NONE,-1,NONE,0,-
2026-07-28 08:32:02,4030.2,NONE,NONE,NONE,-63,NONE,0,-
2026-07-28 08:33:02,4029.3,NONE,NONE,NONE,-104,NONE,0,-
2026-07-28 08:34:02,4030.3,NONE,NONE,NONE,-77,NONE,0,-
2026-07-28 08:35:02,4031.7,NONE,NONE,NONE,-60,NONE,0,-
2026-07-28 08:36:02,4028.8,NONE,NONE,NONE,-87,NONE,0,-
2026-07-28 08:37:02,4025.6,NONE,NONE,NONE,-210,NONE,0,-
2026-07-28 08:38:02,4024.1,NONE,NONE,NONE,-260,NONE,0,-
2026-07-28 08:39:02,4022.4,NONE,NONE,NONE,-299,NONE,0,-
2026-07-28 08:40:02,4021.3,NONE,NONE,NONE,-358,NONE,0,-
2026-07-28 08:41:02,4022.1,BULLISH,NONE,NONE,-364,NONE,0,-
2026-07-28 08:42:02,4022.4,NONE,NONE,NONE,-413,NONE,0,-
2026-07-28 08:43:02,4022.2,NONE,NONE,NONE,-345,NONE,0,-
2026-07-28 08:44:02,4021.5,NONE,NONE,NONE,-361,NONE,0,-
2026-07-28 08:45:02,4025.0,NONE,NONE,NONE,-327,NONE,0,-
2026-07-28 08:46:02,4023.6,BEARISH,NONE,NONE,-317,NONE,0,-
2026-07-28 08:47:02,4023.7,NONE,NONE,NONE,-301,NONE,0,-
2026-07-28 08:48:02,4022.7,NONE,NONE,NONE,-322,NONE,0,-
2026-07-28 08:49:02,4024.3,BEARISH,NONE,NONE,-319,NONE,0,-
2026-07-28 08:50:02,4024.5,NONE,NONE,NONE,-247,NONE,0,-
2026-07-28 08:51:02,4025.1,NONE,NONE,NONE,-215,NONE,0,-
2026-07-28 08:52:02,4024.7,NONE,NONE,NONE,-251,NONE,0,-
2026-07-28 08:53:02,4026.8,NONE,NONE,NONE,-197,NONE,0,-
2026-07-28 08:54:02,4026.7,NONE,NONE,NONE,-228,NONE,0,-
2026-07-28 08:55:02,4026.8,NONE,NONE,NONE,-231,NONE,0,-
2026-07-28 08:56:02,4023.6,NONE,NONE,NONE,-302,NONE,0,-
2026-07-28 08:57:02,4024.4,NONE,NONE,NONE,-331,NONE,0,-
2026-07-28 08:58:02,4022.2,BULLISH,NONE,NONE,-331,NONE,0,-
2026-07-28 08:59:02,4022.0,NONE,NONE,NONE,-353,NONE,0,-
2026-07-28 09:00:02,4022.0,NONE,NONE,NONE,-379,NONE,0,-
2026-07-28 09:01:02,4025.7,BULLISH,NONE,NONE,-269,NONE,0,-
2026-07-28 09:02:02,4025.1,NONE,NONE,NONE,-237,NONE,0,-
2026-07-28 09:03:02,4023.7,NONE,NONE,NONE,-240,NONE,0,-
2026-07-28 09:04:02,4025.4,NONE,NONE,NONE,-213,NONE,0,-
2026-07-28 09:05:02,4025.7,NONE,NONE,NONE,-192,NONE,0,-
2026-07-28 09:06:02,4029.7,NONE,NONE,NONE,21,NONE,0,-
2026-07-28 09:07:02,4030.6,NONE,NONE,NONE,46,NONE,0,-
2026-07-28 09:08:02,4028.7,NONE,NONE,NONE,43,NONE,0,-
2026-07-28 09:09:02,4029.7,NONE,NONE,NONE,54,NONE,0,-
2026-07-28 09:10:02,4029.6,NONE,NONE,NONE,75,NONE,0,-
2026-07-28 09:11:02,4030.1,NONE,NONE,NONE,94,NONE,0,-
2026-07-28 09:12:02,4033.3,NONE,NONE,NONE,361,NONE,0,-
2026-07-28 09:13:02,4029.7,NONE,SELL,NONE,404,NONE,0,-
2026-07-28 09:14:02,4028.2,NONE,NONE,NONE,357,NONE,0,-
2026-07-28 09:15:02,4026.1,BULLISH,NONE,NONE,200,NONE,0,-
2026-07-28 09:16:02,4024.9,BULLISH,NONE,NONE,158,BUY,1,ABRE BUY mom=64
2026-07-28 09:17:02,4024.6,BULLISH,NONE,NONE,155,BUY,1,-
2026-07-28 09:18:02,4023.0,NONE,NONE,NONE,142,NONE,0,-
2026-07-28 09:19:02,4022.5,BULLISH,NONE,NONE,143,NONE,0,-
2026-07-28 09:20:02,4020.2,NONE,NONE,NONE,20,NONE,0,-
2026-07-28 09:21:02,4018.8,NONE,NONE,NONE,-83,NONE,0,CIERRE SL mae=6.9 mom=64
2026-07-28 09:22:02,4013.1,NONE,NONE,NONE,-476,NONE,0,-
2026-07-28 09:23:02,4013.3,BULLISH,NONE,NONE,-409,NONE,0,-
2026-07-28 09:24:02,4018.0,BULLISH,NONE,NONE,-249,BUY,1,ABRE BUY mom=392
2026-07-28 09:25:02,4016.7,NONE,NONE,NONE,-252,NONE,0,-
2026-07-28 09:26:02,4018.6,NONE,NONE,NONE,-256,NONE,0,-
2026-07-28 09:27:02,4017.5,NONE,NONE,NONE,-271,NONE,0,-
2026-07-28 09:28:02,4019.6,NONE,NONE,NONE,-152,NONE,0,-
2026-07-28 09:29:02,4019.3,NONE,NONE,NONE,-113,NONE,0,-
2026-07-28 09:30:02,4021.9,NONE,NONE,NONE,-42,NONE,0,-
2026-07-28 09:31:02,4021.2,NONE,NONE,NONE,-57,NONE,0,-
2026-07-28 09:32:02,4024.3,NONE,NONE,NONE,58,NONE,0,-
2026-07-28 09:33:02,4024.6,NONE,NONE,NONE,68,NONE,0,-
2026-07-28 09:34:02,4023.5,NONE,NONE,NONE,13,NONE,0,-
2026-07-28 09:35:02,4020.5,NONE,NONE,NONE,-70,NONE,0,-
2026-07-28 09:36:02,4021.6,BULLISH,NONE,NONE,-56,NONE,0,-
2026-07-28 09:37:02,4021.9,NONE,NONE,NONE,-43,NONE,0,-
2026-07-28 09:38:02,4022.0,NONE,NONE,NONE,-25,NONE,0,-
2026-07-28 09:39:02,4021.1,NONE,NONE,NONE,-3,NONE,0,-
2026-07-28 09:40:02,4019.4,NONE,NONE,NONE,-52,NONE,0,-
2026-07-28 09:41:02,4020.6,NONE,NONE,NONE,-65,NONE,0,-
2026-07-28 09:42:02,4021.7,NONE,NONE,NONE,-44,NONE,0,-
2026-07-28 09:43:02,4021.3,NONE,NONE,NONE,-15,NONE,0,-
2026-07-28 09:44:02,4023.3,NONE,NONE,NONE,41,NONE,0,-
2026-07-28 09:45:02,4022.8,NONE,NONE,NONE,46,NONE,0,-
2026-07-28 09:46:02,4021.7,NONE,NONE,NONE,42,NONE,0,-
2026-07-28 09:47:02,4022.3,NONE,NONE,NONE,48,NONE,0,-
2026-07-28 09:48:02,4024.7,NONE,NONE,NONE,105,NONE,0,-
2026-07-28 09:49:02,4024.7,NONE,NONE,NONE,127,NONE,0,CIERRE TIME(25m) mae=2.0 mom=392
2026-07-28 09:50:02,4027.5,NONE,NONE,NONE,295,NONE,0,-
2026-07-28 09:51:02,4027.1,NONE,NONE,NONE,337,NONE,0,-
2026-07-28 09:52:02,4027.3,NONE,NONE,NONE,345,NONE,0,-
2026-07-28 09:53:02,4026.4,NONE,NONE,NONE,493,NONE,0,-
2026-07-28 09:54:02,4027.9,NONE,NONE,NONE,520,NONE,0,-
2026-07-28 09:55:02,4027.1,NONE,NONE,NONE,534,NONE,0,-
2026-07-28 09:56:02,4026.7,NONE,NONE,NONE,546,NONE,0,-
2026-07-28 09:57:02,4026.4,NONE,NONE,NONE,558,NONE,0,-
2026-07-28 09:58:02,4025.6,NONE,NONE,NONE,544,NONE,0,-
2026-07-28 09:59:02,4025.2,NONE,NONE,NONE,464,NONE,0,-
2026-07-28 10:00:03,4025.2,NONE,NONE,NONE,404,NONE,0,-
2026-07-28 10:01:02,4029.0,BEARISH,NONE,NONE,444,NONE,0,-
2026-07-28 10:02:02,4027.1,BEARISH,NONE,NONE,399,SELL,1,ABRE SELL mom=159
2026-07-28 10:03:02,4025.8,BEARISH,NONE,NONE,407,SELL,1,-
2026-07-28 10:04:02,4024.2,NONE,NONE,NONE,411,NONE,0,-
2026-07-28 10:05:02,4024.2,NONE,NONE,NONE,349,NONE,0,-
2026-07-28 10:06:02,4023.6,NONE,NONE,NONE,336,NONE,0,-
2026-07-28 10:07:02,4022.5,NONE,NONE,NONE,301,NONE,0,-
2026-07-28 10:08:02,4024.0,NONE,NONE,NONE,298,NONE,0,-
2026-07-28 10:09:02,4024.8,NONE,NONE,NONE,306,NONE,0,-
2026-07-28 10:10:03,4031.8,BEARISH,NONE,NONE,373,NONE,0,-
2026-07-28 10:11:03,4028.8,NONE,NONE,NONE,610,NONE,0,CIERRE SL mae=10.3 mom=159
2026-07-28 10:12:02,4028.9,NONE,NONE,NONE,601,NONE,0,-
2026-07-28 10:13:02,4032.4,NONE,NONE,NONE,657,NONE,0,-
2026-07-28 10:14:02,4030.8,NONE,NONE,NONE,653,NONE,0,-
2026-07-28 10:15:02,4032.6,NONE,NONE,NONE,689,NONE,0,-
2026-07-28 10:16:02,4034.8,NONE,NONE,NONE,654,NONE,0,-
2026-07-28 10:17:02,4033.7,NONE,NONE,NONE,547,NONE,0,-
2026-07-28 10:18:02,4034.5,NONE,NONE,NONE,580,NONE,0,-
2026-07-28 10:19:02,4034.6,BEARISH,NONE,NONE,581,NONE,0,-
2026-07-28 10:20:02,4036.0,BEARISH,NONE,NONE,652,SELL,1,ABRE SELL mom=37
2026-07-28 10:21:02,4039.4,NONE,NONE,NONE,916,NONE,0,-
2026-07-28 10:22:02,4040.2,NONE,NONE,NONE,896,NONE,0,-
2026-07-28 10:23:02,4038.4,NONE,NONE,NONE,849,NONE,0,-
2026-07-28 10:24:02,4036.2,NONE,NONE,NONE,819,NONE,0,-
2026-07-28 10:25:02,4035.8,NONE,NONE,NONE,758,NONE,0,-
2026-07-28 10:26:02,4037.4,NONE,NONE,NONE,782,NONE,0,-
2026-07-28 10:27:02,4039.2,NONE,NONE,NONE,839,NONE,0,-
2026-07-28 10:28:02,4038.2,NONE,NONE,NONE,771,NONE,0,-
2026-07-28 10:29:02,4038.2,NONE,NONE,NONE,767,NONE,0,-
2026-07-28 10:30:03,4036.0,NONE,NONE,NONE,825,NONE,0,-
2026-07-28 10:31:02,4034.3,NONE,NONE,NONE,759,NONE,0,-
2026-07-28 10:32:02,4034.4,NONE,NONE,NONE,769,NONE,0,-
2026-07-28 10:33:02,4033.6,NONE,NONE,NONE,678,NONE,0,-
2026-07-28 10:34:02,4035.9,NONE,NONE,NONE,722,NONE,0,-
2026-07-28 10:35:02,4034.2,NONE,NONE,NONE,702,NONE,0,-
2026-07-28 10:36:02,4034.1,NONE,NONE,NONE,674,NONE,0,-
2026-07-28 10:37:02,4037.2,BEARISH,NONE,NONE,742,NONE,0,-
2026-07-28 10:38:02,4037.3,NONE,NONE,NONE,773,NONE,0,-
2026-07-28 10:39:02,4036.6,NONE,NONE,NONE,791,NONE,0,-
2026-07-28 10:40:02,4037.5,NONE,NONE,NONE,833,NONE,0,-
2026-07-28 10:41:02,4038.3,NONE,NONE,NONE,840,NONE,0,-
2026-07-28 10:42:02,4039.2,NONE,NONE,NONE,860,NONE,0,-
2026-07-28 10:43:02,4039.1,BEARISH,NONE,NONE,846,NONE,0,-
2026-07-28 10:44:02,4040.9,NONE,NONE,NONE,948,NONE,0,CIERRE SL mae=6.5 mom=37
2026-07-28 10:45:02,4041.9,NONE,NONE,NONE,966,NONE,0,-
2026-07-28 10:46:02,4041.8,NONE,NONE,NONE,1013,NONE,0,-
2026-07-28 10:47:02,4044.0,NONE,NONE,NONE,1122,NONE,0,-
2026-07-28 10:48:02,4044.2,NONE,NONE,NONE,1094,NONE,0,-
2026-07-28 10:49:02,4044.1,NONE,NONE,NONE,1060,NONE,0,-
2026-07-28 10:50:02,4043.6,NONE,NONE,NONE,1051,NONE,0,-
2026-07-28 10:51:02,4043.4,NONE,NONE,NONE,1051,NONE,0,-
2026-07-28 10:52:02,4044.2,NONE,NONE,NONE,1071,NONE,0,-
2026-07-28 10:53:02,4045.8,NONE,NONE,NONE,1134,NONE,0,-
2026-07-28 10:54:02,4046.3,NONE,NONE,NONE,1178,NONE,0,-
2026-07-28 10:55:02,4046.3,NONE,NONE,NONE,1145,NONE,0,-
2026-07-28 10:56:02,4045.4,NONE,NONE,NONE,1107,NONE,0,-
2026-07-28 10:57:02,4045.6,NONE,NONE,NONE,1117,NONE,0,-
2026-07-28 10:58:02,4046.8,NONE,NONE,NONE,1117,NONE,0,-
2026-07-28 10:59:02,4046.3,NONE,NONE,NONE,1123,NONE,0,-
2026-07-29 02:00:02,4039.8,BEARISH,NONE,NONE,974,NONE,0,-
2026-07-29 02:01:02,4040.7,BEARISH,NONE,NONE,962,SELL,1,ABRE SELL mom=145
2026-07-29 02:02:02,4041.5,NONE,NONE,NONE,970,NONE,0,-
2026-07-29 02:03:02,4042.6,BEARISH,NONE,NONE,957,NONE,0,-
2026-07-29 02:04:02,4041.2,BEARISH,NONE,NONE,937,SELL,1,-
2026-07-29 02:05:02,4041.0,NONE,NONE,NONE,939,NONE,0,-
2026-07-29 02:06:02,4042.3,NONE,NONE,NONE,952,NONE,0,-
2026-07-29 02:07:02,4043.3,NONE,NONE,NONE,953,NONE,0,-
2026-07-29 02:08:02,4042.5,BEARISH,NONE,NONE,959,NONE,0,-
2026-07-29 02:09:02,4041.9,NONE,NONE,NONE,956,NONE,0,-
2026-07-29 02:10:02,4043.4,NONE,NONE,NONE,971,NONE,0,-
2026-07-29 02:11:02,4044.3,BEARISH,SELL,NONE,970,NONE,0,-
2026-07-29 02:12:02,4044.3,BEARISH,SELL,NONE,997,SELL,1,-
2026-07-29 02:13:02,4045.3,NONE,NONE,NONE,992,NONE,0,-
2026-07-29 02:14:02,4044.8,NONE,NONE,NONE,990,NONE,0,-
2026-07-29 02:15:02,4043.8,NONE,NONE,NONE,998,NONE,0,-
2026-07-29 02:16:02,4043.9,NONE,NONE,NONE,1000,NONE,0,-
2026-07-29 02:17:02,4043.4,BULLISH,NONE,NONE,998,NONE,0,-
2026-07-29 02:18:02,4044.1,BULLISH,NONE,NONE,984,BUY,1,-
2026-07-29 02:19:02,4044.4,NONE,NONE,NONE,1005,NONE,0,-
2026-07-29 02:20:02,4044.0,NONE,NONE,NONE,999,NONE,0,-
2026-07-29 02:21:02,4044.7,NONE,NONE,NONE,1001,NONE,0,-
2026-07-29 02:22:02,4045.2,NONE,NONE,NONE,1039,NONE,0,-
2026-07-29 02:23:02,4046.1,NONE,NONE,NONE,1110,NONE,0,CIERRE SL mae=6.3 mom=145
2026-07-29 02:24:02,4045.3,NONE,NONE,NONE,1102,NONE,0,-
2026-07-29 02:25:02,4045.6,NONE,NONE,NONE,1101,NONE,0,-
2026-07-29 02:26:02,4044.9,NONE,NONE,NONE,1097,NONE,0,-
2026-07-29 02:27:02,4044.7,NONE,NONE,NONE,1090,NONE,0,-
2026-07-29 02:28:02,4044.1,BULLISH,NONE,NONE,1107,NONE,0,-
2026-07-29 02:29:02,4043.9,BULLISH,NONE,NONE,1117,BUY,1,ABRE BUY mom=15
2026-07-29 02:30:02,4045.1,BULLISH,NONE,NONE,1125,BUY,1,-
2026-07-29 02:31:02,4044.4,BULLISH,NONE,NONE,1126,BUY,1,-
2026-07-29 02:32:02,4045.0,NONE,NONE,NONE,1132,NONE,0,-
2026-07-29 02:33:02,4044.4,NONE,NONE,NONE,1139,NONE,0,-
2026-07-29 02:34:02,4045.5,NONE,NONE,NONE,1145,NONE,0,-
2026-07-29 02:35:02,4044.8,NONE,NONE,NONE,1130,NONE,0,-
2026-07-29 02:36:02,4045.3,NONE,NONE,NONE,1147,NONE,0,-
2026-07-29 02:37:02,4045.6,NONE,NONE,NONE,1150,NONE,0,-
2026-07-29 02:38:02,4046.2,NONE,NONE,NONE,1161,NONE,0,-
2026-07-29 02:39:02,4046.1,NONE,NONE,NONE,1164,NONE,0,-
2026-07-29 02:40:02,4045.1,NONE,NONE,NONE,1161,NONE,0,-
2026-07-29 02:41:02,4046.7,NONE,NONE,NONE,1190,NONE,0,-
2026-07-29 02:42:02,4046.1,NONE,NONE,NONE,1194,NONE,0,-
2026-07-29 02:43:02,4045.9,NONE,NONE,NONE,1202,NONE,0,-
2026-07-29 02:44:02,4046.0,NONE,NONE,NONE,1200,NONE,0,-
2026-07-29 02:45:02,4045.3,NONE,NONE,NONE,1214,NONE,0,-
2026-07-29 02:46:02,4045.4,NONE,NONE,NONE,1235,NONE,0,-
2026-07-29 02:47:02,4044.8,BULLISH,NONE,NONE,1237,NONE,0,-
2026-07-29 02:48:02,4045.0,BULLISH,NONE,NONE,1247,BUY,1,-
2026-07-29 02:49:02,4044.1,NONE,NONE,NONE,1247,NONE,0,-
2026-07-29 02:50:02,4043.9,BULLISH,NONE,NONE,1236,NONE,0,-
2026-07-29 02:51:02,4043.0,NONE,NONE,NONE,1233,NONE,0,-
2026-07-29 02:52:02,4043.7,NONE,NONE,NONE,1236,NONE,0,-
2026-07-29 02:53:02,4042.9,NONE,NONE,NONE,1229,NONE,0,-
2026-07-29 02:54:02,4042.2,NONE,NONE,NONE,1192,NONE,0,CIERRE TIME(25m) mae=1.7 mom=15
2026-07-29 02:55:02,4042.7,NONE,NONE,NONE,1190,NONE,0,-
2026-07-29 02:56:02,4042.8,NONE,NONE,NONE,1203,NONE,0,-
2026-07-29 02:57:02,4042.8,NONE,NONE,NONE,1287,NONE,0,-
2026-07-29 02:58:02,4043.0,NONE,NONE,NONE,1360,NONE,0,-
2026-07-29 02:59:02,4041.9,NONE,NONE,NONE,1350,NONE,0,-
2026-07-29 03:00:02,4042.5,NONE,NONE,NONE,1343,NONE,0,-
2026-07-29 03:01:02,4042.8,NONE,NONE,NONE,1332,NONE,0,-
2026-07-29 03:02:02,4042.9,BEARISH,NONE,NONE,1334,NONE,0,-
2026-07-29 03:03:02,4041.8,NONE,NONE,NONE,1339,NONE,0,-
2026-07-29 03:04:02,4042.3,NONE,NONE,NONE,1344,NONE,0,-
2026-07-29 03:05:02,4042.7,NONE,NONE,NONE,1345,NONE,0,-
2026-07-29 03:06:02,4042.7,NONE,NONE,NONE,1350,NONE,0,-
2026-07-29 03:07:02,4042.7,NONE,NONE,NONE,1349,NONE,0,-
2026-07-29 03:08:02,4042.2,NONE,NONE,NONE,1349,NONE,0,-
2026-07-29 03:09:02,4041.8,NONE,NONE,NONE,1345,NONE,0,-
2026-07-29 03:10:02,4039.8,NONE,NONE,NONE,1333,NONE,0,-
2026-07-29 03:11:02,4040.6,NONE,NONE,NONE,1342,NONE,0,-
2026-07-29 03:12:02,4039.1,NONE,NONE,NONE,1324,NONE,0,-
2026-07-29 03:13:02,4039.5,NONE,NONE,NONE,1310,NONE,0,-
2026-07-29 03:14:02,4038.8,NONE,NONE,NONE,1308,NONE,0,-
2026-07-29 03:15:02,4038.6,NONE,NONE,NONE,1322,NONE,0,-
2026-07-29 03:16:02,4039.9,NONE,NONE,NONE,1333,NONE,0,-
2026-07-29 03:17:02,4040.6,NONE,NONE,NONE,1335,NONE,0,-
2026-07-29 03:18:02,4040.5,NONE,NONE,NONE,1333,NONE,0,-
2026-07-29 03:19:02,4040.5,BEARISH,NONE,NONE,1339,NONE,0,-
2026-07-29 03:20:02,4039.6,NONE,NONE,NONE,1342,NONE,0,-
2026-07-29 03:21:02,4039.4,NONE,NONE,NONE,1351,NONE,0,-
2026-07-29 03:22:02,4038.3,NONE,NONE,NONE,1348,NONE,0,-
2026-07-29 03:23:02,4038.5,BULLISH,NONE,NONE,1346,NONE,0,-
2026-07-29 03:24:02,4037.7,BULLISH,NONE,NONE,1336,BUY,1,ABRE BUY mom=3
2026-07-29 03:25:02,4036.6,NONE,NONE,NONE,1296,NONE,0,-
2026-07-29 03:26:02,4036.1,NONE,NONE,NONE,1291,NONE,0,-
2026-07-29 03:27:02,4035.1,NONE,NONE,NONE,1208,NONE,0,-
2026-07-29 03:28:02,4036.0,NONE,NONE,NONE,1184,NONE,0,-
2026-07-29 03:29:02,4036.3,NONE,NONE,NONE,1189,NONE,0,-
2026-07-29 03:30:02,4036.4,NONE,NONE,NONE,1184,NONE,0,-
2026-07-29 03:31:02,4035.8,NONE,NONE,NONE,1194,NONE,0,-
2026-07-29 03:32:02,4036.3,NONE,NONE,NONE,1201,NONE,0,-
2026-07-29 03:33:02,4036.8,NONE,NONE,NONE,1203,NONE,0,-
2026-07-29 03:34:02,4035.6,NONE,NONE,NONE,1213,NONE,0,-
2026-07-29 03:35:02,4035.2,NONE,NONE,NONE,1218,NONE,0,-
2026-07-29 03:36:02,4035.7,NONE,NONE,NONE,1219,NONE,0,-
2026-07-29 03:37:02,4036.6,NONE,NONE,NONE,1225,NONE,0,-
2026-07-29 03:38:02,4036.3,NONE,NONE,NONE,1225,NONE,0,-
2026-07-29 03:39:02,4037.4,NONE,NONE,NONE,1233,NONE,0,-
2026-07-29 03:40:02,4036.7,NONE,NONE,NONE,1241,NONE,0,-
2026-07-29 03:41:02,4038.0,NONE,NONE,NONE,1243,NONE,0,-
2026-07-29 03:42:02,4036.7,NONE,NONE,NONE,1245,NONE,0,-
2026-07-29 03:43:02,4037.1,NONE,NONE,NONE,1246,NONE,0,-
2026-07-29 03:44:02,4037.6,NONE,NONE,NONE,1244,NONE,0,-
2026-07-29 03:45:02,4037.1,NONE,SELL,NONE,1239,NONE,0,-
2026-07-29 03:46:02,4037.5,NONE,NONE,NONE,1244,NONE,0,-
2026-07-29 03:47:02,4038.3,NONE,NONE,NONE,1224,NONE,0,-
2026-07-29 03:48:02,4038.3,BEARISH,NONE,NONE,1224,NONE,0,-
2026-07-29 03:49:02,4036.6,NONE,NONE,NONE,1201,NONE,0,CIERRE TIME(25m) mae=3.8 mom=3
2026-07-29 03:50:02,4036.4,NONE,NONE,NONE,1198,NONE,0,-
2026-07-29 03:51:02,4036.9,NONE,NONE,NONE,1204,NONE,0,-
2026-07-29 03:52:02,4037.0,NONE,NONE,NONE,1205,NONE,0,-
2026-07-29 03:53:02,4037.8,NONE,NONE,NONE,1212,NONE,0,-
2026-07-29 03:54:02,4038.1,NONE,NONE,NONE,1244,NONE,0,-
2026-07-29 03:55:02,4038.5,NONE,NONE,NONE,1286,NONE,0,-
2026-07-29 03:56:02,4038.5,NONE,NONE,NONE,1294,NONE,0,-
2026-07-29 03:57:02,4037.9,NONE,NONE,NONE,1299,NONE,0,-
2026-07-29 03:58:02,4038.2,NONE,NONE,NONE,1295,NONE,0,-
2026-07-29 03:59:02,4036.7,NONE,NONE,NONE,1290,NONE,0,-
2026-07-29 04:00:02,4035.9,NONE,NONE,NONE,1281,NONE,0,-
2026-07-29 04:01:02,4036.4,NONE,NONE,NONE,1271,NONE,0,-
2026-07-29 04:02:02,4037.0,NONE,NONE,NONE,1264,NONE,0,-
2026-07-29 04:03:02,4036.4,NONE,NONE,NONE,1264,NONE,0,-
2026-07-29 04:04:02,4036.8,NONE,NONE,NONE,1266,NONE,0,-
2026-07-29 04:05:02,4036.0,NONE,NONE,NONE,1268,NONE,0,-
2026-07-29 04:06:02,4035.9,NONE,NONE,NONE,1270,NONE,0,-
2026-07-29 04:07:02,4035.9,NONE,NONE,NONE,1276,NONE,0,-
2026-07-29 04:08:02,4035.3,NONE,NONE,NONE,1257,NONE,0,-
2026-07-29 04:09:02,4035.4,NONE,NONE,NONE,1265,NONE,0,-
2026-07-29 04:10:02,4036.9,NONE,NONE,NONE,1272,NONE,0,-
2026-07-29 04:11:02,4036.1,BEARISH,NONE,NONE,1274,NONE,0,-
2026-07-29 04:12:02,4035.8,NONE,NONE,NONE,1270,NONE,0,-
2026-07-29 04:13:02,4035.7,NONE,NONE,NONE,1277,NONE,0,-
2026-07-29 04:14:02,4035.1,NONE,NONE,NONE,1271,NONE,0,-
2026-07-29 04:15:02,4035.4,BULLISH,NONE,NONE,1262,NONE,0,-
2026-07-29 04:16:02,4036.5,NONE,NONE,NONE,1274,NONE,0,-
2026-07-29 04:17:02,4036.1,NONE,NONE,NONE,1273,NONE,0,-
2026-07-29 04:18:02,4036.3,NONE,NONE,NONE,1273,NONE,0,-
2026-07-29 04:19:02,4036.5,NONE,NONE,NONE,1278,NONE,0,-
2026-07-29 04:20:02,4036.1,NONE,NONE,NONE,1285,NONE,0,-
2026-07-29 04:21:02,4034.7,NONE,NONE,NONE,1273,NONE,0,-
2026-07-29 04:22:02,4034.5,NONE,NONE,NONE,1255,NONE,0,-
2026-07-29 04:23:02,4034.4,NONE,NONE,NONE,1239,NONE,0,-
2026-07-29 04:24:02,4033.4,NONE,NONE,NONE,1218,NONE,0,-
2026-07-29 04:25:02,4033.7,NONE,NONE,NONE,1215,NONE,0,-
2026-07-29 04:26:02,4033.4,NONE,NONE,NONE,1208,NONE,0,-
2026-07-29 04:27:02,4032.9,NONE,NONE,NONE,1198,NONE,0,-
2026-07-29 04:28:02,4032.5,NONE,NONE,NONE,1192,NONE,0,-
2026-07-29 04:29:02,4032.9,NONE,NONE,NONE,1195,NONE,0,-
2026-07-29 04:30:02,4033.0,NONE,NONE,NONE,1203,NONE,0,-
2026-07-29 04:31:02,4031.9,BULLISH,NONE,NONE,1319,NONE,0,-
2026-07-29 04:32:02,4031.8,BULLISH,NONE,NONE,1338,BUY,1,ABRE BUY mom=140
2026-07-29 04:33:02,4032.0,NONE,NONE,NONE,1350,NONE,0,-
2026-07-29 04:34:02,4033.6,NONE,NONE,NONE,1372,NONE,0,-
2026-07-29 04:35:02,4033.0,NONE,NONE,NONE,1373,NONE,0,-
2026-07-29 04:36:02,4033.2,NONE,NONE,NONE,1372,NONE,0,-
2026-07-29 04:37:02,4033.5,NONE,NONE,NONE,1366,NONE,0,-
2026-07-29 04:38:02,4033.3,BEARISH,NONE,NONE,1362,NONE,0,-
2026-07-29 04:39:02,4034.0,BEARISH,NONE,NONE,1360,SELL,1,-
2026-07-29 04:40:02,4031.9,NONE,NONE,NONE,1345,NONE,0,-
2026-07-29 04:41:02,4032.0,NONE,NONE,NONE,1312,NONE,0,-
2026-07-29 04:42:02,4033.4,NONE,NONE,NONE,1289,NONE,0,-
2026-07-29 04:43:02,4033.8,NONE,NONE,NONE,1284,NONE,0,-
2026-07-29 04:44:02,4033.6,NONE,NONE,NONE,1282,NONE,0,-
2026-07-29 04:45:02,4033.2,NONE,NONE,NONE,1273,NONE,0,-
2026-07-29 04:46:02,4034.0,NONE,NONE,NONE,1270,NONE,0,-
2026-07-29 04:47:02,4035.1,NONE,NONE,NONE,1276,NONE,0,-
2026-07-29 04:48:02,4034.3,BEARISH,NONE,NONE,1274,NONE,0,-
2026-07-29 04:49:02,4034.3,NONE,NONE,NONE,1272,NONE,0,-
2026-07-29 04:50:02,4035.2,NONE,NONE,NONE,1275,NONE,0,-
2026-07-29 04:51:02,4035.4,NONE,NONE,NONE,1276,NONE,0,-
2026-07-29 04:52:02,4035.0,NONE,NONE,NONE,1271,NONE,0,-
2026-07-29 04:53:02,4035.5,NONE,NONE,NONE,1277,NONE,0,-
2026-07-29 04:54:02,4034.4,NONE,NONE,NONE,1273,NONE,0,-
2026-07-29 04:55:02,4033.9,NONE,NONE,NONE,1262,NONE,0,-
2026-07-29 04:56:02,4033.3,NONE,NONE,NONE,1257,NONE,0,-
2026-07-29 04:57:02,4032.4,NONE,NONE,NONE,1249,NONE,0,CIERRE TIME(25m) mae=1.3 mom=140
2026-07-29 04:58:02,4031.9,NONE,NONE,NONE,1232,NONE,0,-
2026-07-29 04:59:02,4031.9,NONE,NONE,NONE,1223,NONE,0,-
2026-07-29 05:00:02,4031.7,NONE,BUY,NONE,1212,NONE,0,-
2026-07-29 05:01:02,4032.3,NONE,NONE,NONE,1216,NONE,0,-
2026-07-29 05:02:02,4032.6,NONE,NONE,NONE,1219,NONE,0,-
2026-07-29 05:03:02,4032.1,NONE,NONE,NONE,1196,NONE,0,-
2026-07-29 05:04:02,4031.9,NONE,NONE,NONE,1196,NONE,0,-
2026-07-29 05:05:02,4031.6,BEARISH,NONE,NONE,1198,NONE,0,-
2026-07-29 05:06:02,4031.0,NONE,NONE,NONE,1196,NONE,0,-
2026-07-29 05:07:02,4031.5,NONE,NONE,NONE,1159,NONE,0,-
2026-07-29 05:08:02,4032.0,NONE,NONE,NONE,1162,NONE,0,-
2026-07-29 05:09:02,4031.3,NONE,NONE,NONE,1151,NONE,0,-
2026-07-29 05:10:02,4031.6,NONE,NONE,NONE,1148,NONE,0,-
2026-07-29 05:11:02,4032.3,NONE,NONE,NONE,1147,NONE,0,-
2026-07-29 05:12:02,4031.3,NONE,NONE,NONE,1143,NONE,0,-
2026-07-29 05:13:02,4030.9,BULLISH,NONE,NONE,1143,NONE,0,-
2026-07-29 05:14:02,4030.7,BULLISH,NONE,NONE,1126,BUY,1,ABRE BUY mom=25
2026-07-29 05:15:02,4030.9,NONE,NONE,NONE,1125,NONE,0,-
2026-07-29 05:16:02,4030.1,NONE,NONE,NONE,1128,NONE,0,-
2026-07-29 05:17:02,4031.0,NONE,NONE,NONE,1121,NONE,0,-
2026-07-29 05:18:02,4029.4,BULLISH,NONE,NONE,1122,NONE,0,-
2026-07-29 05:19:02,4030.3,BULLISH,NONE,NONE,1130,BUY,1,-
2026-07-29 05:20:02,4031.7,BULLISH,NONE,NONE,1130,BUY,1,-
2026-07-29 05:21:02,4031.1,NONE,NONE,NONE,1090,NONE,0,-
2026-07-29 05:22:02,4030.4,NONE,NONE,NONE,1087,NONE,0,-
2026-07-29 05:23:02,4031.0,NONE,NONE,NONE,1088,NONE,0,-
2026-07-29 05:24:02,4031.0,NONE,NONE,NONE,1088,NONE,0,-
2026-07-29 05:25:02,4031.0,NONE,NONE,NONE,1090,NONE,0,-
2026-07-29 05:26:02,4030.0,NONE,NONE,NONE,1095,NONE,0,-
2026-07-29 05:27:02,4030.9,BULLISH,NONE,NONE,1097,NONE,0,-
2026-07-29 05:28:02,4031.2,NONE,NONE,NONE,1097,NONE,0,-
2026-07-29 05:29:02,4031.3,BEARISH,NONE,NONE,1103,NONE,0,-
2026-07-29 05:30:02,4032.3,BEARISH,NONE,NONE,1101,SELL,1,-
2026-07-29 05:31:02,4032.9,BEARISH,NONE,NONE,1111,SELL,1,-
2026-07-29 05:32:02,4033.3,NONE,NONE,NONE,1112,NONE,0,-
2026-07-29 05:33:02,4032.6,NONE,NONE,NONE,1120,NONE,0,-
2026-07-29 05:34:02,4033.5,NONE,NONE,NONE,1122,NONE,0,-
2026-07-29 05:35:02,4031.4,BULLISH,NONE,NONE,1129,NONE,0,-
2026-07-29 05:36:02,4031.6,BULLISH,NONE,NONE,1124,BUY,1,-
2026-07-29 05:37:02,4030.8,BULLISH,NONE,NONE,1120,BUY,1,-
2026-07-29 05:38:02,4030.3,BULLISH,NONE,NONE,1129,BUY,1,-
2026-07-29 05:39:02,4029.1,BULLISH,NONE,NONE,1110,BUY,1,ABRE BUY mom=12
2026-07-29 05:40:02,4028.8,BULLISH,NONE,NONE,1130,BUY,1,-
2026-07-29 05:41:02,4027.9,BULLISH,NONE,NONE,1124,BUY,1,-
2026-07-29 05:42:02,4028.2,BULLISH,NONE,NONE,1150,BUY,1,-
2026-07-29 05:43:02,4027.7,NONE,NONE,NONE,1140,NONE,0,-
2026-07-29 05:44:02,4026.6,BULLISH,NONE,NONE,1156,NONE,0,-
2026-07-29 05:45:02,4027.1,BULLISH,NONE,NONE,1169,BUY,1,-
2026-07-29 05:46:02,4026.8,NONE,NONE,NONE,1171,NONE,0,-
2026-07-29 05:47:02,4026.3,NONE,NONE,NONE,1182,NONE,0,-
2026-07-29 05:48:02,4026.4,NONE,NONE,NONE,1175,NONE,0,-
2026-07-29 05:49:02,4027.6,BEARISH,NONE,NONE,1168,NONE,0,-
2026-07-29 05:50:02,4027.3,BEARISH,NONE,NONE,1161,SELL,1,-
2026-07-29 05:51:02,4027.3,BEARISH,NONE,NONE,1160,SELL,1,-
2026-07-29 05:52:02,4026.1,NONE,NONE,NONE,1165,NONE,0,-
2026-07-29 05:53:02,4026.2,BEARISH,NONE,NONE,1147,NONE,0,-
2026-07-29 05:54:02,4025.9,NONE,BUY,NONE,1157,NONE,0,-
2026-07-29 05:55:02,4026.4,NONE,NONE,NONE,1160,NONE,0,-
2026-07-29 05:56:02,4026.0,NONE,NONE,NONE,1158,NONE,0,-
2026-07-29 05:57:02,4025.9,BULLISH,NONE,NONE,1152,NONE,0,-
2026-07-29 05:58:02,4025.8,BULLISH,NONE,NONE,1146,BUY,1,-
2026-07-29 05:59:02,4026.1,NONE,NONE,NONE,1144,NONE,0,-
2026-07-29 06:00:02,4027.0,BEARISH,NONE,NONE,1132,NONE,0,-
2026-07-29 06:01:02,4027.8,BEARISH,NONE,NONE,1144,SELL,1,-
2026-07-29 06:02:02,4028.2,NONE,NONE,NONE,1151,NONE,0,-
2026-07-29 06:03:02,4027.8,BEARISH,NONE,NONE,1144,NONE,0,-
2026-07-29 06:04:02,4026.9,BEARISH,NONE,NONE,1135,SELL,1,ABRE SELL mom=9
2026-07-29 06:05:02,4027.3,NONE,NONE,NONE,1136,NONE,0,-
2026-07-29 06:06:02,4026.6,NONE,NONE,NONE,1139,NONE,0,-
2026-07-29 06:07:02,4025.6,NONE,NONE,NONE,1107,NONE,0,-
2026-07-29 06:08:02,4024.9,NONE,NONE,NONE,1078,NONE,0,-
2026-07-29 06:09:02,4025.9,NONE,NONE,NONE,1080,NONE,0,-
2026-07-29 06:10:02,4025.2,NONE,NONE,NONE,1072,NONE,0,-
2026-07-29 06:11:02,4026.4,NONE,NONE,NONE,1068,NONE,0,-
2026-07-29 06:12:02,4027.6,NONE,NONE,NONE,1074,NONE,0,-
2026-07-29 06:13:02,4028.6,BEARISH,NONE,NONE,1084,NONE,0,-
2026-07-29 06:14:02,4028.6,NONE,NONE,NONE,1093,NONE,0,-
2026-07-29 06:15:02,4029.0,NONE,NONE,NONE,1099,NONE,0,-
2026-07-29 06:16:02,4028.0,NONE,NONE,NONE,1108,NONE,0,-
2026-07-29 06:17:02,4028.6,NONE,NONE,NONE,1108,NONE,0,-
2026-07-29 06:18:02,4029.4,NONE,NONE,NONE,1111,NONE,0,-
2026-07-29 06:19:02,4032.1,NONE,NONE,NONE,1185,NONE,0,-
2026-07-29 06:20:02,4032.0,NONE,NONE,NONE,1176,NONE,0,-
2026-07-29 06:21:02,4031.3,NONE,NONE,NONE,1176,NONE,0,-
2026-07-29 06:22:02,4032.4,NONE,NONE,NONE,1176,NONE,0,-
2026-07-29 06:23:02,4031.3,BEARISH,NONE,NONE,1166,NONE,0,-
2026-07-29 06:24:02,4031.2,NONE,NONE,NONE,1165,NONE,0,-
2026-07-29 06:25:02,4031.9,NONE,NONE,NONE,1166,NONE,0,-
2026-07-29 06:26:02,4031.7,NONE,NONE,NONE,1159,NONE,0,-
2026-07-29 06:27:02,4031.5,NONE,NONE,NONE,1164,NONE,0,-
2026-07-29 06:28:02,4031.8,NONE,NONE,NONE,1176,NONE,0,-
2026-07-29 06:29:02,4033.3,NONE,NONE,NONE,1190,NONE,0,CIERRE TIME(25m) mae=5.4 mom=9
2026-07-29 06:30:02,4032.3,NONE,NONE,NONE,1181,NONE,0,-
2026-07-29 06:31:02,4032.1,NONE,NONE,NONE,1182,NONE,0,-
2026-07-29 06:32:02,4031.9,NONE,NONE,NONE,1198,NONE,0,-
2026-07-29 06:33:02,4031.3,BULLISH,BUY,NONE,1207,NONE,0,-
2026-07-29 06:34:02,4031.1,NONE,NONE,NONE,1209,NONE,0,-
2026-07-29 06:35:02,4031.6,NONE,NONE,NONE,1209,NONE,0,-
2026-07-29 06:36:02,4030.0,BULLISH,NONE,NONE,1203,NONE,0,-
2026-07-29 06:37:02,4030.0,BULLISH,NONE,NONE,1215,BUY,1,ABRE BUY mom=17
2026-07-29 06:38:02,4030.6,NONE,NONE,NONE,1227,NONE,0,-
2026-07-29 06:39:02,4031.2,NONE,NONE,NONE,1229,NONE,0,-
2026-07-29 06:40:02,4030.6,NONE,NONE,NONE,1229,NONE,0,-
2026-07-29 06:41:02,4030.9,NONE,NONE,NONE,1229,NONE,0,-
2026-07-29 06:42:02,4031.4,NONE,NONE,NONE,1255,NONE,0,-
2026-07-29 06:43:02,4031.2,NONE,NONE,NONE,1247,NONE,0,-
2026-07-29 06:44:02,4031.0,NONE,NONE,NONE,1242,NONE,0,-
2026-07-29 06:45:02,4030.8,NONE,NONE,NONE,1215,NONE,0,-
2026-07-29 06:46:02,4031.0,BULLISH,NONE,NONE,1219,NONE,0,-
2026-07-29 06:47:02,4031.2,BULLISH,NONE,NONE,1219,BUY,1,-
2026-07-29 06:48:02,4032.7,NONE,NONE,NONE,1250,NONE,0,-
2026-07-29 06:49:02,4034.1,BEARISH,NONE,NONE,1242,NONE,0,-
2026-07-29 06:50:02,4033.4,NONE,NONE,NONE,1234,NONE,0,-
2026-07-29 06:51:02,4032.8,NONE,NONE,NONE,1223,NONE,0,-
2026-07-29 06:52:02,4032.5,NONE,NONE,NONE,1215,NONE,0,-
2026-07-29 06:53:02,4033.3,NONE,NONE,NONE,1203,NONE,0,-
2026-07-29 06:54:02,4032.6,NONE,NONE,NONE,1189,NONE,0,-
2026-07-29 06:55:02,4031.2,BULLISH,NONE,NONE,1190,NONE,0,-
2026-07-29 06:56:02,4031.3,BULLISH,NONE,NONE,1198,BUY,1,-
2026-07-29 06:57:02,4031.9,NONE,NONE,NONE,1201,NONE,0,-
2026-07-29 06:58:02,4030.5,BULLISH,NONE,NONE,1186,NONE,0,-
2026-07-29 06:59:02,4031.2,NONE,NONE,NONE,1185,NONE,0,-
2026-07-29 07:00:02,4032.5,NONE,NONE,NONE,1192,NONE,0,-
2026-07-29 07:01:02,4030.5,BEARISH,NONE,NONE,1189,NONE,0,-
2026-07-29 07:02:02,4030.7,NONE,NONE,NONE,1188,NONE,0,CIERRE TIME(25m) mae=0.8 mom=17
2026-07-29 07:03:02,4029.6,NONE,NONE,NONE,1169,NONE,0,-
2026-07-29 07:04:02,4029.7,NONE,NONE,NONE,1181,NONE,0,-
2026-07-29 07:05:02,4030.1,NONE,NONE,NONE,1181,NONE,0,-
2026-07-29 07:06:02,4029.4,NONE,NONE,NONE,1183,NONE,0,-
2026-07-29 07:07:02,4028.9,BULLISH,NONE,NONE,1176,NONE,0,-
2026-07-29 07:08:02,4030.2,BULLISH,NONE,NONE,1172,BUY,1,ABRE BUY mom=3
2026-07-29 07:09:02,4029.7,NONE,NONE,NONE,1176,NONE,0,-
2026-07-29 07:10:02,4028.7,NONE,NONE,NONE,1136,NONE,0,-
2026-07-29 07:11:02,4029.5,NONE,NONE,NONE,1141,NONE,0,-
2026-07-29 07:12:02,4028.3,NONE,NONE,NONE,1113,NONE,0,-
2026-07-29 07:13:02,4027.2,NONE,NONE,NONE,1089,NONE,0,-
2026-07-29 07:14:02,4027.2,NONE,NONE,NONE,1091,NONE,0,-
2026-07-29 07:15:02,4025.9,BULLISH,NONE,NONE,1105,NONE,0,-
2026-07-29 07:16:02,4026.4,NONE,NONE,NONE,1090,NONE,0,-
2026-07-29 07:17:02,4021.0,NONE,NONE,NONE,1015,NONE,0,CIERRE SL mae=9.9 mom=3
2026-07-29 07:18:02,4021.3,BULLISH,NONE,NONE,1069,NONE,0,-
2026-07-29 07:19:02,4021.8,NONE,NONE,NONE,1134,NONE,0,-
2026-07-29 07:20:02,4018.2,NONE,NONE,NONE,1131,NONE,0,-
2026-07-29 07:21:02,4016.6,BULLISH,NONE,NONE,1138,NONE,0,-
2026-07-29 07:22:02,4015.1,BULLISH,NONE,NONE,1110,BUY,1,ABRE BUY mom=95
2026-07-29 07:23:02,4015.4,BULLISH,NONE,NONE,1109,BUY,1,-
2026-07-29 07:24:02,4016.4,NONE,NONE,NONE,1131,NONE,0,-
2026-07-29 07:25:02,4014.3,NONE,NONE,NONE,1137,NONE,0,-
2026-07-29 07:26:02,4013.5,NONE,NONE,NONE,1116,NONE,0,-
2026-07-29 07:27:02,4014.9,NONE,NONE,NONE,1284,NONE,0,-
2026-07-29 07:28:02,4014.0,NONE,NONE,NONE,1286,NONE,0,-
2026-07-29 07:29:02,4015.3,NONE,NONE,NONE,1291,NONE,0,-
2026-07-29 07:30:02,4011.3,BULLISH,NONE,NONE,1282,NONE,0,-
2026-07-29 07:31:02,4012.6,BULLISH,NONE,NONE,1290,BUY,1,ABRE BUY mom=174
2026-07-29 07:32:02,4013.2,NONE,NONE,NONE,1343,NONE,0,-
2026-07-29 07:33:02,4014.0,NONE,NONE,NONE,1379,NONE,0,-
2026-07-29 07:34:02,4013.1,NONE,NONE,NONE,1390,NONE,0,-
2026-07-29 07:35:02,4016.9,NONE,NONE,NONE,1382,NONE,0,-
2026-07-29 07:36:02,4016.2,NONE,NONE,NONE,1374,NONE,0,-
2026-07-29 07:37:02,4016.0,NONE,NONE,NONE,1383,NONE,0,-
2026-07-29 07:38:02,4017.6,NONE,NONE,NONE,1435,NONE,0,-
2026-07-29 07:39:02,4018.3,NONE,NONE,NONE,1571,NONE,0,-
2026-07-29 07:40:02,4020.2,NONE,NONE,NONE,1603,NONE,0,-
2026-07-29 07:41:02,4016.9,NONE,NONE,NONE,1585,NONE,0,-
2026-07-29 07:42:02,4017.8,NONE,NONE,NONE,1556,NONE,0,-
2026-07-29 07:43:02,4018.5,NONE,NONE,NONE,1576,NONE,0,-
2026-07-29 07:44:02,4019.0,NONE,NONE,NONE,1593,NONE,0,-
2026-07-29 07:45:02,4019.7,NONE,NONE,NONE,1606,NONE,0,-
2026-07-29 07:46:02,4019.5,NONE,NONE,NONE,1596,NONE,0,-
2026-07-29 07:47:02,4020.6,NONE,NONE,NONE,1606,NONE,0,-
2026-07-29 07:48:02,4020.8,NONE,SELL,NONE,1647,NONE,0,-
2026-07-29 07:49:02,4020.8,NONE,NONE,NONE,1575,NONE,0,-
2026-07-29 07:50:02,4018.5,NONE,NONE,NONE,1560,NONE,0,-
2026-07-29 07:51:02,4019.2,NONE,NONE,NONE,1563,NONE,0,-
2026-07-29 07:52:02,4017.5,NONE,NONE,NONE,1552,NONE,0,-
2026-07-29 07:53:02,4019.9,NONE,NONE,NONE,1559,NONE,0,-
2026-07-29 07:54:02,4019.3,NONE,NONE,NONE,1550,NONE,0,-
2026-07-29 07:55:02,4020.3,NONE,NONE,NONE,1564,NONE,0,-
2026-07-29 07:56:02,4020.4,NONE,NONE,NONE,1551,NONE,0,CIERRE TIME(25m) mae=0.9 mom=174
2026-07-29 07:57:02,4021.1,NONE,NONE,NONE,1595,NONE,0,-
2026-07-29 07:58:02,4020.0,NONE,NONE,NONE,1559,NONE,0,-
2026-07-29 07:59:02,4020.8,NONE,NONE,NONE,1504,NONE,0,-
2026-07-29 08:00:02,4021.2,NONE,NONE,NONE,1500,NONE,0,-
2026-07-29 08:01:02,4022.8,BEARISH,NONE,NONE,1509,NONE,0,-
2026-07-29 08:02:02,4023.2,BEARISH,NONE,NONE,1528,SELL,1,ABRE SELL mom=67
2026-07-29 08:03:02,4021.5,NONE,NONE,NONE,1528,NONE,0,-
2026-07-29 08:04:02,4018.2,NONE,NONE,NONE,1434,NONE,0,-
2026-07-29 08:05:02,4016.8,NONE,NONE,NONE,1351,NONE,0,-
2026-07-29 08:06:02,4016.5,NONE,NONE,NONE,1296,NONE,0,-
2026-07-29 08:07:02,4015.9,NONE,NONE,NONE,1308,NONE,0,-
2026-07-29 08:08:02,4015.9,NONE,NONE,NONE,1298,NONE,0,-
2026-07-29 08:09:02,4014.5,NONE,NONE,NONE,1262,NONE,0,-
2026-07-29 08:10:02,4014.5,NONE,NONE,NONE,1226,NONE,0,CIERRE TP mae=0.9 mom=67
2026-07-29 08:11:02,4016.2,NONE,NONE,NONE,1212,NONE,0,-
2026-07-29 08:12:02,4014.8,NONE,NONE,NONE,1230,NONE,0,-
2026-07-29 08:13:02,4014.2,NONE,NONE,NONE,1274,NONE,0,-
2026-07-29 08:14:02,4014.6,NONE,NONE,NONE,1268,NONE,0,-
2026-07-29 08:15:02,4014.1,NONE,NONE,NONE,1286,NONE,0,-
2026-07-29 08:16:02,4014.2,BULLISH,NONE,NONE,1241,NONE,0,-
2026-07-29 08:17:02,4016.7,NONE,NONE,NONE,1243,NONE,0,-
2026-07-29 08:18:02,4015.9,NONE,NONE,NONE,1252,NONE,0,-
2026-07-29 08:19:02,4016.1,BEARISH,NONE,NONE,1283,NONE,0,-
2026-07-29 08:20:02,4015.8,BEARISH,NONE,NONE,1265,SELL,1,ABRE SELL mom=21
2026-07-29 08:21:02,4015.2,NONE,NONE,NONE,1282,NONE,0,-
2026-07-29 08:22:02,4017.7,NONE,NONE,NONE,1344,NONE,0,-
2026-07-29 08:23:02,4020.7,BEARISH,NONE,NONE,1277,NONE,0,-
2026-07-29 08:24:02,4020.0,BEARISH,NONE,NONE,1177,SELL,1,ABRE SELL mom=106
2026-07-29 08:25:02,4019.7,NONE,NONE,NONE,1034,NONE,0,-
2026-07-29 08:26:02,4019.0,NONE,NONE,NONE,1031,NONE,0,-
2026-07-29 08:27:02,4020.8,NONE,NONE,NONE,995,NONE,0,-
2026-07-29 08:28:02,4018.7,NONE,NONE,NONE,961,NONE,0,-
2026-07-29 08:29:02,4016.6,NONE,NONE,NONE,910,NONE,0,-
2026-07-29 08:30:02,4013.1,NONE,NONE,NONE,9,NONE,0,-
2026-07-29 08:31:02,4012.4,NONE,NONE,NONE,-121,NONE,0,CIERRE TP mae=1.4 mom=106
2026-07-29 08:32:02,4011.7,NONE,NONE,NONE,-148,NONE,0,-
2026-07-29 08:33:02,4009.9,NONE,NONE,NONE,-225,NONE,0,-
2026-07-29 08:34:02,4012.9,NONE,NONE,NONE,-235,NONE,0,-
2026-07-29 08:35:02,4015.2,NONE,NONE,BUY,-172,NONE,0,-
2026-07-29 08:36:02,4014.9,NONE,NONE,BUY,-174,NONE,0,-
2026-07-29 08:37:02,4015.0,BEARISH,NONE,BUY,-170,NONE,0,-
2026-07-29 08:38:02,4014.5,NONE,NONE,BUY,-158,NONE,0,-
2026-07-29 08:39:02,4012.3,NONE,NONE,BUY,-157,NONE,0,-
2026-07-29 08:40:02,4013.2,NONE,NONE,BUY,-151,NONE,0,-
2026-07-29 08:41:02,4011.4,NONE,NONE,BUY,-567,NONE,0,-
2026-07-29 08:42:02,4013.3,NONE,NONE,BUY,-879,NONE,0,-
2026-07-29 08:43:02,4011.1,NONE,NONE,BUY,-935,NONE,0,-
2026-07-29 08:44:02,4011.4,NONE,BUY,BUY,-1231,NONE,0,-
2026-07-29 08:45:02,4010.6,NONE,NONE,BUY,-1346,NONE,0,-
2026-07-29 08:46:02,4010.7,NONE,NONE,BUY,-1462,NONE,0,-
2026-07-29 08:47:02,4010.8,NONE,NONE,BUY,-1466,NONE,0,-
2026-07-29 08:48:02,4010.2,NONE,NONE,BUY,-1478,NONE,0,-
2026-07-29 08:49:02,4013.4,NONE,NONE,BUY,-1488,NONE,0,-
2026-07-29 08:50:02,4012.7,BEARISH,NONE,BUY,-1470,NONE,0,-
2026-07-29 08:51:02,4009.3,NONE,NONE,BUY,-1443,NONE,0,-
2026-07-29 08:52:02,4009.0,BULLISH,NONE,BUY,-1353,NONE,0,-
2026-07-29 08:53:02,4005.6,BULLISH,NONE,BUY,-1389,BUY,1,ABRE BUY mom=89
2026-07-29 08:54:02,4008.0,NONE,NONE,BUY,-1302,NONE,0,-
2026-07-29 08:55:02,4006.6,BULLISH,NONE,BUY,-1312,NONE,0,-
2026-07-29 08:56:02,4005.3,NONE,NONE,BUY,-1282,NONE,0,-
2026-07-29 08:57:02,4002.6,BULLISH,NONE,BUY,-1246,NONE,0,-
2026-07-29 08:58:02,4002.7,BULLISH,NONE,BUY,-1248,BUY,1,-
2026-07-29 08:59:02,4005.3,BULLISH,NONE,BUY,-1221,BUY,1,-
2026-07-29 09:00:02,4005.5,NONE,NONE,BUY,-1234,NONE,0,-
2026-07-29 09:01:02,4001.0,BULLISH,NONE,BUY,-1228,NONE,0,CIERRE SL mae=6.7 mom=89
2026-07-29 09:02:02,4001.7,NONE,NONE,BUY,-1232,NONE,0,-
2026-07-29 09:03:02,4001.2,NONE,NONE,BUY,-1303,NONE,0,-
2026-07-29 09:04:02,4001.8,NONE,NONE,BUY,-1321,NONE,0,-
2026-07-29 09:05:02,4004.4,NONE,NONE,BUY,-1345,NONE,0,-
2026-07-29 09:06:02,4002.6,NONE,NONE,BUY,-1430,NONE,0,-
2026-07-29 09:07:02,4002.7,NONE,NONE,BUY,-1446,NONE,0,-
2026-07-29 09:08:02,3998.8,BULLISH,NONE,BUY,-1409,NONE,0,-
2026-07-29 09:09:02,3997.7,BULLISH,NONE,BUY,-1373,BUY,1,ABRE BUY mom=52
2026-07-29 09:10:02,3997.8,NONE,NONE,BUY,-1367,NONE,0,-
2026-07-29 09:11:02,3998.2,BULLISH,NONE,BUY,-1335,NONE,0,-
2026-07-29 09:12:02,3997.5,BULLISH,NONE,BUY,-1318,BUY,1,-
2026-07-29 09:13:02,3995.5,BULLISH,NONE,BUY,-1346,BUY,1,-
2026-07-29 09:14:02,3995.7,NONE,BUY,BUY,-1373,NONE,0,-
2026-07-29 09:15:02,3996.9,NONE,NONE,BUY,-1366,NONE,0,-
2026-07-29 09:16:02,3997.9,BEARISH,NONE,BUY,-1353,NONE,0,-
2026-07-29 09:17:02,4000.8,BEARISH,NONE,BUY,-1330,SELL,1,-
2026-07-29 09:18:02,4000.2,BEARISH,NONE,BUY,-1330,SELL,1,-
2026-07-29 09:19:02,4005.5,NONE,NONE,BUY,-1306,NONE,0,CIERRE TP mae=4.7 mom=52
2026-07-29 09:20:02,4005.4,NONE,SELL,BUY,-1349,NONE,0,-
2026-07-29 09:21:02,4005.6,NONE,SELL,BUY,-1384,NONE,0,-
2026-07-29 09:22:02,4006.1,NONE,NONE,BUY,-1535,NONE,0,-
2026-07-29 09:23:02,4006.1,NONE,NONE,BUY,-1460,NONE,0,-
2026-07-29 09:24:02,4006.8,BEARISH,NONE,BUY,-1400,NONE,0,-
2026-07-29 09:25:02,4007.4,NONE,NONE,BUY,-1300,NONE,0,-
2026-07-29 09:26:02,4006.2,NONE,NONE,BUY,-1224,NONE,0,-
2026-07-29 09:27:02,4004.2,BULLISH,NONE,BUY,-1208,NONE,0,-
2026-07-29 09:28:02,4002.5,BULLISH,NONE,BUY,-1202,BUY,1,ABRE BUY mom=258
2026-07-29 09:29:02,4004.0,NONE,NONE,BUY,-1157,NONE,0,-
2026-07-29 09:30:02,4003.3,NONE,NONE,BUY,-1144,NONE,0,-
2026-07-29 09:31:02,4004.2,NONE,NONE,BUY,-1147,NONE,0,-
2026-07-29 09:32:02,4004.9,NONE,NONE,BUY,-1107,NONE,0,-
2026-07-29 09:33:02,4005.7,NONE,NONE,BUY,-1094,NONE,0,-
2026-07-29 09:34:02,4007.0,NONE,NONE,BUY,-1039,NONE,0,-
2026-07-29 09:35:02,4005.6,NONE,NONE,BUY,-1016,NONE,0,-
2026-07-29 09:36:02,4004.3,NONE,NONE,BUY,-1068,NONE,0,-
2026-07-29 09:37:02,4004.9,NONE,NONE,BUY,-1081,NONE,0,-
2026-07-29 09:38:02,4003.8,NONE,NONE,BUY,-1097,NONE,0,-
2026-07-29 09:39:02,4003.3,NONE,NONE,BUY,-1112,NONE,0,-
2026-07-29 09:40:02,4002.0,NONE,NONE,BUY,-1121,NONE,0,-
2026-07-29 09:41:02,4002.2,NONE,NONE,BUY,-1118,NONE,0,-
2026-07-29 09:42:02,4003.2,NONE,NONE,BUY,-1103,NONE,0,-
2026-07-29 09:43:02,4000.9,NONE,NONE,BUY,-1129,NONE,0,-
2026-07-29 09:44:02,3997.8,BULLISH,NONE,BUY,-1099,NONE,0,-
2026-07-29 09:45:02,3998.8,NONE,NONE,BUY,-1056,NONE,0,-
2026-07-29 09:46:02,3999.1,NONE,NONE,BUY,-1034,NONE,0,-
2026-07-29 09:47:02,3998.5,BULLISH,NONE,BUY,-999,NONE,0,CIERRE SL mae=6.3 mom=258
2026-07-29 09:48:02,3998.9,NONE,NONE,BUY,-955,NONE,0,-
2026-07-29 09:49:02,3997.4,NONE,NONE,BUY,-954,NONE,0,-
2026-07-29 09:50:02,3999.3,NONE,NONE,BUY,-949,NONE,0,-
2026-07-29 09:51:02,4000.3,NONE,NONE,BUY,-933,NONE,0,-
2026-07-29 09:52:02,4000.5,NONE,NONE,BUY,-882,NONE,0,-
2026-07-29 09:53:02,4001.2,NONE,NONE,BUY,-816,NONE,0,-
2026-07-29 09:54:02,4003.5,NONE,NONE,BUY,-726,NONE,0,-
2026-07-29 09:55:02,4003.4,NONE,NONE,BUY,-719,NONE,0,-
2026-07-29 09:56:02,4002.6,NONE,NONE,BUY,-726,NONE,0,-
2026-07-29 09:57:02,4003.0,NONE,NONE,BUY,-708,NONE,0,-
2026-07-29 09:58:02,4001.4,NONE,NONE,BUY,-726,NONE,0,-
2026-07-29 09:59:02,4002.3,NONE,NONE,BUY,-734,NONE,0,-
2026-07-29 10:00:02,4003.0,NONE,NONE,BUY,-744,NONE,0,-
2026-07-29 10:01:02,4001.2,NONE,NONE,BUY,-737,NONE,0,-
2026-07-29 10:02:02,4004.8,BEARISH,NONE,BUY,-718,NONE,0,-
2026-07-29 10:03:02,4004.5,NONE,NONE,BUY,-709,NONE,0,-
2026-07-29 10:04:02,4006.6,NONE,NONE,BUY,-704,NONE,0,-
2026-07-29 10:05:02,4006.3,NONE,NONE,BUY,-721,NONE,0,-
2026-07-29 10:06:02,4006.5,NONE,NONE,BUY,-694,NONE,0,-
2026-07-29 10:07:02,4004.7,NONE,NONE,BUY,-756,NONE,0,-
2026-07-29 10:08:02,4005.5,NONE,NONE,BUY,-745,NONE,0,-
2026-07-29 10:09:02,4005.1,NONE,NONE,BUY,-730,NONE,0,-
2026-07-29 10:10:02,4008.0,NONE,NONE,BUY,-653,NONE,0,-
2026-07-29 10:11:02,4005.0,NONE,NONE,BUY,-648,NONE,0,-
2026-07-29 10:12:02,4005.3,NONE,NONE,BUY,-627,NONE,0,-
2026-07-29 10:13:02,4004.2,BULLISH,NONE,BUY,-627,NONE,0,-
2026-07-29 10:14:02,4005.8,NONE,NONE,BUY,-630,NONE,0,-
2026-07-29 10:15:02,4004.9,NONE,NONE,BUY,-620,NONE,0,-
2026-07-29 10:16:02,4005.2,NONE,NONE,BUY,-600,NONE,0,-
2026-07-29 10:17:02,4005.7,NONE,NONE,BUY,-606,NONE,0,-
2026-07-29 10:18:02,4005.2,NONE,NONE,BUY,-670,NONE,0,-
2026-07-29 10:19:02,4004.5,NONE,NONE,BUY,-672,NONE,0,-
2026-07-29 10:20:02,4002.6,BULLISH,NONE,BUY,-677,NONE,0,-
2026-07-29 10:21:02,4003.2,BULLISH,BUY,BUY,-640,BUY,1,ABRE BUY mom=40
2026-07-29 10:22:02,4002.5,NONE,NONE,BUY,-627,NONE,0,-
2026-07-29 10:23:02,4006.7,BULLISH,NONE,BUY,-534,NONE,0,-
2026-07-29 10:24:02,4008.5,BULLISH,NONE,BUY,-495,BUY,1,-
2026-07-29 10:25:02,4007.7,NONE,NONE,BUY,-503,NONE,0,-
2026-07-29 10:26:02,4007.4,NONE,NONE,BUY,-571,NONE,0,-
2026-07-29 10:27:02,4006.6,NONE,NONE,BUY,-582,NONE,0,-
2026-07-29 10:28:02,4007.5,NONE,NONE,BUY,-589,NONE,0,-
2026-07-29 10:29:02,4008.8,NONE,NONE,BUY,-578,NONE,0,-
2026-07-29 10:30:02,4009.0,NONE,NONE,BUY,-593,NONE,0,-
2026-07-29 10:31:02,4008.3,NONE,NONE,BUY,-615,NONE,0,-
2026-07-29 10:32:02,4008.3,NONE,NONE,BUY,-637,NONE,0,-
2026-07-29 10:33:02,4009.6,NONE,NONE,BUY,-649,NONE,0,-
2026-07-29 10:34:02,4010.9,BEARISH,NONE,BUY,-735,NONE,0,-
2026-07-29 10:35:02,4008.3,NONE,NONE,BUY,-855,NONE,0,-
2026-07-29 10:36:02,4009.5,NONE,NONE,BUY,-860,NONE,0,-
2026-07-29 10:37:02,4010.2,NONE,NONE,BUY,-906,NONE,0,-
2026-07-29 10:38:02,4009.3,NONE,NONE,BUY,-922,NONE,0,-
2026-07-29 10:39:02,4006.1,NONE,NONE,BUY,-928,NONE,0,-
2026-07-29 10:40:02,4006.5,NONE,NONE,BUY,-926,NONE,0,-
2026-07-29 10:41:02,4006.0,NONE,NONE,BUY,-954,NONE,0,-
2026-07-29 10:42:02,4007.2,NONE,NONE,BUY,-985,NONE,0,-
2026-07-29 10:43:02,4006.3,NONE,NONE,BUY,-994,NONE,0,-
2026-07-29 10:44:02,4005.7,NONE,NONE,BUY,-955,NONE,0,-
2026-07-29 10:45:02,4008.1,BEARISH,NONE,BUY,-951,NONE,0,-
2026-07-29 10:46:02,4007.2,BEARISH,NONE,BUY,-964,SELL,1,ABRE SELL mom=10
2026-07-29 10:47:02,4009.2,BEARISH,NONE,BUY,-958,SELL,1,-
2026-07-29 10:48:02,4008.4,NONE,NONE,BUY,-988,NONE,0,-
2026-07-29 10:49:02,4008.9,NONE,NONE,BUY,-993,NONE,0,-
2026-07-29 10:50:02,4011.0,NONE,NONE,BUY,-946,NONE,0,-
2026-07-29 10:51:02,4010.0,NONE,NONE,BUY,-912,NONE,0,-
2026-07-29 10:52:02,4010.3,NONE,SELL,BUY,-903,NONE,0,-
2026-07-29 10:53:02,4010.0,NONE,NONE,BUY,-895,NONE,0,-
2026-07-29 10:54:02,4009.7,NONE,NONE,BUY,-877,NONE,0,-
2026-07-29 10:55:02,4009.2,NONE,NONE,BUY,-862,NONE,0,CIERRE TIME(9m) mae=3.7 mom=10
2026-07-29 10:56:02,4008.5,BULLISH,NONE,BUY,-868,NONE,0,-
2026-07-29 10:57:02,4008.7,BULLISH,NONE,BUY,-892,BUY,1,ABRE BUY mom=11
2026-07-29 10:58:02,4007.5,BULLISH,NONE,BUY,-931,BUY,1,ABRE BUY mom=36
2026-07-29 10:59:02,4007.3,NONE,NONE,BUY,-932,NONE,0,CIERRE TIME(1m) mae=0.9 mom=36
2026-07-30 02:00:02,4034.7,NONE,NONE,BUY,-675,NONE,0,-
2026-07-30 02:01:02,4034.2,NONE,NONE,BUY,-676,NONE,0,-
2026-07-30 02:02:02,4041.6,NONE,NONE,BUY,-673,NONE,0,-
2026-07-30 02:03:02,4043.7,NONE,NONE,BUY,-675,NONE,0,-
2026-07-30 02:04:02,4043.7,NONE,NONE,BUY,-675,NONE,0,-
2026-07-30 02:05:02,4045.3,BEARISH,NONE,BUY,-674,NONE,0,-
2026-07-30 02:06:02,4045.3,BEARISH,NONE,BUY,-674,SELL,1,ABRE SELL mom=2
2026-07-30 02:07:02,4045.3,BEARISH,NONE,BUY,-674,SELL,1,-
2026-07-30 02:08:02,4045.3,BEARISH,NONE,BUY,-674,SELL,1,-
2026-07-30 02:09:02,4042.7,NONE,NONE,BUY,-673,NONE,0,-
2026-07-30 02:10:02,4041.3,NONE,NONE,BUY,-679,NONE,0,-
2026-07-30 02:11:02,4042.9,NONE,NONE,BUY,-680,NONE,0,-
2026-07-30 02:12:02,4043.6,NONE,NONE,BUY,-679,NONE,0,-
2026-07-30 02:13:02,4044.0,NONE,NONE,BUY,-676,NONE,0,-
2026-07-30 02:14:02,4044.4,NONE,NONE,BUY,-675,NONE,0,-
2026-07-30 02:15:02,4044.6,NONE,NONE,BUY,-678,NONE,0,-
2026-07-30 02:16:02,4047.1,NONE,NONE,BUY,-675,NONE,0,-
2026-07-30 02:17:02,4047.1,NONE,NONE,BUY,-675,NONE,0,-
2026-07-30 02:18:02,4047.1,NONE,NONE,BUY,-675,NONE,0,-
2026-07-30 02:19:02,4047.1,NONE,NONE,BUY,-675,NONE,0,-
2026-07-30 02:20:02,4048.0,NONE,NONE,BUY,-673,NONE,0,-
2026-07-30 02:21:02,4046.0,NONE,NONE,BUY,-674,NONE,0,CIERRE SL mae=6.0 mom=2
2026-07-30 02:22:02,4046.0,NONE,NONE,BUY,-674,NONE,0,-
2026-07-30 02:23:02,4044.3,NONE,NONE,BUY,-679,NONE,0,-
2026-07-30 02:24:02,4044.3,NONE,NONE,BUY,-679,NONE,0,-
2026-07-30 02:25:02,4044.3,NONE,NONE,BUY,-679,NONE,0,-
2026-07-30 02:26:02,4044.3,NONE,NONE,BUY,-679,NONE,0,-
2026-07-30 02:27:02,4044.3,NONE,NONE,BUY,-679,NONE,0,-
2026-07-30 02:28:02,4044.0,NONE,NONE,BUY,-680,NONE,0,-
2026-07-30 02:29:02,4044.0,NONE,NONE,BUY,-680,NONE,0,-
2026-07-30 02:30:02,4044.0,NONE,NONE,BUY,-680,NONE,0,-
2026-07-30 02:31:02,4041.8,NONE,NONE,BUY,-686,NONE,0,-
2026-07-30 02:32:02,4040.8,NONE,NONE,BUY,-686,NONE,0,-
2026-07-30 02:33:02,4038.6,NONE,NONE,BUY,-692,NONE,0,-
2026-07-30 02:34:02,4038.6,NONE,NONE,BUY,-692,NONE,0,-
2026-07-30 02:35:02,4039.2,NONE,NONE,BUY,-694,NONE,0,-
2026-07-30 02:36:02,4039.2,NONE,NONE,BUY,-694,NONE,0,-
2026-07-30 02:37:02,4039.2,NONE,NONE,BUY,-694,NONE,0,-
2026-07-30 02:38:02,4039.2,NONE,NONE,BUY,-694,NONE,0,-
2026-07-30 02:39:02,4039.2,NONE,NONE,BUY,-694,NONE,0,-
2026-07-30 02:40:02,4036.5,NONE,NONE,BUY,-695,NONE,0,-
2026-07-30 02:41:02,4040.0,BULLISH,NONE,BUY,-693,NONE,0,-
2026-07-30 02:42:02,4040.2,NONE,NONE,BUY,-697,NONE,0,-
2026-07-30 02:43:02,4040.2,NONE,NONE,BUY,-697,NONE,0,-
2026-07-30 02:44:02,4040.2,NONE,NONE,BUY,-697,NONE,0,-
2026-07-30 02:45:02,4040.2,NONE,NONE,BUY,-697,NONE,0,-
2026-07-30 02:46:02,4044.0,NONE,NONE,BUY,-698,NONE,0,-
2026-07-30 02:47:02,4041.7,NONE,NONE,BUY,-701,NONE,0,-
2026-07-30 02:48:02,4041.7,NONE,NONE,BUY,-701,NONE,0,-
2026-07-30 02:49:02,4041.7,NONE,NONE,BUY,-701,NONE,0,-
2026-07-30 02:50:02,4039.2,NONE,NONE,BUY,-702,NONE,0,-
2026-07-30 02:51:02,4039.2,NONE,NONE,BUY,-702,NONE,0,-
2026-07-30 02:52:02,4039.2,NONE,NONE,BUY,-702,NONE,0,-
2026-07-30 02:53:02,4041.1,BULLISH,NONE,BUY,-701,NONE,0,-
2026-07-30 02:54:02,4041.1,BULLISH,NONE,BUY,-701,BUY,1,ABRE BUY mom=0
2026-07-30 02:55:02,4040.5,NONE,NONE,BUY,-699,NONE,0,-
2026-07-30 02:56:02,4037.4,NONE,NONE,BUY,-700,NONE,0,-
2026-07-30 02:57:02,4037.4,NONE,NONE,BUY,-700,NONE,0,-
2026-07-30 02:58:02,4037.4,NONE,NONE,BUY,-700,NONE,0,-
2026-07-30 02:59:02,4037.4,NONE,NONE,BUY,-700,NONE,0,-
2026-07-30 03:00:02,4037.0,BULLISH,NONE,BUY,-689,NONE,0,-
2026-07-30 03:01:02,4037.5,BULLISH,SELL,BUY,-684,BUY,1,ABRE BUY mom=16
2026-07-30 03:02:02,4036.9,BULLISH,NONE,BUY,-674,BUY,1,-
2026-07-30 03:03:02,4036.5,BULLISH,NONE,BUY,-663,BUY,1,-
2026-07-30 03:04:02,4038.4,NONE,NONE,BUY,-653,NONE,0,-
2026-07-30 03:05:02,4042.6,NONE,NONE,BUY,-660,NONE,0,-
2026-07-30 03:06:02,4044.5,BEARISH,NONE,BUY,-658,NONE,0,-
2026-07-30 03:07:02,4046.2,BEARISH,NONE,BUY,-657,SELL,1,-
2026-07-30 03:08:02,4050.0,BEARISH,NONE,BUY,-656,SELL,1,ABRE SELL mom=7
2026-07-30 03:09:02,4050.0,BEARISH,NONE,BUY,-656,SELL,1,-
2026-07-30 03:10:02,4050.0,BEARISH,NONE,BUY,-656,SELL,1,-
2026-07-30 03:11:02,4050.0,BEARISH,NONE,BUY,-656,SELL,1,-
2026-07-30 03:12:02,4050.2,NONE,NONE,BUY,-654,NONE,0,-
2026-07-30 03:13:02,4050.2,NONE,NONE,BUY,-654,NONE,0,-
2026-07-30 03:14:02,4050.2,NONE,NONE,BUY,-654,NONE,0,-
2026-07-30 03:15:02,4050.2,NONE,NONE,BUY,-654,NONE,0,-
2026-07-30 03:16:02,4050.2,NONE,NONE,BUY,-654,NONE,0,-
2026-07-30 03:17:02,4050.2,NONE,NONE,BUY,-654,NONE,0,-
2026-07-30 03:18:02,4050.2,NONE,NONE,BUY,-654,NONE,0,-
2026-07-30 03:19:02,4050.2,NONE,NONE,BUY,-654,NONE,0,-
2026-07-30 03:20:02,4050.2,NONE,NONE,BUY,-654,NONE,0,-
2026-07-30 03:21:02,4050.2,NONE,NONE,BUY,-654,NONE,0,-
2026-07-30 03:22:02,4057.7,NONE,NONE,BUY,-653,NONE,0,-
2026-07-30 03:23:02,4057.7,NONE,NONE,BUY,-653,NONE,0,-
2026-07-30 03:24:02,4059.1,NONE,NONE,BUY,-652,NONE,0,CIERRE SL mae=7.7 mom=7
2026-07-30 03:25:02,4059.1,NONE,NONE,BUY,-652,NONE,0,-
2026-07-30 03:26:02,4059.1,NONE,NONE,BUY,-652,NONE,0,-
2026-07-30 03:27:02,4059.1,NONE,NONE,BUY,-652,NONE,0,-
2026-07-30 03:28:02,4063.3,BEARISH,NONE,BUY,-651,NONE,0,-
2026-07-30 03:29:02,4064.4,NONE,NONE,BUY,-652,NONE,0,-
2026-07-30 03:30:02,4062.2,NONE,NONE,BUY,-652,NONE,0,-
2026-07-30 03:31:02,4064.9,NONE,NONE,BUY,-655,NONE,0,-
2026-07-30 03:32:02,4066.6,NONE,NONE,BUY,-653,NONE,0,-
2026-07-30 03:33:02,4066.6,NONE,NONE,BUY,-653,NONE,0,-
2026-07-30 03:34:02,4066.6,NONE,NONE,BUY,-653,NONE,0,-
2026-07-30 03:35:02,4066.6,NONE,NONE,BUY,-653,NONE,0,-
2026-07-30 03:36:02,4066.6,NONE,NONE,BUY,-653,NONE,0,-
2026-07-30 03:37:02,4066.6,NONE,NONE,BUY,-653,NONE,0,-
2026-07-30 03:38:02,4067.3,NONE,NONE,BUY,-651,NONE,0,-
2026-07-30 03:39:02,4067.3,NONE,NONE,BUY,-651,NONE,0,-
2026-07-30 03:40:02,4067.3,NONE,NONE,BUY,-651,NONE,0,-
2026-07-30 03:41:02,4063.6,BEARISH,NONE,BUY,-652,NONE,0,-
2026-07-30 03:42:02,4060.8,NONE,NONE,BUY,-653,NONE,0,-
2026-07-30 03:43:02,4060.8,NONE,NONE,BUY,-653,NONE,0,-
2026-07-30 03:44:02,4060.8,NONE,NONE,BUY,-653,NONE,0,-
2026-07-30 03:45:02,4060.8,NONE,NONE,BUY,-653,NONE,0,-
2026-07-30 03:46:02,4060.8,NONE,NONE,BUY,-653,NONE,0,-
2026-07-30 03:47:02,4060.8,NONE,NONE,BUY,-653,NONE,0,-
2026-07-30 03:48:02,4060.8,NONE,NONE,BUY,-653,NONE,0,-
2026-07-30 03:49:02,4062.6,BULLISH,NONE,BUY,-652,NONE,0,-
2026-07-30 03:50:02,4062.6,BULLISH,NONE,BUY,-652,BUY,1,ABRE BUY mom=1
2026-07-30 03:51:02,4062.6,BULLISH,NONE,BUY,-652,BUY,1,-
2026-07-30 03:52:02,4062.6,BULLISH,NONE,BUY,-652,BUY,1,-
2026-07-30 03:53:02,4057.9,NONE,NONE,BUY,-653,NONE,0,-
2026-07-30 03:54:02,4058.2,NONE,NONE,BUY,-654,NONE,0,-
2026-07-30 03:55:02,4058.2,NONE,NONE,BUY,-654,NONE,0,-
2026-07-30 03:56:02,4058.2,NONE,NONE,BUY,-654,NONE,0,-
2026-07-30 03:57:02,4058.2,NONE,NONE,BUY,-654,NONE,0,-
2026-07-30 03:58:02,4058.2,NONE,NONE,BUY,-654,NONE,0,-
2026-07-30 03:59:02,4058.2,NONE,NONE,BUY,-654,NONE,0,-
2026-07-30 04:00:02,4059.1,NONE,NONE,BUY,-656,NONE,0,-
2026-07-30 04:01:02,4059.8,NONE,NONE,BUY,-657,NONE,0,-
2026-07-30 04:02:02,4059.8,NONE,NONE,BUY,-657,NONE,0,-
2026-07-30 04:03:02,4063.5,NONE,NONE,BUY,-656,NONE,0,-
2026-07-30 04:04:02,4063.5,NONE,NONE,BUY,-656,NONE,0,-
2026-07-30 04:05:02,4063.5,NONE,NONE,BUY,-656,NONE,0,-
2026-07-30 04:06:02,4063.5,NONE,NONE,BUY,-656,NONE,0,-
2026-07-30 04:07:02,4063.5,NONE,NONE,BUY,-656,NONE,0,-
2026-07-30 04:08:02,4065.7,BEARISH,NONE,BUY,-655,NONE,0,-
2026-07-30 04:09:02,4065.7,BEARISH,NONE,BUY,-655,SELL,1,-
2026-07-30 04:10:02,4065.7,BEARISH,NONE,BUY,-655,SELL,1,-
2026-07-30 04:11:02,4065.7,BEARISH,NONE,BUY,-655,SELL,1,-
2026-07-30 04:12:02,4065.7,BEARISH,NONE,BUY,-655,SELL,1,-
2026-07-30 04:13:02,4065.7,BEARISH,NONE,BUY,-655,SELL,1,-
2026-07-30 04:14:02,4063.7,NONE,NONE,BUY,-652,NONE,0,-
2026-07-30 04:15:02,4063.7,NONE,NONE,BUY,-652,NONE,0,CIERRE TIME(25m) mae=3.9 mom=1
2026-07-30 04:16:02,4063.7,NONE,NONE,BUY,-652,NONE,0,-
2026-07-30 04:17:02,4063.7,NONE,NONE,BUY,-652,NONE,0,-
2026-07-30 04:18:02,4063.7,NONE,NONE,BUY,-652,NONE,0,-
2026-07-30 04:19:02,4063.7,NONE,NONE,BUY,-652,NONE,0,-
2026-07-30 04:20:02,4064.5,NONE,NONE,BUY,-660,NONE,0,-
2026-07-30 04:21:02,4065.4,NONE,NONE,BUY,-669,NONE,0,-
2026-07-30 04:22:02,4069.5,BEARISH,NONE,BUY,-679,NONE,0,-
2026-07-30 04:23:02,4067.3,BEARISH,NONE,BUY,-689,SELL,1,ABRE SELL mom=37
2026-07-30 04:24:02,4068.0,NONE,NONE,BUY,-701,NONE,0,-
2026-07-30 04:25:02,4068.0,NONE,NONE,BUY,-713,NONE,0,-
2026-07-30 04:26:02,4070.0,BEARISH,NONE,BUY,-726,NONE,0,-
2026-07-30 04:27:02,4068.5,BEARISH,NONE,BUY,-740,SELL,1,-
2026-07-30 04:28:02,4069.3,BEARISH,NONE,BUY,-755,SELL,1,-
2026-07-30 04:29:02,4067.0,NONE,NONE,BUY,-767,NONE,0,-
2026-07-30 04:30:02,4066.8,NONE,NONE,BUY,-651,NONE,0,-
2026-07-30 04:31:02,4066.8,NONE,NONE,BUY,-651,NONE,0,-
2026-07-30 04:32:02,4066.8,NONE,NONE,BUY,-651,NONE,0,-
2026-07-30 04:33:02,4060.8,BULLISH,NONE,BUY,-656,NONE,0,-
2026-07-30 04:34:02,4060.8,BULLISH,NONE,BUY,-656,BUY,1,-
2026-07-30 04:35:02,4060.8,BULLISH,NONE,BUY,-656,BUY,1,-
2026-07-30 04:36:02,4064.1,BULLISH,NONE,BUY,-655,BUY,1,-
2026-07-30 04:37:02,4064.1,BULLISH,NONE,BUY,-655,BUY,1,-
2026-07-30 04:38:02,4064.1,BULLISH,NONE,BUY,-655,BUY,1,-
2026-07-30 04:39:02,4063.9,NONE,NONE,BUY,-656,NONE,0,-
2026-07-30 04:40:02,4063.9,NONE,NONE,BUY,-656,NONE,0,-
2026-07-30 04:41:02,4063.9,NONE,NONE,BUY,-656,NONE,0,-
2026-07-30 04:42:02,4063.9,NONE,NONE,BUY,-656,NONE,0,-
2026-07-30 04:43:02,4063.9,NONE,NONE,BUY,-656,NONE,0,-
2026-07-30 04:44:02,4063.9,NONE,NONE,BUY,-656,NONE,0,-
2026-07-30 04:45:02,4063.9,NONE,NONE,BUY,-656,NONE,0,-
2026-07-30 04:46:02,4063.9,NONE,NONE,BUY,-656,NONE,0,-
2026-07-30 04:47:02,4063.9,NONE,NONE,BUY,-656,NONE,0,-
2026-07-30 04:48:02,4063.9,NONE,NONE,BUY,-656,NONE,0,CIERRE TIME(25m) mae=2.6 mom=37
2026-07-30 04:49:02,4063.9,NONE,NONE,BUY,-656,NONE,0,-
2026-07-30 04:50:02,4063.9,NONE,NONE,BUY,-656,NONE,0,-
2026-07-30 04:51:02,4063.9,NONE,NONE,BUY,-656,NONE,0,-
2026-07-30 04:52:02,4063.9,NONE,NONE,BUY,-656,NONE,0,-
2026-07-30 04:53:02,4069.2,NONE,NONE,BUY,-655,NONE,0,-
2026-07-30 04:54:02,4067.1,NONE,NONE,BUY,-657,NONE,0,-
2026-07-30 04:55:02,4067.4,NONE,NONE,BUY,-660,NONE,0,-
2026-07-30 04:56:02,4067.4,NONE,NONE,BUY,-660,NONE,0,-
2026-07-30 04:57:02,4067.4,NONE,NONE,BUY,-660,NONE,0,-
2026-07-30 04:58:02,4067.4,NONE,NONE,BUY,-660,NONE,0,-
2026-07-30 04:59:02,4067.4,NONE,NONE,BUY,-660,NONE,0,-
2026-07-30 05:00:02,4060.8,NONE,NONE,BUY,-662,NONE,0,-
2026-07-30 05:01:02,4060.8,NONE,NONE,BUY,-662,NONE,0,-
2026-07-30 05:02:02,4060.8,NONE,NONE,BUY,-662,NONE,0,-
2026-07-30 05:03:02,4064.8,NONE,NONE,BUY,-664,NONE,0,-
2026-07-30 05:04:02,4064.6,NONE,NONE,BUY,-681,NONE,0,-
2026-07-30 05:05:02,4062.4,NONE,NONE,BUY,-683,NONE,0,-
2026-07-30 05:06:02,4063.2,NONE,NONE,BUY,-684,NONE,0,-
2026-07-30 05:07:02,4063.2,NONE,NONE,BUY,-684,NONE,0,-
2026-07-30 05:08:02,4065.0,NONE,NONE,BUY,-681,NONE,0,-
2026-07-30 05:09:02,4068.3,NONE,NONE,BUY,-679,NONE,0,-
2026-07-30 05:10:02,4068.3,NONE,NONE,BUY,-679,NONE,0,-
2026-07-30 05:11:02,4071.1,BEARISH,NONE,BUY,-680,NONE,0,-
2026-07-30 05:12:02,4067.9,BEARISH,NONE,BUY,-684,SELL,1,ABRE SELL mom=0
2026-07-30 05:13:02,4063.5,NONE,NONE,BUY,-689,NONE,0,-
2026-07-30 05:14:02,4063.4,NONE,NONE,BUY,-690,NONE,0,-
2026-07-30 05:15:02,4063.4,NONE,NONE,BUY,-690,NONE,0,-
2026-07-30 05:16:02,4069.0,NONE,NONE,BUY,-691,NONE,0,-
2026-07-30 05:17:02,4069.0,NONE,NONE,BUY,-691,NONE,0,-
2026-07-30 05:18:02,4069.0,NONE,NONE,BUY,-691,NONE,0,-
2026-07-30 05:19:02,4069.0,NONE,NONE,BUY,-691,NONE,0,-
2026-07-30 05:20:02,4069.0,NONE,NONE,BUY,-691,NONE,0,-
2026-07-30 05:21:02,4069.0,NONE,NONE,BUY,-691,NONE,0,-
2026-07-30 05:22:02,4069.0,NONE,NONE,BUY,-691,NONE,0,-
2026-07-30 05:23:02,4074.3,NONE,NONE,BUY,-690,NONE,0,-
2026-07-30 05:24:02,4074.3,NONE,NONE,BUY,-690,NONE,0,-
2026-07-30 05:25:02,4073.9,BEARISH,NONE,BUY,-689,NONE,0,CIERRE SL mae=7.6 mom=0
2026-07-30 05:26:02,4073.9,BEARISH,NONE,BUY,-689,SELL,1,ABRE SELL mom=2
2026-07-30 05:27:02,4074.1,NONE,NONE,BUY,-690,NONE,0,-
2026-07-30 05:28:02,4074.1,NONE,NONE,BUY,-690,NONE,0,-
2026-07-30 05:29:02,4074.1,NONE,NONE,BUY,-690,NONE,0,-
2026-07-30 05:30:02,4074.1,NONE,NONE,BUY,-690,NONE,0,-
2026-07-30 05:31:02,4074.1,NONE,NONE,BUY,-690,NONE,0,-
2026-07-30 05:32:02,4074.1,NONE,NONE,BUY,-690,NONE,0,-
2026-07-30 05:33:02,4075.4,NONE,NONE,BUY,-691,NONE,0,-
2026-07-30 05:34:02,4076.2,BEARISH,NONE,BUY,-694,NONE,0,-
2026-07-30 05:35:02,4076.2,BEARISH,NONE,BUY,-694,SELL,1,-
2026-07-30 05:36:02,4076.2,BEARISH,NONE,BUY,-694,SELL,1,-
2026-07-30 05:37:02,4078.6,BEARISH,NONE,BUY,-696,SELL,1,-
2026-07-30 05:38:02,4078.6,BEARISH,NONE,BUY,-696,SELL,1,-
2026-07-30 05:39:02,4078.6,BEARISH,NONE,BUY,-696,SELL,1,-
2026-07-30 05:40:02,4075.6,BEARISH,NONE,BUY,-697,SELL,1,-
2026-07-30 05:41:02,4075.6,BEARISH,NONE,BUY,-697,SELL,1,-
2026-07-30 05:42:02,4075.6,BEARISH,NONE,BUY,-697,SELL,1,-
2026-07-30 05:43:02,4075.6,BEARISH,NONE,BUY,-697,SELL,1,-
2026-07-30 05:44:02,4075.6,BEARISH,NONE,BUY,-697,SELL,1,-
2026-07-30 05:45:02,4075.6,BEARISH,NONE,BUY,-697,SELL,1,-
2026-07-30 05:46:02,4075.6,BEARISH,NONE,BUY,-697,SELL,1,-
2026-07-30 05:47:02,4079.9,NONE,NONE,BUY,-699,NONE,0,-
2026-07-30 05:48:02,4079.9,NONE,NONE,BUY,-699,NONE,0,-
2026-07-30 05:49:02,4079.9,NONE,NONE,BUY,-699,NONE,0,-
2026-07-30 05:50:02,4077.7,BEARISH,NONE,BUY,-700,NONE,0,-
2026-07-30 05:51:02,4078.5,NONE,NONE,BUY,-699,NONE,0,CIERRE TIME(25m) mae=5.8 mom=2
2026-07-30 05:52:02,4077.9,NONE,NONE,BUY,-700,NONE,0,-
2026-07-30 05:53:02,4077.9,NONE,NONE,BUY,-700,NONE,0,-
2026-07-30 05:54:02,4077.9,NONE,NONE,BUY,-700,NONE,0,-
2026-07-30 05:55:02,4076.2,NONE,NONE,BUY,-706,NONE,0,-
2026-07-30 05:56:02,4076.2,NONE,NONE,BUY,-706,NONE,0,-
2026-07-30 05:57:02,4076.3,NONE,NONE,BUY,-707,NONE,0,-
2026-07-30 05:58:02,4076.3,NONE,NONE,BUY,-707,NONE,0,-
2026-07-30 05:59:02,4076.3,NONE,NONE,BUY,-707,NONE,0,-
2026-07-30 06:00:02,4076.4,BULLISH,NONE,BUY,-702,NONE,0,-
2026-07-30 06:01:02,4076.4,BULLISH,NONE,BUY,-702,BUY,1,ABRE BUY mom=4
2026-07-30 06:02:02,4076.1,NONE,NONE,BUY,-704,NONE,0,-
2026-07-30 06:03:02,4075.8,NONE,NONE,BUY,-709,NONE,0,-
2026-07-30 06:04:02,4075.8,NONE,NONE,BUY,-709,NONE,0,-
2026-07-30 06:05:02,4076.7,NONE,NONE,BUY,-710,NONE,0,-
2026-07-30 06:06:02,4076.7,NONE,NONE,BUY,-710,NONE,0,-
2026-07-30 06:07:02,4077.0,BEARISH,NONE,BUY,-711,NONE,0,-
2026-07-30 06:08:02,4077.0,BEARISH,NONE,BUY,-711,SELL,1,-
2026-07-30 06:09:02,4077.0,BEARISH,NONE,BUY,-711,SELL,1,-
2026-07-30 06:10:02,4079.3,BEARISH,NONE,BUY,-713,SELL,1,-
2026-07-30 06:11:02,4079.8,BEARISH,NONE,BUY,-718,SELL,1,-
2026-07-30 06:12:02,4079.8,BEARISH,NONE,BUY,-718,SELL,1,-
2026-07-30 06:13:02,4079.8,BEARISH,NONE,BUY,-718,SELL,1,-
2026-07-30 06:14:02,4077.8,BEARISH,NONE,BUY,-720,SELL,1,-
2026-07-30 06:15:02,4077.5,NONE,NONE,BUY,-722,NONE,0,-
2026-07-30 06:16:02,4077.5,NONE,NONE,BUY,-722,NONE,0,-
2026-07-30 06:17:02,4077.5,NONE,NONE,BUY,-722,NONE,0,-
2026-07-30 06:18:02,4077.5,NONE,NONE,BUY,-722,NONE,0,-
2026-07-30 06:19:02,4077.5,NONE,NONE,BUY,-722,NONE,0,-
2026-07-30 06:20:02,4077.5,NONE,NONE,BUY,-722,NONE,0,-
2026-07-30 06:21:02,4077.5,NONE,NONE,BUY,-722,NONE,0,-
2026-07-30 06:22:02,4077.5,NONE,NONE,BUY,-722,NONE,0,-
2026-07-30 06:23:02,4077.5,NONE,NONE,BUY,-722,NONE,0,-
2026-07-30 06:24:02,4077.5,NONE,NONE,BUY,-722,NONE,0,-
2026-07-30 06:25:02,4077.5,NONE,NONE,BUY,-722,NONE,0,-
2026-07-30 06:26:02,4077.5,NONE,NONE,BUY,-722,NONE,0,CIERRE TIME(25m) mae=1.2 mom=4
2026-07-30 06:27:02,4076.7,NONE,NONE,BUY,-723,NONE,0,-
2026-07-30 06:28:02,4074.8,NONE,NONE,BUY,-726,NONE,0,-
2026-07-30 06:29:02,4074.8,NONE,NONE,BUY,-726,NONE,0,-
2026-07-30 06:30:02,4076.4,NONE,NONE,BUY,-724,NONE,0,-
2026-07-30 06:31:02,4074.4,NONE,NONE,BUY,-728,NONE,0,-
2026-07-30 06:32:02,4074.4,NONE,NONE,BUY,-728,NONE,0,-
2026-07-30 06:33:02,4074.4,NONE,NONE,BUY,-728,NONE,0,-
2026-07-30 06:34:02,4074.6,NONE,NONE,BUY,-729,NONE,0,-
2026-07-30 06:35:02,4074.6,NONE,NONE,BUY,-729,NONE,0,-
2026-07-30 06:36:02,4074.6,NONE,NONE,BUY,-729,NONE,0,-
2026-07-30 06:37:02,4075.2,NONE,NONE,BUY,-738,NONE,0,-
2026-07-30 06:38:02,4075.2,NONE,NONE,BUY,-738,NONE,0,-
2026-07-30 06:39:02,4076.5,NONE,NONE,BUY,-737,NONE,0,-
2026-07-30 06:40:02,4076.5,BEARISH,NONE,BUY,-738,NONE,0,-
2026-07-30 06:41:02,4076.5,BEARISH,NONE,BUY,-738,SELL,1,ABRE SELL mom=9
2026-07-30 06:42:02,4075.6,NONE,NONE,BUY,-739,NONE,0,-
2026-07-30 06:43:02,4075.6,NONE,NONE,BUY,-739,NONE,0,-
2026-07-30 06:44:02,4076.9,NONE,NONE,BUY,-738,NONE,0,-
2026-07-30 06:45:02,4076.3,NONE,NONE,BUY,-739,NONE,0,-
2026-07-30 06:46:02,4074.2,BEARISH,NONE,BUY,-740,NONE,0,-
2026-07-30 06:47:02,4074.2,BEARISH,NONE,BUY,-740,SELL,1,-
2026-07-30 06:48:02,4074.2,BEARISH,NONE,BUY,-740,SELL,1,-
2026-07-30 06:49:02,4074.2,BEARISH,NONE,BUY,-740,SELL,1,-
2026-07-30 06:50:02,4074.2,BEARISH,NONE,BUY,-740,SELL,1,-
2026-07-30 06:51:02,4074.4,NONE,NONE,BUY,-741,NONE,0,-
2026-07-30 06:52:02,4074.4,NONE,NONE,BUY,-741,NONE,0,-
2026-07-30 06:53:02,4074.4,NONE,NONE,BUY,-741,NONE,0,-
2026-07-30 06:54:02,4076.2,NONE,NONE,BUY,-741,NONE,0,-
2026-07-30 06:55:02,4076.2,NONE,NONE,BUY,-741,NONE,0,-
2026-07-30 06:56:02,4076.2,NONE,NONE,BUY,-741,NONE,0,-
2026-07-30 06:57:02,4076.2,NONE,NONE,BUY,-741,NONE,0,-
2026-07-30 06:58:02,4076.2,NONE,NONE,BUY,-741,NONE,0,-
2026-07-30 06:59:02,4075.0,NONE,NONE,BUY,-742,NONE,0,-
2026-07-30 07:00:02,4075.0,NONE,NONE,BUY,-742,NONE,0,-
2026-07-30 07:01:02,4075.0,NONE,NONE,BUY,-742,NONE,0,-
2026-07-30 07:02:02,4075.0,NONE,NONE,BUY,-742,NONE,0,-
2026-07-30 07:03:02,4072.5,NONE,NONE,BUY,-741,NONE,0,-
2026-07-30 07:04:02,4073.4,NONE,NONE,BUY,-742,NONE,0,-
2026-07-30 07:05:02,4073.4,NONE,NONE,BUY,-742,NONE,0,-
2026-07-30 07:06:02,4077.7,NONE,NONE,BUY,-750,NONE,0,CIERRE TIME(25m) mae=1.1 mom=9
2026-07-30 07:07:02,4079.3,NONE,NONE,BUY,-742,NONE,0,-
2026-07-30 07:08:02,4079.3,NONE,NONE,BUY,-742,NONE,0,-
2026-07-30 07:09:02,4079.3,NONE,NONE,BUY,-742,NONE,0,-
2026-07-30 07:10:02,4079.4,NONE,NONE,BUY,-741,NONE,0,-
2026-07-30 07:11:02,4079.4,NONE,NONE,BUY,-741,NONE,0,-
2026-07-30 07:12:02,4079.4,NONE,NONE,BUY,-741,NONE,0,-
2026-07-30 07:13:02,4072.3,BEARISH,NONE,BUY,-742,NONE,0,-
2026-07-30 07:14:02,4073.8,BULLISH,NONE,BUY,-743,NONE,0,-
2026-07-30 07:15:02,4073.8,BULLISH,NONE,BUY,-743,BUY,1,ABRE BUY mom=2
2026-07-30 07:16:02,4074.4,NONE,NONE,BUY,-744,NONE,0,-
2026-07-30 07:17:02,4072.8,NONE,NONE,BUY,-754,NONE,0,-
2026-07-30 07:18:02,4070.7,NONE,NONE,BUY,-764,NONE,0,-
2026-07-30 07:19:02,4070.6,NONE,NONE,BUY,-763,NONE,0,-
2026-07-30 07:20:02,4070.6,NONE,NONE,BUY,-763,NONE,0,-
2026-07-30 07:21:02,4070.6,NONE,NONE,BUY,-774,NONE,0,-
2026-07-30 07:22:02,4070.6,NONE,NONE,BUY,-774,NONE,0,-
2026-07-30 07:23:02,4070.0,NONE,NONE,BUY,-776,NONE,0,-
2026-07-30 07:24:02,4070.0,NONE,NONE,BUY,-776,NONE,0,-
2026-07-30 07:25:02,4072.7,BULLISH,NONE,BUY,-777,NONE,0,CIERRE SL mae=7.3 mom=2
2026-07-30 07:26:02,4075.3,NONE,NONE,BUY,-777,NONE,0,-
2026-07-30 07:27:02,4077.5,BEARISH,NONE,BUY,-778,NONE,0,-
2026-07-30 07:28:02,4078.0,BEARISH,NONE,BUY,-781,SELL,1,ABRE SELL mom=5
2026-07-30 07:29:02,4076.4,NONE,NONE,BUY,-834,NONE,0,-
2026-07-30 07:30:02,4074.1,NONE,NONE,BUY,-838,NONE,0,-
2026-07-30 07:31:02,4078.9,NONE,NONE,BUY,-843,NONE,0,-
2026-07-30 07:32:02,4070.1,BEARISH,NONE,BUY,-844,NONE,0,-
2026-07-30 07:33:02,4071.7,NONE,NONE,BUY,-850,NONE,0,-
2026-07-30 07:34:02,4069.9,NONE,NONE,BUY,-854,NONE,0,-
2026-07-30 07:35:02,4070.3,NONE,NONE,BUY,-861,NONE,0,-
2026-07-30 07:36:02,4071.9,NONE,NONE,BUY,-869,NONE,0,-
2026-07-30 07:37:02,4070.5,NONE,NONE,BUY,-872,NONE,0,-
2026-07-30 07:38:02,4072.6,BEARISH,NONE,BUY,-884,NONE,0,-
2026-07-30 07:39:02,4072.8,BEARISH,NONE,BUY,-886,SELL,1,-
2026-07-30 07:40:02,4074.0,NONE,NONE,BUY,-904,NONE,0,-
2026-07-30 07:41:02,4072.0,BEARISH,NONE,BUY,-901,NONE,0,-
2026-07-30 07:42:02,4076.4,BEARISH,NONE,BUY,-913,SELL,1,-
2026-07-30 07:43:02,4075.6,BEARISH,NONE,BUY,-914,SELL,1,-
2026-07-30 07:44:02,4074.8,NONE,NONE,BUY,-916,NONE,0,-
2026-07-30 07:45:02,4074.4,NONE,NONE,BUY,-932,NONE,0,-
2026-07-30 07:46:02,4075.3,NONE,NONE,BUY,-944,NONE,0,-
2026-07-30 07:47:02,4073.4,NONE,NONE,BUY,-968,NONE,0,-
2026-07-30 07:48:02,4072.0,NONE,NONE,BUY,-982,NONE,0,-
2026-07-30 07:49:02,4072.3,NONE,NONE,BUY,-983,NONE,0,-
2026-07-30 07:50:02,4072.0,NONE,NONE,BUY,-989,NONE,0,-
2026-07-30 07:51:02,4071.7,NONE,NONE,BUY,-993,NONE,0,-
2026-07-30 07:52:02,4068.9,NONE,NONE,BUY,-994,NONE,0,-
2026-07-30 07:53:02,4066.4,NONE,NONE,BUY,-996,NONE,0,CIERRE TIME(25m) mae=5.3 mom=5
2026-07-30 07:54:02,4065.1,NONE,NONE,BUY,-999,NONE,0,-
2026-07-30 07:55:02,4068.9,NONE,NONE,BUY,-1005,NONE,0,-
2026-07-30 07:56:02,4067.3,NONE,NONE,BUY,-1007,NONE,0,-
2026-07-30 07:57:02,4066.7,NONE,NONE,BUY,-1011,NONE,0,-
2026-07-30 07:58:02,4069.9,NONE,NONE,BUY,-1020,NONE,0,-
2026-07-30 07:59:02,4068.7,NONE,NONE,BUY,-1012,NONE,0,-
2026-07-30 08:00:02,4066.6,NONE,NONE,BUY,-1022,NONE,0,-
2026-07-30 08:01:02,4067.3,NONE,NONE,BUY,-1030,NONE,0,-
2026-07-30 08:02:02,4068.3,NONE,NONE,BUY,-1037,NONE,0,-
2026-07-30 08:03:02,4068.5,NONE,NONE,BUY,-1057,NONE,0,-
2026-07-30 08:04:02,4067.7,NONE,NONE,BUY,-1054,NONE,0,-
2026-07-30 08:05:02,4065.9,NONE,NONE,BUY,-1068,NONE,0,-
2026-07-30 08:06:02,4066.6,NONE,NONE,BUY,-1064,NONE,0,-
2026-07-30 08:07:02,4066.9,NONE,NONE,BUY,-1127,NONE,0,-
2026-07-30 08:08:02,4072.3,NONE,NONE,BUY,-1201,NONE,0,-
2026-07-30 08:09:02,4072.7,BEARISH,NONE,BUY,-1281,NONE,0,-
2026-07-30 08:10:02,4071.8,BEARISH,NONE,BUY,-1341,SELL,1,ABRE SELL mom=273
2026-07-30 08:11:02,4068.8,BEARISH,NONE,BUY,-1358,SELL,1,-
2026-07-30 08:12:02,4069.2,NONE,NONE,BUY,-1363,NONE,0,-
2026-07-30 08:13:02,4070.6,NONE,NONE,BUY,-1374,NONE,0,-
2026-07-30 08:14:02,4072.9,NONE,NONE,BUY,-1383,NONE,0,-
2026-07-30 08:15:02,4074.4,NONE,NONE,BUY,-1390,NONE,0,-
2026-07-30 08:16:02,4073.2,BEARISH,NONE,BUY,-1393,NONE,0,-
2026-07-30 08:17:02,4072.8,BEARISH,NONE,BUY,-1398,SELL,1,-
2026-07-30 08:18:02,4072.2,NONE,NONE,BUY,-1402,NONE,0,-
2026-07-30 08:19:02,4071.6,NONE,NONE,BUY,-1407,NONE,0,-
2026-07-30 08:20:02,4071.2,NONE,NONE,BUY,-1410,NONE,0,-
2026-07-30 08:21:02,4072.7,NONE,NONE,BUY,-1416,NONE,0,-
2026-07-30 08:22:02,4077.3,NONE,NONE,BUY,-1447,NONE,0,-
2026-07-30 08:23:02,4079.4,BEARISH,NONE,BUY,-1449,NONE,0,CIERRE SL mae=6.6 mom=273
2026-07-30 08:24:02,4078.8,BEARISH,NONE,BUY,-1470,SELL,1,ABRE SELL mom=63
2026-07-30 08:25:02,4079.8,NONE,NONE,BUY,-1477,NONE,0,-
2026-07-30 08:26:02,4079.0,NONE,NONE,BUY,-1478,NONE,0,-
2026-07-30 08:27:02,4079.0,NONE,NONE,BUY,-1478,NONE,0,-
2026-07-30 08:28:02,4073.8,NONE,NONE,BUY,-1484,NONE,0,-
2026-07-30 08:29:02,4073.8,NONE,NONE,BUY,-1484,NONE,0,-
2026-07-30 08:30:02,4075.0,NONE,NONE,BUY,-1486,NONE,0,-
2026-07-30 08:31:02,4078.1,NONE,NONE,NONE,-1,NONE,0,-
2026-07-30 08:32:02,4075.9,NONE,NONE,NONE,-5,NONE,0,-
2026-07-30 08:33:02,4075.0,NONE,NONE,NONE,-7,NONE,0,-
2026-07-30 08:34:02,4076.0,NONE,NONE,NONE,-8,NONE,0,-
2026-07-30 08:35:02,4072.7,NONE,NONE,NONE,-50,NONE,0,-
2026-07-30 08:36:02,4074.5,NONE,NONE,NONE,-53,NONE,0,-
2026-07-30 08:37:02,4081.6,NONE,NONE,NONE,-59,NONE,0,-
2026-07-30 08:38:02,4089.9,BEARISH,NONE,NONE,-66,NONE,0,-
2026-07-30 08:39:02,4095.0,BEARISH,NONE,NONE,-72,SELL,1,ABRE SELL mom=64
2026-07-30 08:40:02,4088.1,NONE,NONE,NONE,-69,NONE,0,CIERRE TP mae=0 mom=64
2026-07-30 08:41:02,4084.8,NONE,NONE,NONE,-68,NONE,0,-
2026-07-30 08:42:02,4087.4,NONE,NONE,NONE,-69,NONE,0,-
2026-07-30 08:43:02,4091.1,NONE,NONE,NONE,-69,NONE,0,-
2026-07-30 08:44:02,4092.7,NONE,NONE,NONE,-70,NONE,0,-
2026-07-30 08:45:02,4089.0,NONE,NONE,NONE,-71,NONE,0,-
2026-07-30 08:46:02,4088.1,NONE,NONE,NONE,-75,NONE,0,-
2026-07-30 08:47:02,4084.4,NONE,NONE,NONE,-77,NONE,0,-
2026-07-30 08:48:02,4094.4,NONE,NONE,NONE,-80,NONE,0,-
2026-07-30 08:49:02,4094.4,NONE,NONE,NONE,-80,NONE,0,-
2026-07-30 08:50:02,4093.1,BEARISH,NONE,NONE,-75,NONE,0,-
2026-07-30 08:51:02,4093.2,NONE,NONE,NONE,-64,NONE,0,-
2026-07-30 08:52:02,4097.5,NONE,NONE,NONE,-73,NONE,0,-
2026-07-30 08:53:02,4097.5,NONE,NONE,NONE,-73,NONE,0,-
2026-07-30 08:54:02,4098.7,BEARISH,NONE,NONE,-81,NONE,0,-
2026-07-30 08:55:02,4100.2,BEARISH,NONE,NONE,-83,SELL,1,ABRE SELL mom=8
2026-07-30 08:56:02,4100.9,BEARISH,NONE,NONE,-88,SELL,1,-
2026-07-30 08:57:02,4101.4,BEARISH,NONE,NONE,-90,SELL,1,-
2026-07-30 08:58:02,4099.7,NONE,NONE,NONE,-92,NONE,0,-
2026-07-30 08:59:02,4104.2,NONE,NONE,NONE,-96,NONE,0,-
